// This file is autogenerated. See /text_converter/converter.py for the conversion file
#include "modding.h"
#include "ultra64.h"
#include "enums.h"
#include "common_structs.h"
u8 text_0[] = {
	0x21, 0x1, 0x1, 0x1, 0x0, 0x0, 0x0, 0x0, 0x0, 0x1e, 0x0, 0x0, 0x0, 0x0, 0x0, 0x0, 
	0x3, 0x1, 0x2, 0x0, 0x0, 0x0, 0x1e, 0x0, 0x27, 0x0, 0x0, 0x0, 0x0, 0x0, 0x45, 0x0, 
	0x5, 0x0, 0x0, 0x0, 0x0, 0x0, 0x0, 0x2, 0x1, 0x0, 0x6e, 0x0, 0x0, 0x0, 0x0, 0x0, 
	0x0, 0x1, 0x1, 0x0, 0x0, 0x0, 0x4a, 0x0, 0x16, 0x0, 0x0, 0x0, 0x0, 0x0, 0x0, 0x3, 
	0x1, 0x2, 0x0, 0x0, 0x0, 0x60, 0x0, 0x44, 0x0, 0x0, 0x0, 0x0, 0x0, 0xa4, 0x0, 0x5, 
	0x0, 0x0, 0x0, 0x0, 0x0, 0x0, 0x2, 0x1, 0x0, 0x6e, 0x0, 0x0, 0x0, 0x0, 0x0, 0x0, 
	0x1, 0x1, 0x0, 0x0, 0x0, 0xa9, 0x0, 0x16, 0x0, 0x0, 0x0, 0x0, 0x0, 0x0, 0x3, 0x1, 
	0x2, 0x0, 0x0, 0x0, 0xbf, 0x0, 0x2c, 0x0, 0x0, 0x0, 0x0, 0x0, 0xeb, 0x0, 0x5, 0x0, 
	0x0, 0x0, 0x0, 0x0, 0x0, 0x2, 0x1, 0x0, 0x6e, 0x0, 0x0, 0x0, 0x0, 0x0, 0x0, 0x1, 
	0x1, 0x0, 0x0, 0x0, 0xf0, 0x0, 0x1c, 0x0, 0x0, 0x0, 0x0, 0x0, 0x0, 0x1, 0x1, 0x1, 
	0x0, 0x0, 0x1, 0xc, 0x0, 0x9, 0x0, 0x0, 0x0, 0x0, 0x0, 0x0, 0x1, 0x1, 0x1, 0x0, 
	0x0, 0x1, 0x15, 0x0, 0x8, 0x0, 0x0, 0x0, 0x0, 0x0, 0x0, 0x1, 0x1, 0x1, 0x0, 0x0, 
	0x1, 0x1d, 0x0, 0x1c, 0x0, 0x0, 0x0, 0x0, 0x0, 0x0, 0x1, 0x1, 0x1, 0x0, 0x0, 0x1, 
	0x39, 0x0, 0xd, 0x0, 0x0, 0x0, 0x0, 0x0, 0x0, 0x1, 0x1, 0x1, 0x0, 0x0, 0x1, 0x46, 
	0x0, 0x2e, 0x0, 0x0, 0x0, 0x0, 0x0, 0x0, 0x3, 0x1, 0x2, 0x0, 0x0, 0x1, 0x74, 0x0, 
	0x1b, 0x0, 0x0, 0x0, 0x0, 0x1, 0x8f, 0x0, 0x22, 0x0, 0x0, 0x0, 0x0, 0x0, 0x0, 0x2, 
	0x1, 0x0, 0x6e, 0x0, 0x0, 0x0, 0x0, 0x0, 0x0, 0x1, 0x1, 0x0, 0x0, 0x1, 0xb1, 0x0, 
	0x3c, 0x0, 0x0, 0x0, 0x0, 0x0, 0x0, 0x3, 0x1, 0x1, 0x0, 0x0, 0x1, 0xed, 0x0, 0x14, 
	0x0, 0x0, 0x0, 0x0, 0x0, 0x0, 0x2, 0x1, 0x0, 0x6e, 0x0, 0x0, 0x0, 0x0, 0x0, 0x0, 
	0x1, 0x1, 0x0, 0x0, 0x2, 0x1, 0x0, 0x18, 0x0, 0x0, 0x0, 0x0, 0x0, 0x0, 0x3, 0x1, 
	0x2, 0x0, 0x0, 0x2, 0x19, 0x0, 0x3e, 0x0, 0x0, 0x0, 0x0, 0x2, 0x57, 0x0, 0x5, 0x0, 
	0x0, 0x0, 0x0, 0x0, 0x0, 0x2, 0x1, 0x0, 0x6e, 0x0, 0x0, 0x0, 0x0, 0x0, 0x0, 0x1, 
	0x1, 0x0, 0x0, 0x2, 0x5c, 0x0, 0x39, 0x0, 0x0, 0x0, 0x0, 0x0, 0x0, 0x3, 0x1, 0x2, 
	0x0, 0x0, 0x2, 0x95, 0x0, 0x2b, 0x0, 0x0, 0x0, 0x0, 0x2, 0xc0, 0x0, 0x5, 0x0, 0x0, 
	0x0, 0x0, 0x0, 0x0, 0x2, 0x1, 0x0, 0x6e, 0x0, 0x0, 0x0, 0x0, 0x0, 0x0, 0x1, 0x1, 
	0x0, 0x0, 0x2, 0xc5, 0x0, 0x16, 0x0, 0x0, 0x0, 0x0, 0x0, 0x0, 0x5, 0x1, 0x2, 0x0, 
	0x0, 0x2, 0xdb, 0x0, 0x21, 0x0, 0x0, 0x0, 0x0, 0x2, 0xfc, 0x0, 0x6, 0x0, 0x0, 0x0, 
	0x0, 0x0, 0x0, 0x2, 0x1, 0x0, 0x6e, 0x0, 0x0, 0x0, 0x0, 0x0, 0x0, 0x1, 0x1, 0x0, 
	0x0, 0x3, 0x2, 0x0, 0xe, 0x0, 0x0, 0x0, 0x0, 0x0, 0x0, 0x2, 0x1, 0x0, 0x6f, 0x0, 
	0x0, 0x0, 0x0, 0x0, 0x0, 0x1, 0x1, 0x0, 0x0, 0x3, 0x10, 0x0, 0x10, 0x0, 0x0, 0x0, 
	0x0, 0x0, 0x0, 0x1, 0x1, 0x1, 0x0, 0x0, 0x3, 0x20, 0x0, 0x36, 0x0, 0x0, 0x0, 0x0, 
	0x0, 0x0, 0x1, 0x1, 0x1, 0x0, 0x0, 0x3, 0x56, 0x0, 0x28, 0x0, 0x0, 0x0, 0x0, 0x0, 
	0x0, 0x3, 0x1, 0x1, 0x0, 0x0, 0x3, 0x7e, 0x0, 0x20, 0x0, 0x0, 0x0, 0x0, 0x0, 0x0, 
	0x2, 0x1, 0x0, 0x6f, 0x0, 0x0, 0x0, 0x0, 0x0, 0x0, 0x1, 0x1, 0x0, 0x0, 0x3, 0x9e, 
	0x0, 0xe, 0x0, 0x0, 0x0, 0x0, 0x0, 0x0, 0x1, 0x1, 0x1, 0x0, 0x0, 0x3, 0xac, 0x0, 
	0x34, 0x0, 0x0, 0x0, 0x0, 0x0, 0x0, 0x1, 0x1, 0x1, 0x0, 0x0, 0x3, 0xe0, 0x0, 0x3f, 
	0x0, 0x0, 0x0, 0x0, 0x0, 0x0, 0x1, 0x1, 0x1, 0x0, 0x0, 0x4, 0x1f, 0x0, 0x34, 0x0, 
	0x0, 0x0, 0x0, 0x0, 0x0, 0x7, 0x1, 0x2, 0x0, 0x0, 0x4, 0x53, 0x0, 0x1b, 0x0, 0x0, 
	0x0, 0x0, 0x4, 0x6e, 0x0, 0x14, 0x0, 0x0, 0x0, 0x0, 0x0, 0x0, 0x2, 0x1, 0x0, 0x70, 
	0x0, 0x0, 0x0, 0x0, 0x0, 0x0, 0x1, 0x1, 0x0, 0x0, 0x4, 0x82, 0x0, 0x12, 0x0, 0x0, 
	0x0, 0x0, 0x0, 0x0, 0x2, 0x1, 0x0, 0x6f, 0x0, 0x0, 0x0, 0x0, 0x0, 0x0, 0x1, 0x1, 
	0x0, 0x0, 0x4, 0x94, 0x0, 0x1e, 0x0, 0x0, 0x0, 0x0, 0x0, 0x0, 0x2, 0x1, 0x0, 0x6b, 
	0x0, 0x0, 0x0, 0x0, 0x0, 0x0, 0x1, 0x2, 0x0, 0x0, 0x4, 0xb2, 0x0, 0x13, 0x0, 0x0, 
	0x0, 0x0, 0x4, 0xc5, 0x0, 0xe, 0x0, 0x0, 0x0, 0x0, 0x0, 0x0, 0x1, 0x1, 0x1, 0x0, 
	0x0, 0x4, 0xd3, 0x0, 0x3a, 0x0, 0x0, 0x0, 0x0, 0x0, 0x0, 0x1, 0x1, 0x1, 0x0, 0x0, 
	0x5, 0xd, 0x0, 0x3b, 0x0, 0x0, 0x0, 0x0, 0x0, 0x0, 0x1, 0x1, 0x1, 0x0, 0x0, 0x5, 
	0x48, 0x0, 0x41, 0x0, 0x0, 0x0, 0x0, 0x0, 0x0, 0x1, 0x1, 0x1, 0x0, 0x0, 0x5, 0x89, 
	0x0, 0x3d, 0x0, 0x0, 0x0, 0x0, 0x0, 0x0, 0x1, 0x1, 0x1, 0x0, 0x0, 0x5, 0xc6, 0x0, 
	0x15, 0x0, 0x0, 0x0, 0x0, 0x0, 0x0, 0x1, 0x1, 0x1, 0x0, 0x0, 0x5, 0xdb, 0x0, 0x53, 
	0x0, 0x0, 0x0, 0x0, 0x0, 0x0, 0x1, 0x1, 0x1, 0x0, 0x0, 0x6, 0x2e, 0x0, 0x59, 0x0, 
	0x0, 0x0, 0x0, 0x0, 0x0, 0x1, 0x1, 0x1, 0x0, 0x0, 0x6, 0x87, 0x0, 0x3e, 0x0, 0x0, 
	0x0, 0x0, 0x0, 0x0, 0x1, 0x1, 0x1, 0x0, 0x0, 0x6, 0xc5, 0x0, 0x5f, 0x0, 0x0, 0x0, 
	0x0, 0x0, 0x0, 0x1, 0x1, 0x1, 0x0, 0x0, 0x7, 0x24, 0x0, 0x4a, 0x0, 0x0, 0x0, 0x0, 
	0x0, 0x0, 0x1, 0x1, 0x1, 0x0, 0x0, 0x7, 0x6e, 0x0, 0x3b, 0x0, 0x0, 0x0, 0x0, 0x0, 
	0x0, 0x1, 0x1, 0x1, 0x0, 0x0, 0x7, 0xa9, 0x0, 0x34, 0x0, 0x0, 0x0, 0x0, 0x0, 0x0, 
	0x7, 0xdd, 0xa1, 0x42, 0x49, 0x45, 0x4e, 0x56, 0x45, 0x4e, 0x49, 0x44, 0x4f, 0x20, 0x41, 0x4c, 
	0x20, 0x4e, 0x49, 0x56, 0x45, 0x4c, 0x20, 0x44, 0x45, 0x20, 0x42, 0x4f, 0x4e, 0x55, 0x53, 0x21, 
	0xa1, 0x47, 0x4f, 0x4c, 0x50, 0x45, 0x41, 0x20, 0x41, 0x20, 0x54, 0x41, 0x4e, 0x54, 0x4f, 0x53, 
	0x20, 0x4b, 0x52, 0x45, 0x4d, 0x4c, 0x49, 0x4e, 0x47, 0x53, 0x20, 0x43, 0x4f, 0x4d, 0x4f, 0x20, 
	0x50, 0x55, 0x45, 0x44, 0x41, 0x53, 0x21, 0x50, 0x55, 0x4c, 0x53, 0x41, 0x50, 0x41, 0x52, 0x41, 
	0x20, 0x44, 0x49, 0x53, 0x50, 0x41, 0x52, 0x41, 0x52, 0x20, 0x53, 0x41, 0x4e, 0x44, 0xcd, 0x41, 
	0x53, 0x2e, 0x48, 0x41, 0x5a, 0x20, 0x51, 0x55, 0x45, 0x20, 0x4c, 0x41, 0x53, 0x20, 0x54, 0x4f, 
	0x52, 0x54, 0x55, 0x47, 0x41, 0x53, 0x20, 0x47, 0x49, 0x52, 0x45, 0x4e, 0x20, 0x41, 0x4c, 0x49, 
	0x4d, 0x45, 0x4e, 0x54, 0x41, 0x4e, 0x44, 0x4f, 0x20, 0x41, 0x20, 0x4c, 0x41, 0x53, 0x20, 0x53, 
	0x45, 0x52, 0x50, 0x49, 0x45, 0x4e, 0x54, 0x45, 0x53, 0x20, 0x43, 0x4f, 0x4e, 0x20, 0x53, 0x41, 
	0x4e, 0x44, 0xcd, 0x41, 0x53, 0x2e, 0x50, 0x55, 0x4c, 0x53, 0x41, 0x50, 0x41, 0x52, 0x41, 0x20, 
	0x44, 0x49, 0x53, 0x50, 0x41, 0x52, 0x41, 0x52, 0x20, 0x53, 0x41, 0x4e, 0x44, 0xcd, 0x41, 0x53, 
	0x2e, 0xa1, 0x41, 0x4c, 0x49, 0x4e, 0x45, 0x41, 0x20, 0x43, 0x55, 0x41, 0x54, 0x52, 0x4f, 0x20, 
	0x42, 0x41, 0x4e, 0x41, 0x4e, 0x41, 0x53, 0x20, 0x50, 0x41, 0x52, 0x41, 0x20, 0x47, 0x41, 0x4e, 
	0x41, 0x52, 0x20, 0x45, 0x4c, 0x20, 0x50, 0x52, 0x45, 0x4d, 0x49, 0x4f, 0x21, 0x50, 0x55, 0x4c, 
	0x53, 0x41, 0x50, 0x41, 0x52, 0x41, 0x20, 0x48, 0x41, 0x43, 0x45, 0x52, 0x20, 0x47, 0x49, 0x52, 
	0x41, 0x52, 0x20, 0x4c, 0x41, 0x53, 0x20, 0x43, 0x49, 0x4e, 0x54, 0x41, 0x53, 0x2e, 0xa1, 0x52, 
	0x45, 0x43, 0x41, 0x52, 0x47, 0x41, 0x21, 0xa1, 0x52, 0xc1, 0x50, 0x49, 0x44, 0x4f, 0x21, 0xa1, 
	0x43, 0x4f, 0x4e, 0x54, 0x49, 0x4e, 0xda, 0x41, 0x2c, 0x20, 0x43, 0x41, 0x53, 0x49, 0x20, 0x48, 
	0x41, 0x53, 0x20, 0x4c, 0x4c, 0x45, 0x47, 0x41, 0x44, 0x4f, 0x21, 0xa1, 0x45, 0x4e, 0x48, 0x4f, 
	0x52, 0x41, 0x42, 0x55, 0x45, 0x4e, 0x41, 0x21, 0xa1, 0x4f, 0x48, 0x2c, 0x20, 0x4d, 0x41, 0x4c, 
	0x41, 0x20, 0x53, 0x55, 0x45, 0x52, 0x54, 0x45, 0x21, 0x20, 0x43, 0x41, 0x53, 0x49, 0x20, 0x4c, 
	0x4f, 0x20, 0x48, 0x41, 0x42, 0xcd, 0x41, 0x53, 0x20, 0x43, 0x4f, 0x4e, 0x53, 0x45, 0x47, 0x55, 
	0x49, 0x44, 0x4f, 0x2e, 0x2e, 0x2e, 0x44, 0x49, 0x53, 0x50, 0x41, 0x52, 0x41, 0x20, 0x41, 0x20, 
	0x4c, 0x41, 0x20, 0x42, 0x41, 0x4e, 0x41, 0x4e, 0x41, 0x20, 0x44, 0x4f, 0x52, 0x41, 0x44, 0x41, 
	0x2e, 0xa1, 0x49, 0x4e, 0x54, 0x45, 0x4e, 0x54, 0x41, 0x20, 0x4e, 0x4f, 0x20, 0x53, 0x41, 0x43, 
	0x55, 0x44, 0x49, 0x52, 0x20, 0x41, 0x20, 0x4e, 0x49, 0x4e, 0x47, 0xda, 0x4e, 0x20, 0x4b, 0x4f, 
	0x4e, 0x47, 0x21, 0x50, 0x41, 0x52, 0x41, 0x20, 0x44, 0x49, 0x53, 0x50, 0x41, 0x52, 0x41, 0x52, 
	0x20, 0x4c, 0x41, 0x53, 0x20, 0x53, 0x41, 0x4e, 0x44, 0xcd, 0x41, 0x53, 0x2c, 0x20, 0x59, 0x20, 
	0x47, 0x4f, 0x4c, 0x50, 0x45, 0x41, 0x20, 0x4c, 0x41, 0x20, 0x53, 0x41, 0x4e, 0x44, 0xcd, 0x41, 
	0x20, 0x50, 0x41, 0x52, 0x41, 0x20, 0x52, 0x45, 0x43, 0x41, 0x52, 0x47, 0x41, 0x52, 0x2e, 0xa1, 
	0x41, 0x50, 0x4c, 0x41, 0x53, 0x54, 0x41, 0x20, 0x4c, 0x41, 0x53, 0x20, 0x4d, 0x4f, 0x53, 0x43, 
	0x41, 0x53, 0x21, 0x50, 0x41, 0x52, 0x41, 0x20, 0x55, 0x53, 0x41, 0x52, 0x20, 0x45, 0x4c, 0x20, 
	0x4d, 0x41, 0x54, 0x41, 0x4d, 0x4f, 0x53, 0x43, 0x41, 0x53, 0x2e, 0xa1, 0x44, 0x49, 0x53, 0x50, 
	0x41, 0x52, 0x41, 0x20, 0x41, 0x20, 0x4c, 0x4f, 0x53, 0x20, 0x4b, 0x4c, 0x41, 0x50, 0x54, 0x52, 
	0x41, 0x50, 0x53, 0x20, 0x50, 0x41, 0x52, 0x41, 0x20, 0x44, 0x45, 0x53, 0x50, 0x45, 0x4a, 0x41, 
	0x52, 0x20, 0x45, 0x4c, 0x20, 0x43, 0x41, 0x4d, 0x49, 0x4e, 0x4f, 0x20, 0x44, 0x45, 0x20, 0x4c, 
	0x41, 0x53, 0x20, 0x48, 0x41, 0x44, 0x41, 0x53, 0x21, 0x50, 0x55, 0x4c, 0x53, 0x41, 0x50, 0x41, 
	0x52, 0x41, 0x20, 0x44, 0x49, 0x53, 0x50, 0x41, 0x52, 0x41, 0x52, 0x20, 0x53, 0x41, 0x4e, 0x44, 
	0xcd, 0x41, 0x53, 0x2c, 0x20, 0x59, 0x20, 0x47, 0x4f, 0x4c, 0x50, 0x45, 0x41, 0x20, 0x55, 0x4e, 
	0x41, 0x20, 0x53, 0x41, 0x4e, 0x44, 0xcd, 0x41, 0x20, 0x50, 0x41, 0x52, 0x41, 0x20, 0x52, 0x45, 
	0x43, 0x41, 0x52, 0x47, 0x41, 0x52, 0x2e, 0xa1, 0x45, 0x4e, 0x43, 0x55, 0x45, 0x4e, 0x54, 0x52, 
	0x41, 0x20, 0x59, 0x20, 0x44, 0x49, 0x53, 0x50, 0x41, 0x52, 0x41, 0x20, 0x41, 0x20, 0x54, 0x4f, 
	0x44, 0x4f, 0x53, 0x20, 0x4c, 0x4f, 0x53, 0x20, 0x4b, 0x4c, 0x41, 0x50, 0x54, 0x52, 0x41, 0x50, 
	0x53, 0x21, 0x50, 0x55, 0x4c, 0x53, 0x41, 0x50, 0x41, 0x52, 0x41, 0x20, 0x44, 0x49, 0x53, 0x50, 
	0x41, 0x52, 0x41, 0x52, 0x20, 0x53, 0x41, 0x4e, 0x44, 0xcd, 0x41, 0x53, 0x2e, 0xa1, 0x52, 0x45, 
	0xda, 0x4e, 0x45, 0x20, 0x41, 0x20, 0x4c, 0x4f, 0x53, 0x20, 0x43, 0x41, 0x53, 0x54, 0x4f, 0x52, 
	0x45, 0x53, 0x20, 0x45, 0x4e, 0x20, 0x45, 0x4c, 0x20, 0x46, 0x4f, 0x53, 0x4f, 0x21, 0xa1, 0x50, 
	0x55, 0x4c, 0x53, 0x41, 0x50, 0x41, 0x52, 0x41, 0x20, 0x53, 0x41, 0x4c, 0x54, 0x41, 0x52, 0x2c, 
	0x20, 0x59, 0x50, 0x41, 0x52, 0x41, 0x20, 0x41, 0x53, 0x55, 0x53, 0x54, 0x41, 0x52, 0x4c, 0x4f, 
	0x53, 0x21, 0xa1, 0x44, 0x45, 0x53, 0x54, 0x52, 0x55, 0x59, 0x45, 0x20, 0x41, 0x20, 0x54, 0x4f, 
	0x44, 0x4f, 0x53, 0x20, 0x4c, 0x4f, 0x53, 0x20, 0x4d, 0x41, 0x4c, 0x4f, 0x53, 0x20, 0x59, 0x20, 
	0x56, 0x45, 0x20, 0x50, 0x4f, 0x52, 0x20, 0x4c, 0x41, 0x20, 0x4c, 0xcd, 0x4e, 0x45, 0x41, 0x20, 
	0x44, 0x45, 0x20, 0x4d, 0x45, 0x54, 0x41, 0x21, 0xa1, 0x42, 0x55, 0x53, 0x43, 0x41, 0x20, 0x45, 
	0x4e, 0x20, 0x45, 0x4c, 0x20, 0x4c, 0x41, 0x42, 0x45, 0x52, 0x49, 0x4e, 0x54, 0x4f, 0x20, 0x4c, 
	0x41, 0x20, 0x4c, 0xcd, 0x4e, 0x45, 0x41, 0x20, 0x44, 0x45, 0x20, 0x4d, 0x45, 0x54, 0x41, 0x21, 
	0xa1, 0x53, 0x4f, 0x42, 0x52, 0x45, 0x56, 0x49, 0x56, 0x45, 0x20, 0x41, 0x20, 0x4c, 0x41, 0x20, 
	0x41, 0x43, 0x4f, 0x4d, 0x45, 0x54, 0x49, 0x44, 0x41, 0x21, 0x20, 0x50, 0x55, 0x4c, 0x53, 0x41, 
	0x50, 0x41, 0x52, 0x41, 0x20, 0x44, 0x49, 0x53, 0x50, 0x41, 0x52, 0x41, 0x52, 0x2e, 0xa1, 0x52, 
	0x45, 0x43, 0x4f, 0x47, 0x45, 0x20, 0x54, 0x4f, 0x44, 0x41, 0x53, 0x20, 0x4c, 0x41, 0x53, 0x20, 
	0x4d, 0x4f, 0x4e, 0x45, 0x44, 0x41, 0x53, 0x20, 0x59, 0x20, 0x4c, 0x55, 0x45, 0x47, 0x4f, 0x20, 
	0x56, 0x45, 0x20, 0x50, 0x4f, 0x52, 0x20, 0x4c, 0x41, 0x20, 0x42, 0x41, 0x4e, 0x44, 0x45, 0x52, 
	0x41, 0x21, 0xa1, 0x52, 0x45, 0x43, 0x4f, 0x47, 0x45, 0x20, 0x4c, 0x41, 0x53, 0x20, 0x4d, 0x4f, 
	0x4e, 0x45, 0x44, 0x41, 0x53, 0x2c, 0x20, 0x50, 0x45, 0x52, 0x4f, 0x20, 0x54, 0x45, 0x4e, 0x20, 
	0x43, 0x55, 0x49, 0x44, 0x41, 0x44, 0x4f, 0x20, 0x43, 0x4f, 0x4e, 0x20, 0x4c, 0x41, 0x53, 0x20, 
	0x45, 0x53, 0x54, 0x52, 0x45, 0x4c, 0x4c, 0x41, 0x53, 0x20, 0x44, 0x45, 0x20, 0x4d, 0x41, 0x52, 
	0x21, 0xa1, 0x53, 0x41, 0x4c, 0x54, 0x41, 0x20, 0x53, 0x4f, 0x42, 0x52, 0x45, 0x20, 0x4c, 0x4f, 
	0x53, 0x20, 0xc1, 0x52, 0x42, 0x4f, 0x4c, 0x45, 0x53, 0x20, 0x59, 0x20, 0x52, 0x45, 0x43, 0x4f, 
	0x47, 0x45, 0x20, 0x54, 0x4f, 0x44, 0x41, 0x53, 0x20, 0x4c, 0x41, 0x53, 0x20, 0x4d, 0x4f, 0x4e, 
	0x45, 0x44, 0x41, 0x53, 0x21, 0xa1, 0x45, 0x53, 0x51, 0x55, 0x49, 0x56, 0x41, 0x20, 0x4c, 0x4f, 
	0x53, 0x20, 0x43, 0x41, 0x52, 0x52, 0x4f, 0x53, 0x20, 0x44, 0x45, 0x20, 0x54, 0x4e, 0x54, 0x21, 
	0x50, 0x41, 0x52, 0x41, 0x20, 0x41, 0x43, 0x45, 0x4c, 0x45, 0x52, 0x41, 0x52, 0x2c, 0x20, 0x50, 
	0x55, 0x4c, 0x53, 0x41, 0x50, 0x41, 0x52, 0x41, 0x20, 0x46, 0x52, 0x45, 0x4e, 0x41, 0x52, 0x2c, 
	0x20, 0x50, 0x55, 0x4c, 0x53, 0x41, 0x50, 0x41, 0x52, 0x41, 0x20, 0x43, 0x41, 0x4d, 0x42, 0x49, 
	0x41, 0x52, 0x20, 0x4c, 0x41, 0x53, 0x20, 0x56, 0xcd, 0x41, 0x53, 0x2c, 0x20, 0x55, 0x54, 0x49, 
	0x4c, 0x49, 0x5a, 0x41, 0x45, 0x4e, 0x20, 0x43, 0x55, 0x41, 0x4c, 0x51, 0x55, 0x49, 0x45, 0x52, 
	0x20, 0x43, 0x52, 0x55, 0x43, 0x45, 0x2e, 0xa1, 0x42, 0x55, 0x45, 0x4e, 0x41, 0x20, 0x53, 0x55, 
	0x45, 0x52, 0x54, 0x45, 0x21, 0xa1, 0x56, 0x45, 0x4e, 0x47, 0x41, 0x2c, 0x20, 0x7e, 0x2c, 0x20, 
	0x53, 0x41, 0x4c, 0x54, 0x41, 0x20, 0x45, 0x4e, 0x20, 0x45, 0x4c, 0x20, 0x42, 0x41, 0x52, 0x52, 
	0x49, 0x4c, 0x20, 0x42, 0x4f, 0x4d, 0x42, 0x41, 0x20, 0x59, 0x20, 0x41, 0x43, 0x49, 0x45, 0x52, 
	0x54, 0x41, 0x20, 0x41, 0x20, 0x33, 0x20, 0x42, 0x4c, 0x41, 0x4e, 0x43, 0x4f, 0x53, 0x21, 0xa1, 
	0x56, 0x41, 0x4d, 0x4f, 0x53, 0x2c, 0x20, 0x7e, 0x2c, 0x20, 0x55, 0x54, 0x49, 0x4c, 0x49, 0x5a, 
	0x41, 0x20, 0x4c, 0x41, 0x53, 0x20, 0x53, 0x45, 0x54, 0x41, 0x53, 0x20, 0x50, 0x41, 0x52, 0x41, 
	0x20, 0x53, 0x41, 0x4c, 0x54, 0x41, 0x52, 0x20, 0x50, 0x4f, 0x52, 0x20, 0x4c, 0x41, 0x53, 0x20, 
	0x45, 0x53, 0x54, 0x52, 0x45, 0x4c, 0x4c, 0x41, 0x53, 0x21, 0xa1, 0x47, 0x4f, 0x4c, 0x50, 0x45, 
	0x41, 0x20, 0x41, 0x4c, 0x20, 0x4b, 0x52, 0x45, 0x4d, 0x4c, 0x49, 0x4e, 0x47, 0x20, 0x51, 0x55, 
	0x45, 0x20, 0x41, 0x43, 0x54, 0x49, 0x56, 0xd3, 0x20, 0x45, 0x4c, 0x20, 0x49, 0x4e, 0x54, 0x45, 
	0x52, 0x52, 0x55, 0x50, 0x54, 0x4f, 0x52, 0x20, 0x59, 0x20, 0x4c, 0x55, 0x45, 0x47, 0x4f, 0x20, 
	0x50, 0x52, 0x45, 0x53, 0x49, 0xd3, 0x4e, 0x41, 0x4c, 0x4f, 0x21, 0xa1, 0x56, 0x55, 0x45, 0x4c, 
	0x41, 0x20, 0x59, 0x20, 0x44, 0x49, 0x53, 0x50, 0x41, 0x52, 0x41, 0x20, 0x41, 0x20, 0x34, 0x20, 
	0x49, 0x4e, 0x54, 0x45, 0x52, 0x52, 0x55, 0x50, 0x54, 0x4f, 0x52, 0x45, 0x53, 0x20, 0x50, 0x41, 
	0x52, 0x41, 0x20, 0x4f, 0x42, 0x54, 0x45, 0x4e, 0x45, 0x52, 0x20, 0x55, 0x4e, 0x41, 0x20, 0x53, 
	0x4f, 0x52, 0x50, 0x52, 0x45, 0x53, 0x41, 0x21, 0xa1, 0x44, 0x45, 0x52, 0x52, 0x49, 0x42, 0x41, 
	0x20, 0x4c, 0x4f, 0x53, 0x20, 0x5a, 0x49, 0x4e, 0x47, 0x45, 0x52, 0x53, 0x21, 0xa1, 0x53, 0x41, 
	0x4c, 0x54, 0x41, 0x20, 0x41, 0x20, 0x54, 0x52, 0x41, 0x56, 0xc9, 0x53, 0x20, 0x44, 0x45, 0x20, 
	0x33, 0x20, 0x45, 0x53, 0x54, 0x52, 0x45, 0x4c, 0x4c, 0x41, 0x53, 0x20, 0x53, 0x49, 0x4e, 0x20, 
	0x54, 0x4f, 0x43, 0x41, 0x52, 0x20, 0x45, 0x4c, 0x20, 0x53, 0x55, 0x45, 0x4c, 0x4f, 0x20, 0x59, 
	0x20, 0x45, 0x4e, 0x54, 0x4f, 0x4e, 0x43, 0x45, 0x53, 0x20, 0x47, 0x4f, 0x4c, 0x50, 0x45, 0x41, 
	0x20, 0x45, 0x4c, 0x20, 0x49, 0x4e, 0x54, 0x45, 0x52, 0x52, 0x55, 0x50, 0x54, 0x4f, 0x52, 0x21, 
	0xa1, 0x56, 0x41, 0x4d, 0x4f, 0x53, 0x2c, 0x20, 0x7e, 0x2c, 0x20, 0x44, 0x45, 0x53, 0x44, 0x45, 
	0x20, 0x45, 0x4c, 0x20, 0x50, 0x4f, 0x44, 0x49, 0x4f, 0x20, 0x55, 0x54, 0x49, 0x4c, 0x49, 0x5a, 
	0x41, 0x20, 0x4c, 0x41, 0x20, 0x4d, 0x49, 0x52, 0x49, 0x4c, 0x4c, 0x41, 0x20, 0x44, 0x45, 0x4c, 
	0x20, 0x46, 0x52, 0x41, 0x4e, 0x43, 0x4f, 0x54, 0x49, 0x52, 0x41, 0x44, 0x4f, 0x52, 0x20, 0x50, 
	0x41, 0x52, 0x41, 0x20, 0x44, 0x49, 0x53, 0x50, 0x41, 0x52, 0x41, 0x52, 0x20, 0x41, 0x20, 0x4c, 
	0x4f, 0x53, 0x20, 0x4d, 0x41, 0x4c, 0x4f, 0x53, 0x21, 0xa1, 0x54, 0x45, 0x20, 0x47, 0x55, 0x53, 
	0x54, 0x41, 0x52, 0xc1, 0x20, 0x45, 0x53, 0x54, 0x4f, 0x2c, 0x20, 0x7e, 0x21, 0x20, 0xa1, 0x45, 
	0x4e, 0x43, 0x55, 0x45, 0x4e, 0x54, 0x52, 0x41, 0x20, 0x41, 0x4c, 0x20, 0x4b, 0x52, 0x45, 0x4d, 
	0x4c, 0x49, 0x4e, 0x47, 0x20, 0x4f, 0x43, 0x55, 0x4c, 0x54, 0x4f, 0x20, 0x59, 0x20, 0x47, 0x4f, 
	0x4c, 0x50, 0xc9, 0x41, 0x4c, 0x4f, 0x21, 0xa1, 0x56, 0x41, 0x59, 0x41, 0x2c, 0x20, 0x45, 0x53, 
	0x20, 0x52, 0x41, 0x4d, 0x42, 0x49, 0x21, 0x20, 0xa1, 0x56, 0x45, 0x20, 0x41, 0x20, 0x53, 0x41, 
	0x43, 0x55, 0x44, 0x49, 0x52, 0x20, 0x41, 0x20, 0x41, 0x4c, 0x47, 0x55, 0x4e, 0x4f, 0x53, 0x20, 
	0x4b, 0x52, 0x45, 0x4d, 0x4c, 0x49, 0x4e, 0x47, 0x53, 0x2c, 0x20, 0x50, 0x45, 0x52, 0x4f, 0x20, 
	0x54, 0x45, 0x4e, 0x20, 0x43, 0x55, 0x49, 0x44, 0x41, 0x44, 0x4f, 0x20, 0x43, 0x4f, 0x4e, 0x20, 
	0x4c, 0x41, 0x53, 0x20, 0x43, 0x41, 0x52, 0x47, 0x41, 0x53, 0x20, 0x44, 0x45, 0x20, 0x45, 0x4e, 
	0x45, 0x52, 0x47, 0xcd, 0x41, 0x21, 0xa1, 0x47, 0x4f, 0x4c, 0x50, 0x45, 0x41, 0x20, 0x45, 0x4c, 
	0x20, 0x49, 0x4e, 0x54, 0x45, 0x52, 0x52, 0x55, 0x50, 0x54, 0x4f, 0x52, 0x20, 0x45, 0x53, 0x43, 
	0x4f, 0x4e, 0x44, 0x49, 0x44, 0x4f, 0x20, 0x45, 0x4e, 0x20, 0x45, 0x4c, 0x20, 0x4c, 0x41, 0x42, 
	0x45, 0x52, 0x49, 0x4e, 0x54, 0x4f, 0x2c, 0x20, 0x4c, 0x55, 0x45, 0x47, 0x4f, 0x20, 0x41, 0x4c, 
	0x43, 0x41, 0x4e, 0x5a, 0x41, 0x20, 0x4c, 0x41, 0x20, 0x53, 0x41, 0x4c, 0x49, 0x44, 0x41, 0x21, 
	0xa1, 0x41, 0x43, 0x49, 0x45, 0x52, 0x54, 0x41, 0x20, 0x41, 0x20, 0x4c, 0x4f, 0x53, 0x20, 0x42, 
	0x4c, 0x41, 0x4e, 0x43, 0x4f, 0x53, 0x20, 0x4d, 0xd3, 0x56, 0x49, 0x4c, 0x45, 0x53, 0x20, 0x50, 
	0x41, 0x52, 0x41, 0x20, 0x41, 0x55, 0x4d, 0x45, 0x4e, 0x54, 0x41, 0x52, 0x20, 0x54, 0x55, 0x20, 
	0x50, 0x55, 0x4e, 0x54, 0x55, 0x41, 0x43, 0x49, 0xd3, 0x4e, 0x21, 0xa1, 0x4e, 0x41, 0x44, 0x41, 
	0x20, 0x50, 0x4f, 0x52, 0x20, 0x4c, 0x41, 0x53, 0x20, 0x45, 0x53, 0x54, 0x52, 0x45, 0x4c, 0x4c, 
	0x41, 0x53, 0x20, 0x50, 0x41, 0x52, 0x41, 0x20, 0x41, 0x55, 0x4d, 0x45, 0x4e, 0x54, 0x41, 0x52, 
	0x20, 0x54, 0x55, 0x20, 0x50, 0x55, 0x4e, 0x54, 0x55, 0x41, 0x43, 0x49, 0xd3, 0x4e, 0x21, 
};
u8 text_1[] = {
	0x37, 0x1, 0x1, 0x1, 0x0, 0x0, 0x0, 0x0, 0x0, 0x36, 0x0, 0x0, 0x0, 0x0, 0x0, 0x0, 
	0x1, 0x1, 0x1, 0x0, 0x0, 0x0, 0x36, 0x0, 0x4e, 0x0, 0x0, 0x0, 0x0, 0x0, 0x0, 0x1, 
	0x1, 0x1, 0x0, 0x0, 0x0, 0x84, 0x0, 0x18, 0x0, 0x0, 0x0, 0x0, 0x0, 0x0, 0x1, 0x1, 
	0x1, 0x0, 0x0, 0x0, 0x9c, 0x0, 0x4d, 0x0, 0x0, 0x0, 0x0, 0x0, 0x0, 0x1, 0x1, 0x1, 
	0x0, 0x0, 0x0, 0xe9, 0x0, 0x52, 0x0, 0x0, 0x0, 0x0, 0x0, 0x0, 0x1, 0x1, 0x1, 0x0, 
	0x0, 0x1, 0x3b, 0x0, 0x5a, 0x0, 0x0, 0x0, 0x0, 0x0, 0x0, 0x1, 0x1, 0x1, 0x0, 0x0, 
	0x1, 0x95, 0x0, 0x54, 0x0, 0x0, 0x0, 0x0, 0x0, 0x0, 0x1, 0x1, 0x1, 0x0, 0x0, 0x1, 
	0xe9, 0x0, 0x14, 0x0, 0x0, 0x0, 0x0, 0x0, 0x0, 0x1, 0x1, 0x1, 0x0, 0x0, 0x1, 0xfd, 
	0x0, 0x27, 0x0, 0x0, 0x0, 0x0, 0x0, 0x0, 0x1, 0x1, 0x1, 0x0, 0x0, 0x2, 0x24, 0x0, 
	0x41, 0x0, 0x0, 0x0, 0x0, 0x0, 0x0, 0x1, 0x1, 0x1, 0x0, 0x0, 0x2, 0x65, 0x0, 0x2f, 
	0x0, 0x0, 0x0, 0x0, 0x0, 0x0, 0x1, 0x1, 0x1, 0x0, 0x0, 0x2, 0x94, 0x0, 0x20, 0x0, 
	0x0, 0x0, 0x0, 0x0, 0x0, 0x1, 0x1, 0x1, 0x0, 0x0, 0x2, 0xb4, 0x0, 0x43, 0x0, 0x0, 
	0x0, 0x0, 0x0, 0x0, 0x1, 0x1, 0x1, 0x0, 0x0, 0x2, 0xf7, 0x0, 0x42, 0x0, 0x0, 0x0, 
	0x0, 0x0, 0x0, 0x1, 0x1, 0x1, 0x0, 0x0, 0x3, 0x39, 0x0, 0x39, 0x0, 0x0, 0x0, 0x0, 
	0x0, 0x0, 0x1, 0x1, 0x1, 0x0, 0x0, 0x3, 0x72, 0x0, 0xe, 0x0, 0x0, 0x0, 0x0, 0x0, 
	0x0, 0x1, 0x1, 0x1, 0x0, 0x0, 0x3, 0x80, 0x0, 0x56, 0x0, 0x0, 0x0, 0x0, 0x0, 0x0, 
	0x1, 0x1, 0x1, 0x0, 0x0, 0x3, 0xd6, 0x0, 0x37, 0x0, 0x0, 0x0, 0x0, 0x0, 0x0, 0x1, 
	0x1, 0x1, 0x0, 0x0, 0x4, 0xd, 0x0, 0x4c, 0x0, 0x0, 0x0, 0x0, 0x0, 0x0, 0x1, 0x1, 
	0x1, 0x0, 0x0, 0x4, 0x59, 0x0, 0x50, 0x0, 0x0, 0x0, 0x0, 0x0, 0x0, 0x1, 0x1, 0x1, 
	0x0, 0x0, 0x4, 0xa9, 0x0, 0x2d, 0x0, 0x0, 0x0, 0x0, 0x0, 0x0, 0x1, 0x1, 0x1, 0x0, 
	0x0, 0x4, 0xd6, 0x0, 0x3b, 0x0, 0x0, 0x0, 0x0, 0x0, 0x0, 0x1, 0x1, 0x1, 0x0, 0x0, 
	0x5, 0x11, 0x0, 0x32, 0x0, 0x0, 0x0, 0x0, 0x0, 0x0, 0x1, 0x1, 0x1, 0x0, 0x0, 0x5, 
	0x43, 0x0, 0xf, 0x0, 0x0, 0x0, 0x0, 0x0, 0x0, 0x1, 0x1, 0x1, 0x0, 0x0, 0x5, 0x52, 
	0x0, 0x27, 0x0, 0x0, 0x0, 0x0, 0x0, 0x0, 0x1, 0x1, 0x1, 0x0, 0x0, 0x5, 0x79, 0x0, 
	0x19, 0x0, 0x0, 0x0, 0x0, 0x0, 0x0, 0x1, 0x1, 0x1, 0x0, 0x0, 0x5, 0x92, 0x0, 0x27, 
	0x0, 0x0, 0x0, 0x0, 0x0, 0x0, 0x1, 0x1, 0x1, 0x0, 0x0, 0x5, 0xb9, 0x0, 0x21, 0x0, 
	0x0, 0x0, 0x0, 0x0, 0x0, 0x1, 0x1, 0x1, 0x0, 0x0, 0x5, 0xda, 0x0, 0xd, 0x0, 0x0, 
	0x0, 0x0, 0x0, 0x0, 0x1, 0x1, 0x1, 0x0, 0x0, 0x5, 0xe7, 0x0, 0x20, 0x0, 0x0, 0x0, 
	0x0, 0x0, 0x0, 0x1, 0x1, 0x1, 0x0, 0x0, 0x6, 0x7, 0x0, 0x40, 0x0, 0x0, 0x0, 0x0, 
	0x0, 0x0, 0x1, 0x1, 0x1, 0x0, 0x0, 0x6, 0x47, 0x0, 0x34, 0x0, 0x0, 0x0, 0x0, 0x0, 
	0x0, 0x1, 0x1, 0x1, 0x0, 0x0, 0x6, 0x7b, 0x0, 0x3a, 0x0, 0x0, 0x0, 0x0, 0x0, 0x0, 
	0x1, 0x1, 0x1, 0x0, 0x0, 0x6, 0xb5, 0x0, 0x32, 0x0, 0x0, 0x0, 0x0, 0x0, 0x0, 0x1, 
	0x1, 0x1, 0x0, 0x0, 0x6, 0xe7, 0x0, 0x39, 0x0, 0x0, 0x0, 0x0, 0x0, 0x0, 0x1, 0x1, 
	0x1, 0x0, 0x0, 0x7, 0x20, 0x0, 0x25, 0x0, 0x0, 0x0, 0x0, 0x0, 0x0, 0x1, 0x1, 0x1, 
	0x0, 0x0, 0x7, 0x45, 0x0, 0x43, 0x0, 0x0, 0x0, 0x0, 0x0, 0x0, 0x1, 0x1, 0x1, 0x0, 
	0x0, 0x7, 0x88, 0x0, 0x34, 0x0, 0x0, 0x0, 0x0, 0x0, 0x0, 0x1, 0x1, 0x1, 0x0, 0x0, 
	0x7, 0xbc, 0x0, 0x3c, 0x0, 0x0, 0x0, 0x0, 0x0, 0x0, 0x1, 0x1, 0x1, 0x0, 0x0, 0x7, 
	0xf8, 0x0, 0x1e, 0x0, 0x0, 0x0, 0x0, 0x0, 0x0, 0x1, 0x1, 0x1, 0x0, 0x0, 0x8, 0x16, 
	0x0, 0x2d, 0x0, 0x0, 0x0, 0x0, 0x0, 0x0, 0x1, 0x1, 0x1, 0x0, 0x0, 0x8, 0x43, 0x0, 
	0x52, 0x0, 0x0, 0x0, 0x0, 0x0, 0x0, 0x1, 0x1, 0x1, 0x0, 0x0, 0x8, 0x95, 0x0, 0x41, 
	0x0, 0x0, 0x0, 0x0, 0x0, 0x0, 0x1, 0x1, 0x1, 0x0, 0x0, 0x8, 0xd6, 0x0, 0x56, 0x0, 
	0x0, 0x0, 0x0, 0x0, 0x0, 0x1, 0x1, 0x1, 0x0, 0x0, 0x9, 0x2c, 0x0, 0x25, 0x0, 0x0, 
	0x0, 0x0, 0x0, 0x0, 0x1, 0x1, 0x1, 0x0, 0x0, 0x9, 0x51, 0x0, 0x1f, 0x0, 0x0, 0x0, 
	0x0, 0x0, 0x0, 0x1, 0x1, 0x1, 0x0, 0x0, 0x9, 0x70, 0x0, 0x2a, 0x0, 0x0, 0x0, 0x0, 
	0x0, 0x0, 0x1, 0x1, 0x1, 0x0, 0x0, 0x9, 0x9a, 0x0, 0x15, 0x0, 0x0, 0x0, 0x0, 0x0, 
	0x0, 0x1, 0x1, 0x1, 0x0, 0x0, 0x9, 0xaf, 0x0, 0x25, 0x0, 0x0, 0x0, 0x0, 0x0, 0x0, 
	0x1, 0x1, 0x1, 0x0, 0x0, 0x9, 0xd4, 0x0, 0x3f, 0x0, 0x0, 0x0, 0x0, 0x0, 0x0, 0x1, 
	0x1, 0x1, 0x0, 0x0, 0xa, 0x13, 0x0, 0x4d, 0x0, 0x0, 0x0, 0x0, 0x0, 0x0, 0x1, 0x1, 
	0x1, 0x0, 0x0, 0xa, 0x60, 0x0, 0x23, 0x0, 0x0, 0x0, 0x0, 0x0, 0x0, 0x1, 0x1, 0x1, 
	0x0, 0x0, 0xa, 0x83, 0x0, 0x42, 0x0, 0x0, 0x0, 0x0, 0x0, 0x0, 0x1, 0x1, 0x1, 0x0, 
	0x0, 0xa, 0xc5, 0x0, 0x35, 0x0, 0x0, 0x0, 0x0, 0x0, 0x0, 0x1, 0x1, 0x1, 0x0, 0x0, 
	0xa, 0xfa, 0x0, 0x40, 0x0, 0x0, 0x0, 0x0, 0x0, 0x0, 0xb, 0x3a, 0x4b, 0x2e, 0x52, 0x4f, 
	0x4f, 0x4c, 0x3a, 0x56, 0x45, 0x41, 0x4d, 0x4f, 0x53, 0x20, 0x43, 0xd3, 0x4d, 0x4f, 0x20, 0x50, 
	0x52, 0x4f, 0x47, 0x52, 0x45, 0x53, 0x41, 0x20, 0x45, 0x53, 0x54, 0x45, 0x20, 0x4e, 0x45, 0x43, 
	0x49, 0x4f, 0x20, 0x44, 0x45, 0x20, 0x44, 0x4f, 0x4e, 0x4b, 0x45, 0x59, 0x20, 0x4b, 0x4f, 0x4e, 
	0x47, 0x2e, 0xa1, 0x45, 0x53, 0x20, 0x43, 0x49, 0x45, 0x52, 0x54, 0x4f, 0x2c, 0x20, 0x4d, 0x49, 
	0x20, 0x45, 0x53, 0x43, 0x41, 0x4d, 0x4f, 0x53, 0x4f, 0x20, 0x41, 0x4d, 0x49, 0x47, 0x4f, 0x2c, 
	0x20, 0x45, 0x4c, 0x20, 0x4d, 0x4f, 0x4e, 0x4f, 0x20, 0x4e, 0x4f, 0x20, 0x48, 0x41, 0x20, 0x43, 
	0x4f, 0x4e, 0x53, 0x45, 0x47, 0x55, 0x49, 0x44, 0x4f, 0x20, 0x41, 0xda, 0x4e, 0x20, 0x53, 0x55, 
	0x20, 0x50, 0x52, 0x49, 0x4d, 0x45, 0x52, 0x41, 0x20, 0x42, 0x41, 0x4e, 0x41, 0x4e, 0x41, 0x21, 
	0xbf, 0x51, 0x55, 0xc9, 0x3f, 0x20, 0xbf, 0x43, 0xd3, 0x4d, 0x4f, 0x20, 0x4c, 0x4f, 0x20, 0x48, 
	0x41, 0x20, 0x48, 0x45, 0x43, 0x48, 0x4f, 0x3f, 0xa1, 0x4d, 0x55, 0x59, 0x20, 0x42, 0x49, 0x45, 
	0x4e, 0x2c, 0x20, 0x44, 0x4f, 0x4e, 0x4b, 0x45, 0x59, 0x2c, 0x20, 0x50, 0x45, 0x52, 0x4f, 0x20, 
	0x4e, 0x45, 0x43, 0x45, 0x53, 0x49, 0x54, 0x41, 0x52, 0xc1, 0x53, 0x20, 0x41, 0x4c, 0x47, 0x4f, 
	0x20, 0x4d, 0xc1, 0x53, 0x20, 0x51, 0x55, 0x45, 0x20, 0x46, 0x55, 0x45, 0x52, 0x5a, 0x41, 0x20, 
	0x42, 0x52, 0x55, 0x54, 0x41, 0x20, 0x50, 0x41, 0x52, 0x41, 0x20, 0x44, 0x45, 0x54, 0x45, 0x4e, 
	0x45, 0x52, 0x4d, 0x45, 0x21, 0x4b, 0x2e, 0x52, 0x4f, 0x4f, 0x4c, 0x3a, 0x45, 0x53, 0x45, 0x20, 
	0x4d, 0x4f, 0x4e, 0x4f, 0x20, 0x59, 0x41, 0x20, 0x44, 0x45, 0x42, 0x45, 0x52, 0xcd, 0x41, 0x20, 
	0x48, 0x41, 0x42, 0x45, 0x52, 0x20, 0x53, 0x49, 0x44, 0x4f, 0x20, 0x41, 0x53, 0x41, 0x44, 0x4f, 
	0x20, 0x41, 0x20, 0x4c, 0x41, 0x20, 0x50, 0x41, 0x52, 0x52, 0x49, 0x4c, 0x4c, 0x41, 0x2e, 0x20, 
	0xbf, 0x44, 0xd3, 0x4e, 0x44, 0x45, 0x20, 0x45, 0x53, 0x54, 0xc1, 0x20, 0x41, 0x52, 0x4d, 0x59, 
	0x20, 0x44, 0x49, 0x4c, 0x4c, 0x4f, 0x3f, 0x41, 0x52, 0x4d, 0x59, 0x20, 0x44, 0x49, 0x4c, 0x4c, 
	0x4f, 0x3a, 0x45, 0x53, 0x54, 0x4f, 0x2e, 0x2e, 0x2e, 0x20, 0x4c, 0x4f, 0x20, 0x53, 0x49, 0x45, 
	0x4e, 0x54, 0x4f, 0x2c, 0x20, 0x4d, 0x41, 0x45, 0x53, 0x54, 0x52, 0x4f, 0x2c, 0x20, 0x45, 0x52, 
	0x41, 0x20, 0x4d, 0x55, 0x59, 0x20, 0x52, 0xc1, 0x50, 0x49, 0x44, 0x4f, 0x20, 0x50, 0x41, 0x52, 
	0x41, 0x20, 0x4d, 0xcd, 0x2e, 0x20, 0x4c, 0x4f, 0x20, 0x43, 0x4f, 0x47, 0x45, 0x52, 0xc9, 0x20, 
	0x4c, 0x41, 0x20, 0x50, 0x52, 0xd3, 0x58, 0x49, 0x4d, 0x41, 0x20, 0x56, 0x45, 0x5a, 0x2e, 0x2e, 
	0x2e, 0x4b, 0x2e, 0x52, 0x4f, 0x4f, 0x4c, 0x3a, 0xa1, 0x49, 0x4d, 0x42, 0xc9, 0x43, 0x49, 0x4c, 
	0x21, 0x20, 0x4e, 0x4f, 0x20, 0x4d, 0x45, 0x20, 0x47, 0x55, 0x53, 0x54, 0x41, 0x4e, 0x20, 0x4c, 
	0x4f, 0x53, 0x20, 0x46, 0x52, 0x41, 0x43, 0x41, 0x53, 0x4f, 0x53, 0x2e, 0x20, 0xbf, 0x53, 0x41, 
	0x42, 0x45, 0x53, 0x20, 0x4c, 0x4f, 0x20, 0x51, 0x55, 0x45, 0x20, 0x4c, 0x45, 0x53, 0x20, 0x50, 
	0x41, 0x53, 0x41, 0x20, 0x41, 0x20, 0x4c, 0x4f, 0x53, 0x20, 0x46, 0x52, 0x41, 0x43, 0x41, 0x53, 
	0x41, 0x44, 0x4f, 0x53, 0x3f, 0x41, 0x52, 0x4d, 0x59, 0x20, 0x44, 0x49, 0x4c, 0x4c, 0x4f, 0x3a, 
	0x47, 0x2d, 0x47, 0x55, 0x4c, 0x50, 0x2e, 0x2e, 0x2e, 0x4b, 0x2e, 0x4b, 0x4f, 0x4f, 0x4c, 0x3a, 
	0x48, 0x45, 0x20, 0x45, 0x53, 0x50, 0x45, 0x52, 0x41, 0x44, 0x4f, 0x20, 0x44, 0x45, 0x4d, 0x41, 
	0x53, 0x49, 0x41, 0x44, 0x4f, 0x20, 0x50, 0x41, 0x52, 0x41, 0x20, 0x45, 0x53, 0x54, 0x4f, 0x2e, 
	0x4e, 0x4f, 0x20, 0x44, 0x45, 0x4a, 0x41, 0x52, 0xc9, 0x20, 0x51, 0x55, 0x45, 0x20, 0x45, 0x53, 
	0x4f, 0x53, 0x20, 0x4d, 0x4f, 0x4e, 0x4f, 0x53, 0x20, 0x50, 0x55, 0x4c, 0x47, 0x4f, 0x53, 0x4f, 
	0x53, 0x20, 0x41, 0x52, 0x52, 0x55, 0x49, 0x4e, 0x45, 0x4e, 0x20, 0x4d, 0x49, 0x53, 0x20, 0x50, 
	0x4c, 0x41, 0x4e, 0x45, 0x53, 0x20, 0x45, 0x53, 0x54, 0x41, 0x20, 0x56, 0x45, 0x5a, 0x2e, 0x2e, 
	0x2e, 0x4b, 0x52, 0x45, 0x4d, 0x4c, 0x49, 0x4e, 0x47, 0x53, 0x3a, 0xa1, 0x41, 0x4c, 0x4c, 0xcd, 
	0x20, 0x48, 0x41, 0x59, 0x20, 0x55, 0x4e, 0x4f, 0x20, 0x44, 0x45, 0x20, 0x45, 0x53, 0x4f, 0x53, 
	0x20, 0x4b, 0x4f, 0x4e, 0x47, 0x21, 0x20, 0xa1, 0x43, 0x4f, 0x47, 0x45, 0x44, 0x4c, 0x4f, 0x21, 
	0x44, 0x49, 0x44, 0x44, 0x59, 0x3a, 0xa1, 0x42, 0x55, 0x45, 0x4e, 0x4f, 0x2c, 0x20, 0x43, 0x41, 
	0x5a, 0x41, 0x44, 0x4d, 0x45, 0x20, 0x53, 0x49, 0x20, 0x50, 0x4f, 0x44, 0xc9, 0x49, 0x53, 0x21, 
	0x4b, 0x52, 0x45, 0x4d, 0x4c, 0x49, 0x4e, 0x47, 0x53, 0x3a, 0xa1, 0x45, 0x53, 0x45, 0x20, 0x43, 
	0x48, 0x49, 0x43, 0x4f, 0x20, 0x45, 0x53, 0x20, 0x52, 0xc1, 0x50, 0x49, 0x44, 0x4f, 0x21, 0x20, 
	0xbf, 0x51, 0x55, 0xc9, 0x20, 0x45, 0x53, 0x20, 0x45, 0x53, 0x4f, 0x20, 0x51, 0x55, 0x45, 0x20, 
	0x4c, 0x4c, 0x45, 0x56, 0x41, 0x20, 0x41, 0x20, 0x4c, 0x41, 0x20, 0x45, 0x53, 0x50, 0x41, 0x4c, 
	0x44, 0x41, 0x3f, 0x44, 0x49, 0x44, 0x44, 0x59, 0x3a, 0x42, 0x49, 0x45, 0x4e, 0x2c, 0x20, 0x50, 
	0x41, 0x52, 0x45, 0x4a, 0x41, 0x20, 0x44, 0x45, 0x20, 0x52, 0x45, 0x54, 0x52, 0x41, 0x53, 0x41, 
	0x44, 0x4f, 0x53, 0x2c, 0x20, 0x41, 0x51, 0x55, 0xcd, 0x20, 0x45, 0x53, 0x54, 0xc1, 0x20, 0x56, 
	0x55, 0x45, 0x53, 0x54, 0x52, 0x41, 0x20, 0x4f, 0x50, 0x4f, 0x52, 0x54, 0x55, 0x4e, 0x49, 0x44, 
	0x41, 0x44, 0x2e, 0x2e, 0x2e, 0x4b, 0x2e, 0x52, 0x4f, 0x4f, 0x4c, 0x3a, 0x53, 0x55, 0x42, 0x45, 
	0x53, 0x54, 0x49, 0x4d, 0xc9, 0x20, 0x41, 0x20, 0x45, 0x53, 0x54, 0x4f, 0x53, 0x20, 0x4b, 0x4f, 
	0x4e, 0x47, 0x2c, 0x20, 0x53, 0x55, 0x20, 0x50, 0x52, 0x4f, 0x47, 0x52, 0x45, 0x53, 0x4f, 0x20, 
	0x45, 0x53, 0x20, 0x49, 0x4e, 0x45, 0x53, 0x50, 0x45, 0x52, 0x41, 0x44, 0x4f, 0x2e, 0xa1, 0x4a, 
	0x45, 0x46, 0x45, 0x20, 0x54, 0xc9, 0x43, 0x4e, 0x49, 0x43, 0x4f, 0x21, 0x4a, 0x45, 0x46, 0x45, 
	0x3a, 0x48, 0x45, 0x2e, 0x2e, 0x2e, 0x20, 0x48, 0x45, 0x4d, 0x4f, 0x53, 0x20, 0x54, 0x45, 0x4e, 
	0x49, 0x44, 0x4f, 0x20, 0x50, 0x52, 0x4f, 0x42, 0x4c, 0x45, 0x4d, 0x41, 0x53, 0x20, 0x54, 0xc9, 
	0x43, 0x4e, 0x49, 0x43, 0x4f, 0x53, 0x2c, 0x20, 0x53, 0x55, 0x20, 0x4d, 0x41, 0x4a, 0x45, 0x53, 
	0x54, 0x41, 0x44, 0x2c, 0x20, 0x59, 0x20, 0x4d, 0x49, 0x53, 0x20, 0x48, 0x4f, 0x4d, 0x42, 0x52, 
	0x45, 0x53, 0x20, 0x53, 0x4f, 0x4e, 0x20, 0x55, 0x4e, 0x4f, 0x53, 0x20, 0x56, 0x41, 0x47, 0x4f, 
	0x53, 0x2e, 0x4b, 0x52, 0x45, 0x4d, 0x4c, 0x49, 0x4e, 0x47, 0x53, 0x3a, 0xa1, 0x45, 0x53, 0x54, 
	0xc1, 0x20, 0x4d, 0x49, 0x4e, 0x54, 0x49, 0x45, 0x4e, 0x44, 0x4f, 0x2c, 0x20, 0x53, 0x45, 0xd1, 
	0x4f, 0x52, 0x2c, 0x20, 0xc9, 0x4c, 0x20, 0x53, 0x49, 0x45, 0x4d, 0x50, 0x52, 0x45, 0x20, 0x53, 
	0x45, 0x20, 0x44, 0x55, 0x45, 0x52, 0x4d, 0x45, 0x21, 0x4a, 0x45, 0x46, 0x45, 0x3a, 0xa1, 0x50, 
	0x4f, 0x52, 0x2e, 0x2e, 0x2e, 0x20, 0x50, 0x4f, 0x52, 0x20, 0x46, 0x41, 0x56, 0x4f, 0x52, 0x2c, 
	0x20, 0x50, 0x45, 0x52, 0x44, 0xd3, 0x4e, 0x45, 0x4d, 0x45, 0x2c, 0x20, 0x4f, 0x48, 0x20, 0x53, 
	0x4f, 0x42, 0x45, 0x52, 0x41, 0x4e, 0xcd, 0x53, 0x49, 0x4d, 0x4f, 0x21, 0x20, 0x48, 0x45, 0x4d, 
	0x4f, 0x53, 0x20, 0x54, 0x52, 0x41, 0x42, 0x41, 0x4a, 0x41, 0x44, 0x4f, 0x20, 0x4d, 0x55, 0x43, 
	0x48, 0x4f, 0x2e, 0x2e, 0x2e, 0x4b, 0x2e, 0x52, 0x4f, 0x4f, 0x4c, 0x3a, 0xa1, 0x47, 0x55, 0x41, 
	0x52, 0x44, 0x49, 0x41, 0x53, 0x21, 0x20, 0xa1, 0x41, 0x53, 0x45, 0x47, 0x55, 0x52, 0x41, 0x4f, 
	0x53, 0x20, 0x44, 0x45, 0x20, 0x51, 0x55, 0x45, 0x20, 0x4e, 0x41, 0x44, 0x49, 0x45, 0x20, 0x53, 
	0x41, 0x4c, 0x47, 0x41, 0x20, 0x48, 0x41, 0x53, 0x54, 0x41, 0x20, 0x51, 0x55, 0x45, 0x20, 0x4d, 
	0x49, 0x20, 0x4d, 0xc1, 0x51, 0x55, 0x49, 0x4e, 0x41, 0x20, 0x45, 0x53, 0x54, 0xc9, 0x20, 0x4c, 
	0x49, 0x53, 0x54, 0x41, 0x21, 0x4a, 0x45, 0x46, 0x45, 0x3a, 0x54, 0x45, 0x2e, 0x2e, 0x2e, 0x20, 
	0x54, 0x45, 0x4e, 0x44, 0x52, 0xc1, 0x4e, 0x20, 0x51, 0x55, 0x45, 0x20, 0x43, 0x4f, 0x52, 0x52, 
	0x45, 0x52, 0x20, 0x50, 0x41, 0x52, 0x41, 0x20, 0x48, 0x41, 0x43, 0x45, 0x52, 0x4c, 0x4f, 0x2e, 
	0x2e, 0x2e, 0x4b, 0x2e, 0x52, 0x4f, 0x4f, 0x4c, 0x3a, 0x56, 0x45, 0x41, 0x4d, 0x4f, 0x53, 0x20, 
	0x44, 0x45, 0x20, 0x51, 0x55, 0xc9, 0x20, 0x53, 0x4f, 0x4e, 0x20, 0x43, 0x41, 0x50, 0x41, 0x43, 
	0x45, 0x53, 0x20, 0x45, 0x53, 0x54, 0x4f, 0x53, 0x20, 0x4d, 0x4f, 0x4e, 0x53, 0x54, 0x52, 0x55, 
	0x4f, 0x53, 0x20, 0x50, 0x45, 0x4c, 0x55, 0x44, 0x4f, 0x53, 0x2e, 0x2e, 0x2e, 0x56, 0x41, 0x59, 
	0x41, 0x2c, 0x20, 0x4e, 0x4f, 0x20, 0x48, 0x41, 0x59, 0x20, 0x4e, 0x49, 0x4e, 0x47, 0xda, 0x4e, 
	0x20, 0x4b, 0x4f, 0x4e, 0x47, 0x20, 0x41, 0x20, 0x4c, 0x41, 0x20, 0x56, 0x49, 0x53, 0x54, 0x41, 
	0x2e, 0x20, 0xbf, 0x44, 0xd3, 0x4e, 0x44, 0x45, 0x20, 0x45, 0x53, 0x54, 0xc1, 0x4e, 0x3f, 0xbf, 
	0x51, 0x55, 0x49, 0xc9, 0x4e, 0x20, 0x45, 0x52, 0x41, 0x20, 0xc9, 0x53, 0x45, 0x3f, 0x4c, 0x41, 
	0x4e, 0x4b, 0x59, 0x3a, 0xa1, 0x59, 0x55, 0x4a, 0x55, 0x21, 0x20, 0xa1, 0x56, 0x45, 0x4e, 0x49, 
	0x44, 0x20, 0x41, 0x20, 0x50, 0x4f, 0x52, 0x20, 0x4d, 0xcd, 0x2c, 0x20, 0x4d, 0x41, 0x4c, 0x44, 
	0x49, 0x54, 0x4f, 0x53, 0x21, 0x4f, 0x46, 0x49, 0x43, 0x49, 0x41, 0x4c, 0x3a, 0xa1, 0x54, 0xda, 
	0x21, 0x20, 0xa1, 0x56, 0x45, 0x20, 0x54, 0x52, 0x41, 0x53, 0x20, 0xc9, 0x4c, 0x21, 0x53, 0x4f, 
	0x4c, 0x44, 0x41, 0x44, 0x4f, 0x3a, 0x50, 0x45, 0x2e, 0x2e, 0x2e, 0x20, 0x50, 0x45, 0x52, 0x4f, 
	0x2c, 0x20, 0x59, 0x4f, 0x20, 0x4e, 0x4f, 0x20, 0x53, 0xc9, 0x20, 0x45, 0x53, 0x43, 0x41, 0x4c, 
	0x41, 0x52, 0x2e, 0x2e, 0x2e, 0x4f, 0x46, 0x49, 0x43, 0x49, 0x41, 0x4c, 0x3a, 0x50, 0x45, 0x52, 
	0x4f, 0x20, 0x41, 0x50, 0x52, 0x45, 0x4e, 0x44, 0x45, 0x52, 0xc1, 0x53, 0x2c, 0x20, 0xbf, 0x56, 
	0x45, 0x52, 0x44, 0x41, 0x44, 0x3f, 0x4c, 0x41, 0x4e, 0x4b, 0x59, 0x3a, 0xa1, 0x41, 0x44, 0x49, 
	0xd3, 0x53, 0x21, 0x52, 0x2e, 0x4b, 0x4f, 0x4f, 0x4c, 0x3a, 0x45, 0x53, 0x54, 0x4f, 0x59, 0x20, 
	0x52, 0x4f, 0x44, 0x45, 0x41, 0x44, 0x4f, 0x20, 0x44, 0x45, 0x20, 0x4c, 0x4f, 0x43, 0x4f, 0x53, 
	0x2e, 0x2e, 0x2e, 0x4b, 0x2e, 0x52, 0x4f, 0x4f, 0x4c, 0x3a, 0x45, 0x53, 0x54, 0x4f, 0x53, 0x20, 
	0x54, 0x45, 0x53, 0x54, 0x41, 0x52, 0x55, 0x44, 0x4f, 0x53, 0x20, 0x4d, 0x4f, 0x4e, 0x4f, 0x53, 
	0x20, 0x4e, 0x4f, 0x20, 0x53, 0x41, 0x42, 0x45, 0x4e, 0x20, 0x43, 0x55, 0xc1, 0x4e, 0x44, 0x4f, 
	0x20, 0x48, 0x41, 0x4e, 0x20, 0x53, 0x49, 0x44, 0x4f, 0x20, 0x56, 0x45, 0x4e, 0x43, 0x49, 0x44, 
	0x4f, 0x53, 0x2e, 0x50, 0x45, 0x52, 0x4f, 0x20, 0x49, 0x4e, 0x43, 0x4c, 0x55, 0x53, 0x4f, 0x20, 
	0x45, 0x4c, 0x4c, 0x4f, 0x53, 0x20, 0x54, 0x45, 0x4e, 0x44, 0x52, 0xc1, 0x4e, 0x20, 0x51, 0x55, 
	0x45, 0x20, 0x41, 0x44, 0x4d, 0x49, 0x54, 0x49, 0x52, 0x20, 0x4c, 0x41, 0x20, 0x44, 0x45, 0x52, 
	0x52, 0x4f, 0x54, 0x41, 0x2e, 0x2e, 0x2e, 0x2e, 0x2e, 0x2e, 0x20, 0x44, 0x45, 0x53, 0x50, 0x55, 
	0xc9, 0x53, 0x20, 0x44, 0x45, 0x20, 0x51, 0x55, 0x45, 0x20, 0x53, 0x45, 0x20, 0x48, 0x41, 0x59, 
	0x41, 0x4e, 0x20, 0x45, 0x4e, 0x46, 0x52, 0x45, 0x4e, 0x54, 0x41, 0x44, 0x4f, 0x20, 0x41, 0x20, 
	0x4d, 0x49, 0x20, 0x46, 0x49, 0x45, 0x52, 0x41, 0x20, 0x4d, 0x41, 0x53, 0x43, 0x4f, 0x54, 0x41, 
	0x2e, 0x4e, 0x41, 0x44, 0x41, 0x20, 0x50, 0x55, 0x45, 0x44, 0x45, 0x20, 0x50, 0x41, 0x52, 0x41, 
	0x52, 0x4d, 0x45, 0x20, 0x41, 0x48, 0x4f, 0x52, 0x41, 0x2e, 0x20, 0xa1, 0x53, 0x55, 0x20, 0x49, 
	0x53, 0x4c, 0x41, 0x20, 0x45, 0x53, 0x54, 0xc1, 0x20, 0x43, 0x4f, 0x4e, 0x44, 0x45, 0x4e, 0x41, 
	0x44, 0x41, 0x21, 0x41, 0x51, 0x55, 0xcd, 0x20, 0x45, 0x53, 0x54, 0xc1, 0x53, 0x2e, 0x20, 0x45, 
	0x53, 0x50, 0x45, 0x52, 0x4f, 0x20, 0x51, 0x55, 0x45, 0x20, 0x4c, 0x4f, 0x53, 0x20, 0x4b, 0x4f, 
	0x4e, 0x47, 0x20, 0x53, 0x45, 0x20, 0x48, 0x41, 0x59, 0x41, 0x4e, 0x20, 0x52, 0x45, 0x4e, 0x44, 
	0x49, 0x44, 0x4f, 0x20, 0x41, 0x4e, 0x54, 0x45, 0x20, 0x54, 0x49, 0x2e, 0x44, 0x52, 0x41, 0x47, 
	0x4f, 0x4e, 0x46, 0x4c, 0x59, 0x3a, 0xa1, 0x4f, 0x48, 0x2c, 0x20, 0x46, 0x55, 0x45, 0x20, 0x54, 
	0x45, 0x52, 0x52, 0x49, 0x42, 0x4c, 0x45, 0x2c, 0x20, 0x4d, 0x41, 0x45, 0x53, 0x54, 0x52, 0x4f, 
	0x21, 0x45, 0x53, 0x4f, 0x53, 0x20, 0x48, 0x4f, 0x52, 0x52, 0x49, 0x42, 0x4c, 0x45, 0x53, 0x20, 
	0x4b, 0x4f, 0x4e, 0x47, 0x20, 0x4d, 0x45, 0x20, 0x4c, 0x41, 0x4e, 0x5a, 0x41, 0x52, 0x4f, 0x4e, 
	0x20, 0x41, 0x53, 0x51, 0x55, 0x45, 0x52, 0x4f, 0x53, 0x4f, 0x53, 0x20, 0x42, 0x41, 0x52, 0x52, 
	0x49, 0x4c, 0x45, 0x53, 0x20, 0x51, 0x55, 0x45, 0x20, 0x45, 0x58, 0x50, 0x4c, 0x4f, 0x54, 0x41, 
	0x52, 0x4f, 0x4e, 0x2e, 0x4d, 0x45, 0x20, 0x41, 0x52, 0x52, 0x4f, 0x4a, 0x41, 0x52, 0x4f, 0x4e, 
	0x20, 0x41, 0x20, 0x4c, 0x41, 0x20, 0x4c, 0x41, 0x56, 0x41, 0x20, 0x59, 0x20, 0x53, 0x45, 0x20, 
	0x4d, 0x45, 0x20, 0x43, 0x48, 0x41, 0x4d, 0x55, 0x53, 0x43, 0x41, 0x52, 0x4f, 0x4e, 0x20, 0x4c, 
	0x41, 0x53, 0x20, 0x41, 0x4c, 0x41, 0x53, 0x2e, 0x45, 0x4e, 0x54, 0x4f, 0x4e, 0x43, 0x45, 0x53, 
	0x20, 0x55, 0x4e, 0x4f, 0x20, 0x44, 0x45, 0x20, 0x45, 0x4c, 0x4c, 0x4f, 0x53, 0x20, 0x53, 0x45, 
	0x20, 0x48, 0x49, 0x5a, 0x4f, 0x20, 0x45, 0x4e, 0x4f, 0x52, 0x4d, 0x45, 0x20, 0x59, 0x20, 0x4d, 
	0x45, 0x20, 0x47, 0x4f, 0x4c, 0x50, 0x45, 0xd3, 0x20, 0x45, 0x4e, 0x20, 0x4c, 0x41, 0x20, 0x43, 
	0x41, 0x52, 0x41, 0x2e, 0xa1, 0x4d, 0x49, 0x52, 0x41, 0x20, 0x4d, 0x49, 0x20, 0x50, 0x4f, 0x42, 
	0x52, 0x45, 0x20, 0x59, 0x20, 0x56, 0x49, 0x45, 0x4a, 0x4f, 0x20, 0x48, 0x4f, 0x43, 0x49, 0x43, 
	0x4f, 0x21, 0x51, 0x55, 0x49, 0x45, 0x52, 0x4f, 0x20, 0x49, 0x52, 0x20, 0x59, 0x20, 0x45, 0x43, 
	0x48, 0x41, 0x52, 0x4d, 0x45, 0x20, 0x41, 0x48, 0x4f, 0x52, 0x41, 0x2c, 0x20, 0x4d, 0x45, 0x20, 
	0x53, 0x49, 0x45, 0x4e, 0x54, 0x4f, 0x20, 0x46, 0x41, 0x54, 0x41, 0x4c, 0x2e, 0x2e, 0x2e, 0x47, 
	0x55, 0x41, 0x52, 0x44, 0x49, 0x41, 0x3a, 0xa1, 0x43, 0x41, 0x52, 0x41, 0x4d, 0x42, 0x41, 0x21, 
	0x20, 0x54, 0x45, 0x4e, 0x45, 0x4d, 0x4f, 0x53, 0x20, 0x51, 0x55, 0x45, 0x20, 0x53, 0x41, 0x4c, 
	0x49, 0x52, 0x20, 0x44, 0x45, 0x20, 0x41, 0x51, 0x55, 0xcd, 0x20, 0x41, 0x4e, 0x54, 0x45, 0x53, 
	0x20, 0x44, 0x45, 0x20, 0x51, 0x55, 0x45, 0x20, 0x45, 0x53, 0x45, 0x20, 0x47, 0x4f, 0x52, 0x44, 
	0x4f, 0x20, 0x44, 0x45, 0x53, 0x43, 0x55, 0x42, 0x52, 0x41, 0x20, 0x51, 0x55, 0x45, 0x2e, 0x2e, 
	0x2e, 0x2e, 0x2e, 0x2e, 0x20, 0x4c, 0x4f, 0x53, 0x20, 0x4b, 0x4f, 0x4e, 0x47, 0x20, 0x45, 0x53, 
	0x54, 0xc1, 0x4e, 0x20, 0x52, 0x45, 0x43, 0x55, 0x50, 0x45, 0x52, 0x41, 0x4e, 0x44, 0x4f, 0x20, 
	0x4c, 0x4f, 0x53, 0x20, 0x50, 0x4c, 0x41, 0x4e, 0x4f, 0x53, 0x20, 0x44, 0x45, 0x20, 0x53, 0x55, 
	0x20, 0x45, 0x53, 0x54, 0xda, 0x50, 0x49, 0x44, 0x41, 0x20, 0x4d, 0xc1, 0x51, 0x55, 0x49, 0x4e, 
	0x41, 0x2e, 0x4b, 0x2e, 0x52, 0x4f, 0x4f, 0x4c, 0x3a, 0xbf, 0x48, 0x41, 0x53, 0x20, 0x44, 0x49, 
	0x43, 0x48, 0x4f, 0x20, 0x47, 0x4f, 0x52, 0x44, 0x4f, 0x3f, 0x20, 0x53, 0x49, 0x20, 0x46, 0x55, 
	0x45, 0x52, 0x41, 0x20, 0x54, 0xda, 0x20, 0x45, 0x53, 0x43, 0x4f, 0x47, 0x45, 0x52, 0xcd, 0x41, 
	0x20, 0x43, 0x4f, 0x4e, 0x20, 0x4d, 0xc1, 0x53, 0x20, 0x43, 0x55, 0x49, 0x44, 0x41, 0x44, 0x4f, 
	0x20, 0x4d, 0x49, 0x53, 0x20, 0xda, 0x4c, 0x54, 0x49, 0x4d, 0x41, 0x53, 0x20, 0x50, 0x41, 0x4c, 
	0x41, 0x42, 0x52, 0x41, 0x53, 0x2e, 0x2e, 0x2e, 0x47, 0x55, 0x41, 0x52, 0x44, 0x49, 0x41, 0x3a, 
	0xa1, 0x51, 0x55, 0xc9, 0x20, 0x45, 0x53, 0x20, 0x45, 0x53, 0x4f, 0x21, 0x20, 0xbf, 0x51, 0x55, 
	0x49, 0xc9, 0x4e, 0x20, 0x45, 0x53, 0x54, 0xc1, 0x20, 0x41, 0x48, 0xcd, 0x3f, 0x4b, 0x2e, 0x52, 
	0x4f, 0x4f, 0x4c, 0x3a, 0xbf, 0x41, 0x4c, 0x47, 0x55, 0x4e, 0x41, 0x20, 0xda, 0x4c, 0x54, 0x49, 
	0x4d, 0x41, 0x20, 0x50, 0x52, 0x45, 0x47, 0x55, 0x4e, 0x54, 0x41, 0x3f, 0x47, 0x55, 0x41, 0x52, 
	0x44, 0x49, 0x41, 0x3a, 0x43, 0x45, 0x52, 0x43, 0x41, 0x20, 0x44, 0x45, 0x20, 0x41, 0x4c, 0x4c, 
	0xcd, 0x2c, 0x20, 0x45, 0x53, 0x54, 0x4f, 0x59, 0x20, 0x43, 0x41, 0x53, 0x49, 0x20, 0x41, 0x20, 
	0x53, 0x41, 0x4c, 0x56, 0x4f, 0x2e, 0x4b, 0x2e, 0x52, 0x4f, 0x4f, 0x4c, 0x3a, 0x43, 0x52, 0x45, 
	0x4f, 0x20, 0x51, 0x55, 0x45, 0x20, 0x4e, 0x4f, 0x2e, 0x2e, 0x2e, 0xa1, 0x41, 0x4c, 0x45, 0x52, 
	0x54, 0x41, 0x2c, 0x20, 0x49, 0x4e, 0x54, 0x52, 0x55, 0x53, 0x4f, 0x53, 0x21, 0x20, 0xa1, 0x41, 
	0x4c, 0x45, 0x52, 0x54, 0x41, 0x2c, 0x20, 0x49, 0x4e, 0x54, 0x52, 0x55, 0x53, 0x4f, 0x53, 0x21, 
	0x4b, 0x2e, 0x52, 0x4f, 0x4f, 0x4c, 0x3a, 0xa1, 0x53, 0x4f, 0x4e, 0x20, 0x4c, 0x4f, 0x53, 0x20, 
	0x4b, 0x4f, 0x4e, 0x47, 0x21, 0x20, 0xa1, 0x44, 0x45, 0x53, 0x50, 0x45, 0x52, 0x54, 0x41, 0x44, 
	0x2c, 0x20, 0x4e, 0x45, 0x43, 0x49, 0x4f, 0x53, 0x2c, 0x20, 0x59, 0x20, 0x41, 0x43, 0x54, 0x49, 
	0x56, 0x41, 0x44, 0x20, 0x4c, 0x41, 0x20, 0x4d, 0xc1, 0x51, 0x55, 0x49, 0x4e, 0x41, 0x21, 0x4a, 
	0x45, 0x46, 0x45, 0x3a, 0xa1, 0x50, 0x45, 0x52, 0x4f, 0x20, 0x4c, 0x41, 0x53, 0x20, 0x50, 0x52, 
	0x55, 0x45, 0x42, 0x41, 0x53, 0x20, 0x4e, 0x4f, 0x20, 0x48, 0x41, 0x4e, 0x20, 0x41, 0x43, 0x41, 
	0x42, 0x41, 0x44, 0x4f, 0x2c, 0x20, 0x50, 0x4f, 0x44, 0x52, 0xcd, 0x41, 0x20, 0x45, 0x58, 0x50, 
	0x4c, 0x4f, 0x54, 0x41, 0x52, 0x20, 0x59, 0x20, 0x44, 0x45, 0x53, 0x54, 0x52, 0x55, 0x49, 0x52, 
	0x4e, 0x4f, 0x53, 0x20, 0x41, 0x20, 0x54, 0x4f, 0x44, 0x4f, 0x53, 0x21, 0x4b, 0x2e, 0x52, 0x4f, 
	0x4f, 0x4c, 0x3a, 0xa1, 0x4e, 0x4f, 0x20, 0x4d, 0x45, 0x20, 0x44, 0x49, 0x47, 0x41, 0x53, 0x20, 
	0x51, 0x55, 0xc9, 0x20, 0x44, 0x45, 0x42, 0x4f, 0x20, 0x48, 0x41, 0x43, 0x45, 0x52, 0x21, 0x4a, 
	0x45, 0x46, 0x45, 0x3a, 0x50, 0x4f, 0x52, 0x2e, 0x2e, 0x2e, 0x20, 0x50, 0x4f, 0x52, 0x20, 0x46, 
	0x41, 0x56, 0x4f, 0x52, 0x2c, 0x20, 0x4d, 0x41, 0x45, 0x53, 0x54, 0x52, 0x4f, 0x2c, 0x20, 0x44, 
	0x41, 0x4e, 0x4f, 0x53, 0x20, 0x53, 0xd3, 0x4c, 0x4f, 0x20, 0x55, 0x4e, 0x41, 0x53, 0x20, 0x50, 
	0x4f, 0x43, 0x41, 0x53, 0x20, 0x48, 0x4f, 0x52, 0x41, 0x53, 0x20, 0x4d, 0xc1, 0x53, 0x2e, 0x2e, 
	0x2e, 0x4b, 0x2e, 0x52, 0x4f, 0x4f, 0x4c, 0x3a, 0xa1, 0x4e, 0x4f, 0x21, 0x20, 0x48, 0x41, 0x20, 
	0x4c, 0x4c, 0x45, 0x47, 0x41, 0x44, 0x4f, 0x20, 0x45, 0x4c, 0x20, 0x4d, 0x4f, 0x4d, 0x45, 0x4e, 
	0x54, 0x4f, 0x2e, 0x20, 0xa1, 0x41, 0x44, 0x49, 0xd3, 0x53, 0x2c, 0x20, 0x49, 0x53, 0x4c, 0x41, 
	0x20, 0x4b, 0x4f, 0x4e, 0x47, 0x21, 0x43, 0x52, 0x45, 0x4f, 0x20, 0x51, 0x55, 0x45, 0x20, 0x4c, 
	0x41, 0x20, 0x4d, 0x41, 0x43, 0x48, 0x41, 0x43, 0x41, 0x44, 0x4f, 0x52, 0x41, 0x20, 0x50, 0x52, 
	0x4f, 0x4e, 0x54, 0x4f, 0x20, 0x45, 0x53, 0x54, 0x41, 0x52, 0xc1, 0x20, 0x4c, 0x49, 0x53, 0x54, 
	0x41, 0x20, 0x50, 0x41, 0x52, 0x41, 0x20, 0x53, 0x45, 0x52, 0x20, 0x41, 0x43, 0x54, 0x49, 0x56, 
	0x41, 0x44, 0x41, 0x2e, 0x2e, 0x2e, 
};
u8 text_2[] = {
	0x6, 0x1, 0x1, 0x1, 0x0, 0x0, 0x0, 0x0, 0x0, 0xb, 0x0, 0x0, 0x0, 0x0, 0x0, 0x0, 
	0x1, 0x1, 0x1, 0x0, 0x0, 0x0, 0xb, 0x0, 0xa, 0x0, 0x0, 0x0, 0x0, 0x0, 0x0, 0x1, 
	0x1, 0x1, 0x0, 0x0, 0x0, 0x15, 0x0, 0xa, 0x0, 0x0, 0x0, 0x0, 0x0, 0x0, 0x1, 0x1, 
	0x1, 0x0, 0x0, 0x0, 0x1f, 0x0, 0x9, 0x0, 0x0, 0x0, 0x0, 0x0, 0x0, 0x1, 0x1, 0x1, 
	0x0, 0x0, 0x0, 0x28, 0x0, 0xb, 0x0, 0x0, 0x0, 0x0, 0x0, 0x0, 0x1, 0x1, 0x1, 0x0, 
	0x0, 0x0, 0x33, 0x0, 0x1, 0x0, 0x0, 0x0, 0x0, 0x0, 0x0, 0x0, 0x34, 0x44, 0x4f, 0x4e, 
	0x4b, 0x45, 0x59, 0x20, 0x4b, 0x4f, 0x4e, 0x47, 0x44, 0x49, 0x44, 0x44, 0x59, 0x20, 0x4b, 0x4f, 
	0x4e, 0x47, 0x4c, 0x41, 0x4e, 0x4b, 0x59, 0x20, 0x4b, 0x4f, 0x4e, 0x47, 0x54, 0x49, 0x4e, 0x59, 
	0x20, 0x4b, 0x4f, 0x4e, 0x47, 0x43, 0x48, 0x55, 0x4e, 0x4b, 0x59, 0x20, 0x4b, 0x4f, 0x4e, 0x47, 
	0x3f, 
};
u8 text_3[] = {
	0x4, 0x3, 0x1, 0x2, 0x0, 0x0, 0x0, 0x0, 0x0, 0x18, 0x0, 0x0, 0x0, 0x0, 0x0, 0x18, 
	0x0, 0x3f, 0x0, 0x0, 0x0, 0x0, 0x0, 0x0, 0x2, 0x1, 0x0, 0x3d, 0x0, 0x0, 0x0, 0x0, 
	0x0, 0x0, 0x1, 0x1, 0x0, 0x0, 0x0, 0x57, 0x0, 0x3c, 0x0, 0x0, 0x0, 0x0, 0x0, 0x0, 
	0x1, 0x1, 0x1, 0x0, 0x0, 0x0, 0x93, 0x0, 0x14, 0x0, 0x0, 0x0, 0x0, 0x0, 0x0, 0x1, 
	0x1, 0x1, 0x0, 0x0, 0x0, 0xa7, 0x0, 0x39, 0x0, 0x0, 0x0, 0x0, 0x0, 0x0, 0x1, 0x1, 
	0x1, 0x0, 0x0, 0x0, 0xe0, 0x0, 0x30, 0x0, 0x0, 0x0, 0x0, 0x0, 0x0, 0x1, 0x10, 0xa1, 
	0x59, 0x55, 0x50, 0x49, 0x49, 0x49, 0x21, 0x20, 0xa1, 0x56, 0xcd, 0x41, 0x20, 0x4c, 0x49, 0x42, 
	0x52, 0x45, 0x2c, 0x20, 0x44, 0x4b, 0x21, 0x41, 0x48, 0x4f, 0x52, 0x41, 0x20, 0x51, 0x55, 0x45, 
	0x20, 0x45, 0x53, 0x54, 0x4f, 0x59, 0x20, 0x4c, 0x49, 0x42, 0x52, 0x45, 0x2c, 0x20, 0x50, 0x55, 
	0x45, 0x44, 0x4f, 0x20, 0x41, 0x59, 0x55, 0x44, 0x41, 0x52, 0x54, 0x45, 0x20, 0x52, 0x45, 0x43, 
	0x4f, 0x47, 0x49, 0x45, 0x4e, 0x44, 0x4f, 0x20, 0x42, 0x41, 0x4e, 0x41, 0x4e, 0x41, 0x53, 0x20, 
	0x52, 0x4f, 0x4a, 0x41, 0x53, 0x2e, 0x4d, 0x45, 0x20, 0x49, 0x52, 0xc9, 0x20, 0x41, 0x20, 0x45, 
	0x53, 0x50, 0x45, 0x52, 0x41, 0x52, 0x54, 0x45, 0x20, 0x45, 0x4e, 0x20, 0x45, 0x4c, 0x20, 0x42, 
	0x41, 0x52, 0x52, 0x49, 0x4c, 0x20, 0x4b, 0x4f, 0x4e, 0x47, 0x20, 0x48, 0x41, 0x53, 0x54, 0x41, 
	0x20, 0x51, 0x55, 0x45, 0x20, 0x4d, 0x45, 0x20, 0x4e, 0x45, 0x43, 0x45, 0x53, 0x49, 0x54, 0x45, 
	0x53, 0x2e, 0xa1, 0x41, 0x51, 0x55, 0xcd, 0x2c, 0x20, 0x44, 0x4b, 0x21, 0x20, 0xa1, 0x53, 0x4f, 
	0x43, 0x4f, 0x52, 0x52, 0x4f, 0x21, 0x51, 0x55, 0x49, 0x5a, 0xc1, 0x20, 0x4e, 0x45, 0x43, 0x45, 
	0x53, 0x49, 0x54, 0x45, 0x53, 0x20, 0x4c, 0x41, 0x20, 0x41, 0x59, 0x55, 0x44, 0x41, 0x20, 0x44, 
	0x45, 0x20, 0x46, 0x55, 0x4e, 0x4b, 0x59, 0x20, 0x50, 0x41, 0x52, 0x41, 0x20, 0x53, 0x41, 0x43, 
	0x41, 0x52, 0x4d, 0x45, 0x20, 0x44, 0x45, 0x20, 0x41, 0x51, 0x55, 0xcd, 0x2e, 0x2e, 0x2e, 0xa1, 
	0x4f, 0x59, 0x45, 0x21, 0x20, 0x4e, 0x4f, 0x20, 0x45, 0x53, 0x54, 0x4f, 0x59, 0x20, 0x41, 0x51, 
	0x55, 0xcd, 0x20, 0x50, 0x4f, 0x52, 0x20, 0x56, 0x4f, 0x4c, 0x55, 0x4e, 0x54, 0x41, 0x44, 0x20, 
	0x50, 0x52, 0x4f, 0x50, 0x49, 0x41, 0x2c, 0x20, 0xbf, 0x53, 0x41, 0x42, 0x45, 0x53, 0x3f, 
};
u8 text_4[] = {
	0x4, 0x1, 0x1, 0x1, 0x0, 0x0, 0x0, 0x0, 0x0, 0x36, 0x0, 0x0, 0x0, 0x0, 0x0, 0x0, 
	0x1, 0x1, 0x1, 0x0, 0x0, 0x0, 0x36, 0x0, 0x31, 0x0, 0x0, 0x0, 0x0, 0x0, 0x0, 0x3, 
	0x1, 0x2, 0x0, 0x0, 0x0, 0x67, 0x0, 0x15, 0x0, 0x0, 0x0, 0x0, 0x0, 0x7c, 0x0, 0x3b, 
	0x0, 0x0, 0x0, 0x0, 0x0, 0x0, 0x2, 0x1, 0x0, 0x41, 0x0, 0x0, 0x0, 0x0, 0x0, 0x0, 
	0x1, 0x1, 0x0, 0x0, 0x0, 0xb7, 0x0, 0x47, 0x0, 0x0, 0x0, 0x0, 0x0, 0x0, 0x1, 0x1, 
	0x1, 0x0, 0x0, 0x0, 0xfe, 0x0, 0x4e, 0x0, 0x0, 0x0, 0x0, 0x0, 0x0, 0x1, 0x4c, 0x4c, 
	0x4f, 0x20, 0x53, 0x49, 0x45, 0x4e, 0x54, 0x4f, 0x2c, 0x20, 0x43, 0x48, 0x49, 0x43, 0x4f, 0x53, 
	0x2c, 0x20, 0x4d, 0x45, 0x20, 0x54, 0x45, 0x4d, 0x4f, 0x20, 0x51, 0x55, 0x45, 0x20, 0x54, 0x41, 
	0x4d, 0x42, 0x49, 0xc9, 0x4e, 0x20, 0x4d, 0x45, 0x20, 0x41, 0x54, 0x52, 0x41, 0x50, 0x41, 0x52, 
	0x4f, 0x4e, 0x2e, 0x2e, 0x2e, 0xa1, 0x44, 0x41, 0x54, 0x45, 0x20, 0x50, 0x52, 0x49, 0x53, 0x41, 
	0x21, 0x20, 0xa1, 0x51, 0x55, 0x49, 0x45, 0x52, 0x4f, 0x20, 0x53, 0x41, 0x4c, 0x49, 0x52, 0x20, 
	0x44, 0x45, 0x20, 0x45, 0x53, 0x54, 0x41, 0x20, 0x53, 0x4f, 0x4d, 0x42, 0x52, 0xcd, 0x41, 0x20, 
	0x43, 0x45, 0x4c, 0x44, 0x41, 0x21, 0xa1, 0x42, 0x55, 0x45, 0x4e, 0x20, 0x54, 0x52, 0x41, 0x42, 
	0x41, 0x4a, 0x4f, 0x2c, 0x20, 0x44, 0x49, 0x44, 0x44, 0x59, 0x21, 0x41, 0x20, 0x50, 0x41, 0x52, 
	0x54, 0x49, 0x52, 0x20, 0x44, 0x45, 0x20, 0x41, 0x48, 0x4f, 0x52, 0x41, 0x20, 0x43, 0x4f, 0x47, 
	0x45, 0x52, 0xc9, 0x20, 0x54, 0x4f, 0x44, 0x41, 0x53, 0x20, 0x4c, 0x41, 0x53, 0x20, 0x42, 0x41, 
	0x4e, 0x41, 0x4e, 0x41, 0x53, 0x20, 0x4d, 0x4f, 0x52, 0x41, 0x44, 0x41, 0x53, 0x20, 0x51, 0x55, 
	0x45, 0x20, 0x56, 0x45, 0x41, 0x2e, 0x45, 0x53, 0x54, 0x41, 0x52, 0xc9, 0x20, 0x45, 0x4e, 0x20, 
	0x45, 0x4c, 0x20, 0x42, 0x41, 0x52, 0x52, 0x49, 0x4c, 0x20, 0x4b, 0x4f, 0x4e, 0x47, 0x2e, 0x2e, 
	0x2e, 0x20, 0xa1, 0x4c, 0x49, 0x53, 0x54, 0x41, 0x20, 0x50, 0x41, 0x52, 0x41, 0x20, 0x50, 0x41, 
	0x54, 0x45, 0x41, 0x52, 0x20, 0x45, 0x4c, 0x20, 0x54, 0x52, 0x41, 0x53, 0x45, 0x52, 0x4f, 0x20, 
	0x44, 0x45, 0x20, 0x55, 0x4e, 0x20, 0x52, 0x45, 0x50, 0x54, 0x49, 0x4c, 0x21, 0x48, 0x55, 0x4d, 
	0x2e, 0x2e, 0x2e, 0x20, 0x41, 0x48, 0x4f, 0x52, 0x41, 0x20, 0x51, 0x55, 0x45, 0x20, 0x48, 0x45, 
	0x20, 0x52, 0x45, 0x43, 0x4f, 0x47, 0x49, 0x44, 0x4f, 0x20, 0x54, 0x4f, 0x44, 0x41, 0x53, 0x20, 
	0x45, 0x53, 0x54, 0x41, 0x53, 0x20, 0x50, 0x45, 0x52, 0x4c, 0x41, 0x53, 0x2c, 0x20, 0x51, 0x55, 
	0x49, 0x5a, 0xc1, 0x20, 0x4c, 0x45, 0x20, 0x47, 0x55, 0x53, 0x54, 0x45, 0x4e, 0x20, 0x41, 0x20, 
	0x55, 0x4e, 0x41, 0x20, 0x53, 0x49, 0x52, 0x45, 0x4e, 0x41, 0x2e, 
};
u8 text_5[] = {
	0x4, 0x1, 0x1, 0x1, 0x0, 0x0, 0x0, 0x0, 0x0, 0x37, 0x0, 0x0, 0x0, 0x0, 0x0, 0x0, 
	0x1, 0x1, 0x1, 0x0, 0x0, 0x0, 0x37, 0x0, 0x2f, 0x0, 0x0, 0x0, 0x0, 0x0, 0x0, 0x3, 
	0x1, 0x2, 0x0, 0x0, 0x0, 0x66, 0x0, 0x2d, 0x0, 0x0, 0x0, 0x0, 0x0, 0x93, 0x0, 0x24, 
	0x0, 0x0, 0x0, 0x0, 0x0, 0x0, 0x2, 0x1, 0x0, 0x3e, 0x0, 0x0, 0x0, 0x0, 0x0, 0x0, 
	0x1, 0x1, 0x0, 0x0, 0x0, 0xb7, 0x0, 0x35, 0x0, 0x0, 0x0, 0x0, 0x0, 0x0, 0x1, 0x1, 
	0x1, 0x0, 0x0, 0x0, 0xec, 0x0, 0x1e, 0x0, 0x0, 0x0, 0x0, 0x0, 0x0, 0x1, 0xa, 0xa1, 
	0x41, 0x2e, 0x2e, 0x2e, 0x20, 0x41, 0x59, 0xda, 0x44, 0x41, 0x4d, 0x45, 0x21, 0x20, 0x41, 0x20, 
	0x43, 0x48, 0x55, 0x4e, 0x4b, 0x59, 0x20, 0x4e, 0x4f, 0x2e, 0x2e, 0x2e, 0x20, 0x4e, 0x4f, 0x20, 
	0x4c, 0x45, 0x20, 0x47, 0x55, 0x53, 0x54, 0x41, 0x4e, 0x20, 0x4c, 0x41, 0x53, 0x20, 0x41, 0x4c, 
	0x54, 0x55, 0x52, 0x41, 0x53, 0x2e, 0xa1, 0x51, 0x55, 0x45, 0x20, 0x41, 0x4c, 0x47, 0x55, 0x49, 
	0x45, 0x4e, 0x20, 0x4d, 0x45, 0x20, 0x41, 0x2e, 0x2e, 0x2e, 0x20, 0x41, 0x59, 0x55, 0x44, 0x45, 
	0x21, 0x20, 0xa1, 0x54, 0x45, 0x4e, 0x47, 0x4f, 0x20, 0x4d, 0x49, 0x2e, 0x2e, 0x2e, 0x20, 0x4d, 
	0x49, 0x45, 0x44, 0x4f, 0x21, 0x43, 0x48, 0x55, 0x4e, 0x4b, 0x59, 0x20, 0x45, 0x53, 0x20, 0x4c, 
	0x49, 0x42, 0x52, 0x45, 0x20, 0x41, 0x4c, 0x20, 0x46, 0x49, 0x4e, 0x2e, 0x20, 0x47, 0x52, 0x41, 
	0x43, 0x49, 0x41, 0x53, 0x2c, 0x20, 0x41, 0x4d, 0x49, 0x47, 0x4f, 0x20, 0x4c, 0x41, 0x4e, 0x4b, 
	0x59, 0x2e, 0x43, 0x48, 0x55, 0x4e, 0x4b, 0x59, 0x20, 0x50, 0x55, 0x45, 0x44, 0x45, 0x20, 0x52, 
	0x45, 0x43, 0x4f, 0x47, 0x45, 0x52, 0x20, 0x42, 0x41, 0x4e, 0x41, 0x4e, 0x41, 0x53, 0x20, 0x56, 
	0x45, 0x52, 0x44, 0x45, 0x53, 0x2e, 0x45, 0x53, 0x50, 0x45, 0x52, 0x41, 0x52, 0xc9, 0x20, 0x45, 
	0x4e, 0x20, 0x45, 0x4c, 0x20, 0x42, 0x41, 0x52, 0x52, 0x49, 0x4c, 0x20, 0x4b, 0x4f, 0x4e, 0x47, 
	0x20, 0x48, 0x41, 0x53, 0x54, 0x41, 0x20, 0x51, 0x55, 0x45, 0x20, 0x4e, 0x45, 0x43, 0x45, 0x53, 
	0x49, 0x54, 0x45, 0x53, 0x20, 0x41, 0x59, 0x55, 0x44, 0x41, 0x2e, 0xa1, 0x48, 0x45, 0x59, 0x2c, 
	0x20, 0x7e, 0x21, 0x20, 0xa1, 0x43, 0x48, 0x55, 0x4e, 0x4b, 0x59, 0x2c, 0x20, 0x41, 0x51, 0x55, 
	0xcd, 0x20, 0x41, 0x52, 0x52, 0x49, 0x42, 0x41, 0x21, 
};
u8 text_6[] = {
	0x3, 0x1, 0x1, 0x1, 0x0, 0x0, 0x0, 0x0, 0x0, 0x37, 0x0, 0x0, 0x0, 0x0, 0x0, 0x0, 
	0x1, 0x1, 0x1, 0x0, 0x0, 0x0, 0x37, 0x0, 0x39, 0x0, 0x0, 0x0, 0x0, 0x0, 0x0, 0x3, 
	0x1, 0x2, 0x0, 0x0, 0x0, 0x70, 0x0, 0x30, 0x0, 0x0, 0x0, 0x0, 0x0, 0xa0, 0x0, 0x23, 
	0x0, 0x0, 0x0, 0x0, 0x0, 0x0, 0x2, 0x1, 0x0, 0x3f, 0x0, 0x0, 0x0, 0x0, 0x0, 0x0, 
	0x1, 0x1, 0x0, 0x0, 0x0, 0xc3, 0x0, 0x1f, 0x0, 0x0, 0x0, 0x0, 0x0, 0x0, 0x0, 0xe2, 
	0xbf, 0x51, 0x55, 0x49, 0xc9, 0x4e, 0x20, 0x45, 0x53, 0x54, 0xc1, 0x20, 0x41, 0x48, 0xcd, 0x3f, 
	0x20, 0xbf, 0x50, 0x55, 0x45, 0x44, 0x45, 0x53, 0x20, 0x56, 0x45, 0x4e, 0x49, 0x52, 0x20, 0x41, 
	0x51, 0x55, 0xcd, 0x20, 0x59, 0x20, 0x45, 0x43, 0x48, 0x41, 0x52, 0x4d, 0x45, 0x20, 0x55, 0x4e, 
	0x41, 0x20, 0x4d, 0x41, 0x4e, 0x4f, 0x3f, 0x50, 0x4f, 0x52, 0x20, 0x46, 0x41, 0x56, 0x4f, 0x52, 
	0x2c, 0x20, 0x44, 0xc9, 0x4a, 0x41, 0x4d, 0x45, 0x20, 0x53, 0x41, 0x4c, 0x49, 0x52, 0x2e, 0x20, 
	0xa1, 0x54, 0x45, 0x20, 0x41, 0x59, 0x55, 0x44, 0x41, 0x52, 0xc9, 0x20, 0x41, 0x20, 0x44, 0x45, 
	0x52, 0x52, 0x4f, 0x54, 0x41, 0x52, 0x20, 0x41, 0x20, 0x4b, 0x2e, 0x52, 0x4f, 0x4f, 0x4c, 0x21, 
	0xa1, 0x47, 0x45, 0x4e, 0x49, 0x41, 0x4c, 0x2c, 0x20, 0x44, 0x4b, 0x21, 0x20, 0x4e, 0x45, 0x43, 
	0x45, 0x53, 0x49, 0x54, 0x4f, 0x20, 0x54, 0x4f, 0x4d, 0x41, 0x52, 0x20, 0x41, 0x4c, 0x47, 0x4f, 
	0x20, 0x44, 0x45, 0x20, 0x41, 0x49, 0x52, 0x45, 0x20, 0x46, 0x52, 0x45, 0x53, 0x43, 0x4f, 0x2e, 
	0x54, 0x45, 0x20, 0x41, 0x59, 0x55, 0x44, 0x41, 0x52, 0xc9, 0x20, 0x43, 0x4f, 0x47, 0x49, 0x45, 
	0x4e, 0x44, 0x4f, 0x20, 0x42, 0x41, 0x4e, 0x41, 0x4e, 0x41, 0x53, 0x20, 0x41, 0x5a, 0x55, 0x4c, 
	0x45, 0x53, 0x2e, 0xa1, 0x56, 0x45, 0x4e, 0x20, 0x41, 0x20, 0x42, 0x55, 0x53, 0x43, 0x41, 0x52, 
	0x4d, 0x45, 0x20, 0x41, 0x4c, 0x20, 0x42, 0x41, 0x52, 0x52, 0x49, 0x4c, 0x20, 0x4b, 0x4f, 0x4e, 
	0x47, 0x21, 
};
u8 text_7[] = {
	0x16, 0x1, 0x1, 0x1, 0x0, 0x0, 0x0, 0x0, 0x0, 0xa4, 0x0, 0x0, 0x0, 0x0, 0x0, 0x0, 
	0x1, 0x1, 0x1, 0x0, 0x0, 0x0, 0xa4, 0x0, 0x5a, 0x0, 0x0, 0x0, 0x0, 0x0, 0x0, 0x1, 
	0x1, 0x1, 0x0, 0x0, 0x0, 0xfe, 0x0, 0x1e, 0x0, 0x0, 0x0, 0x0, 0x0, 0x0, 0x1, 0x1, 
	0x2, 0x0, 0x0, 0x1, 0x1c, 0x0, 0x68, 0x0, 0x0, 0x0, 0x0, 0x1, 0x84, 0x0, 0x12, 0x0, 
	0x0, 0x0, 0x0, 0x0, 0x0, 0x1, 0x1, 0x2, 0x0, 0x0, 0x1, 0x96, 0x0, 0x51, 0x0, 0x0, 
	0x0, 0x0, 0x1, 0xe7, 0x0, 0x22, 0x0, 0x0, 0x0, 0x0, 0x0, 0x0, 0x1, 0x1, 0x2, 0x0, 
	0x0, 0x2, 0x9, 0x0, 0x31, 0x0, 0x0, 0x0, 0x0, 0x2, 0x3a, 0x0, 0x14, 0x0, 0x0, 0x0, 
	0x0, 0x0, 0x0, 0x1, 0x1, 0x2, 0x0, 0x0, 0x2, 0x4e, 0x0, 0x50, 0x0, 0x0, 0x0, 0x0, 
	0x2, 0x9e, 0x0, 0x21, 0x0, 0x0, 0x0, 0x0, 0x0, 0x0, 0x1, 0x1, 0x2, 0x0, 0x0, 0x2, 
	0xbf, 0x0, 0x61, 0x0, 0x0, 0x0, 0x0, 0x3, 0x20, 0x0, 0x18, 0x0, 0x0, 0x0, 0x0, 0x0, 
	0x0, 0x1, 0x1, 0x2, 0x0, 0x0, 0x3, 0x38, 0x0, 0x4d, 0x0, 0x0, 0x0, 0x0, 0x3, 0x85, 
	0x0, 0x28, 0x0, 0x0, 0x0, 0x0, 0x0, 0x0, 0x1, 0x1, 0x1, 0x0, 0x0, 0x3, 0xad, 0x0, 
	0x60, 0x0, 0x0, 0x0, 0x0, 0x0, 0x0, 0x1, 0x1, 0x1, 0x0, 0x0, 0x4, 0xd, 0x0, 0x69, 
	0x0, 0x0, 0x0, 0x0, 0x0, 0x0, 0x1, 0x1, 0x2, 0x0, 0x0, 0x4, 0x76, 0x0, 0x36, 0x0, 
	0x0, 0x0, 0x0, 0x4, 0xac, 0x0, 0xf, 0x0, 0x0, 0x0, 0x0, 0x0, 0x0, 0x1, 0x1, 0x1, 
	0x0, 0x0, 0x4, 0xbb, 0x0, 0x5b, 0x0, 0x0, 0x0, 0x0, 0x0, 0x0, 0x1, 0x1, 0x2, 0x0, 
	0x0, 0x5, 0x16, 0x0, 0x61, 0x0, 0x0, 0x0, 0x0, 0x5, 0x77, 0x0, 0x18, 0x0, 0x0, 0x0, 
	0x0, 0x0, 0x0, 0x1, 0x1, 0x2, 0x0, 0x0, 0x5, 0x8f, 0x0, 0x4d, 0x0, 0x0, 0x0, 0x0, 
	0x5, 0xdc, 0x0, 0x28, 0x0, 0x0, 0x0, 0x0, 0x0, 0x0, 0x1, 0x1, 0x1, 0x0, 0x0, 0x6, 
	0x4, 0x0, 0x53, 0x0, 0x0, 0x0, 0x0, 0x0, 0x0, 0x1, 0x1, 0x1, 0x0, 0x0, 0x6, 0x57, 
	0x0, 0x3f, 0x0, 0x0, 0x0, 0x0, 0x0, 0x0, 0x1, 0x1, 0x1, 0x0, 0x0, 0x6, 0x96, 0x0, 
	0x41, 0x0, 0x0, 0x0, 0x0, 0x0, 0x0, 0x9, 0x1, 0x2, 0x0, 0x0, 0x6, 0xd7, 0x0, 0x2b, 
	0x0, 0x0, 0x0, 0x0, 0x7, 0x2, 0x0, 0x2c, 0x0, 0x0, 0x0, 0x0, 0x0, 0x0, 0x2, 0x1, 
	0x0, 0x70, 0x0, 0x0, 0x0, 0x0, 0x0, 0x0, 0x1, 0x1, 0x0, 0x0, 0x7, 0x2e, 0x0, 0xe, 
	0x0, 0x0, 0x0, 0x0, 0x0, 0x0, 0x2, 0x1, 0x0, 0x73, 0x0, 0x0, 0x0, 0x0, 0x0, 0x0, 
	0x1, 0x1, 0x0, 0x0, 0x7, 0x3c, 0x0, 0xd, 0x0, 0x0, 0x0, 0x0, 0x0, 0x0, 0x2, 0x1, 
	0x0, 0x6f, 0x0, 0x0, 0x0, 0x0, 0x0, 0x0, 0x1, 0x2, 0x0, 0x0, 0x7, 0x49, 0x0, 0xe, 
	0x0, 0x0, 0x0, 0x0, 0x7, 0x57, 0x0, 0x15, 0x0, 0x0, 0x0, 0x0, 0x0, 0x0, 0x2, 0x1, 
	0x0, 0x72, 0x0, 0x0, 0x0, 0x0, 0x0, 0x0, 0x1, 0x2, 0x0, 0x0, 0x7, 0x6c, 0x0, 0x21, 
	0x0, 0x0, 0x0, 0x0, 0x7, 0x8d, 0x0, 0x3b, 0x0, 0x0, 0x0, 0x0, 0x0, 0x0, 0x1, 0x1, 
	0x1, 0x0, 0x0, 0x7, 0xc8, 0x0, 0x4f, 0x0, 0x0, 0x0, 0x0, 0x0, 0x0, 0x7, 0x1, 0x2, 
	0x0, 0x0, 0x8, 0x17, 0x0, 0x7f, 0x0, 0x0, 0x0, 0x0, 0x8, 0x96, 0x0, 0x24, 0x0, 0x0, 
	0x0, 0x0, 0x0, 0x0, 0x2, 0x1, 0x0, 0x73, 0x0, 0x0, 0x0, 0x0, 0x0, 0x0, 0x1, 0x1, 
	0x0, 0x0, 0x8, 0xba, 0x0, 0xe, 0x0, 0x0, 0x0, 0x0, 0x0, 0x0, 0x2, 0x1, 0x0, 0x73, 
	0x0, 0x0, 0x0, 0x0, 0x0, 0x0, 0x1, 0x1, 0x0, 0x0, 0x8, 0xc8, 0x0, 0x1b, 0x0, 0x0, 
	0x0, 0x0, 0x0, 0x0, 0x2, 0x1, 0x0, 0x70, 0x0, 0x0, 0x0, 0x0, 0x0, 0x0, 0x1, 0x1, 
	0x0, 0x0, 0x8, 0xe3, 0x0, 0x1e, 0x0, 0x0, 0x0, 0x0, 0x0, 0x0, 0x1, 0x1, 0x1, 0x0, 
	0x0, 0x9, 0x1, 0x0, 0x2e, 0x0, 0x0, 0x0, 0x0, 0x0, 0x0, 0x9, 0x2f, 0xa1, 0x48, 0x41, 
	0x20, 0x50, 0x41, 0x53, 0x41, 0x44, 0x4f, 0x20, 0x4d, 0x55, 0x43, 0x48, 0x4f, 0x20, 0x54, 0x49, 
	0x45, 0x4d, 0x50, 0x4f, 0x2c, 0x20, 0x7e, 0x2c, 0x20, 0x43, 0x4f, 0x4c, 0x45, 0x47, 0x41, 0x21, 
	0x20, 0x4c, 0x41, 0x20, 0x56, 0x55, 0x45, 0x4c, 0x54, 0x41, 0x20, 0x44, 0x45, 0x20, 0x1, 0x4b, 
	0x2e, 0x52, 0x4f, 0x4f, 0x4c, 0x1, 0x20, 0x45, 0x53, 0x20, 0x55, 0x4e, 0x20, 0x56, 0x45, 0x52, 
	0x41, 0x44, 0x41, 0x44, 0x45, 0x52, 0x4f, 0x20, 0x52, 0x4f, 0x4c, 0x4c, 0x4f, 0x2c, 0x20, 0x50, 
	0x45, 0x52, 0x4f, 0x20, 0x45, 0x4c, 0x20, 0x47, 0x52, 0x41, 0x4e, 0x20, 0x4d, 0x4f, 0x4e, 0x4f, 
	0x20, 0x45, 0x53, 0x54, 0xc1, 0x20, 0x41, 0x51, 0x55, 0xcd, 0x20, 0x50, 0x41, 0x52, 0x41, 0x20, 
	0x41, 0x59, 0x55, 0x44, 0x41, 0x52, 0x54, 0x45, 0x20, 0x43, 0x4f, 0x4e, 0x20, 0x41, 0x4c, 0x47, 
	0xda, 0x4e, 0x20, 0x4d, 0x41, 0x54, 0x45, 0x52, 0x49, 0x41, 0x4c, 0x20, 0x50, 0x41, 0x52, 0x41, 
	0x20, 0x50, 0x41, 0x54, 0x45, 0x41, 0x52, 0x20, 0x52, 0x45, 0x50, 0x54, 0x49, 0x4c, 0x45, 0x53, 
	0x2e, 0xa1, 0x4d, 0x41, 0x4c, 0x41, 0x53, 0x20, 0x4e, 0x4f, 0x54, 0x49, 0x43, 0x49, 0x41, 0x53, 
	0x2c, 0x20, 0x7e, 0x2c, 0x20, 0x43, 0x4f, 0x4c, 0x45, 0x47, 0x41, 0x21, 0x20, 0x4d, 0x45, 0x20, 
	0x54, 0x45, 0x4d, 0x4f, 0x20, 0x51, 0x55, 0x45, 0x20, 0x54, 0x4f, 0x44, 0x41, 0x56, 0xcd, 0x41, 
	0x20, 0x45, 0x53, 0x54, 0x4f, 0x59, 0x20, 0x54, 0x52, 0x41, 0x42, 0x41, 0x4a, 0x41, 0x4e, 0x44, 
	0x4f, 0x20, 0x45, 0x4e, 0x20, 0x4d, 0x49, 0x20, 0x53, 0x49, 0x47, 0x55, 0x49, 0x45, 0x4e, 0x54, 
	0x45, 0x20, 0x50, 0x52, 0x4f, 0x59, 0x45, 0x43, 0x54, 0x4f, 0x2e, 0x44, 0x41, 0x4d, 0x45, 0x20, 
	0x41, 0x4c, 0x47, 0x4f, 0x2c, 0x20, 0x7e, 0x2e, 0x2e, 0x2e, 0x20, 0xa1, 0x45, 0x53, 0x54, 0x4f, 
	0x59, 0x20, 0x4c, 0x49, 0x4d, 0x50, 0x49, 0x4f, 0x21, 0x50, 0x52, 0x55, 0x45, 0x42, 0x41, 0x20, 
	0x45, 0x53, 0x54, 0x4f, 0x2c, 0x20, 0x54, 0x45, 0x4e, 0x47, 0x4f, 0x20, 0x55, 0x4e, 0x41, 0x20, 
	0x47, 0x45, 0x4e, 0x49, 0x41, 0x4c, 0x20, 0x41, 0x52, 0x4d, 0x41, 0x20, 0x51, 0x55, 0x45, 0x20, 
	0x41, 0x50, 0x4c, 0x41, 0x53, 0x54, 0x41, 0x52, 0xc1, 0x20, 0x45, 0x4c, 0x20, 0x45, 0x4a, 0xc9, 
	0x52, 0x43, 0x49, 0x54, 0x4f, 0x20, 0x44, 0x45, 0x20, 0x1, 0x4b, 0x2e, 0x52, 0x4f, 0x4f, 0x4c, 
	0x1, 0x20, 0x59, 0x20, 0x53, 0x45, 0x52, 0xc1, 0x20, 0x54, 0x55, 0x59, 0x41, 0x20, 0x50, 0x4f, 
	0x52, 0x20, 0x53, 0xd3, 0x4c, 0x4f, 0x20, 0x40, 0x20, 0x4d, 0x4f, 0x4e, 0x45, 0x44, 0x41, 0x53, 
	0x2e, 0xbf, 0x48, 0x41, 0x43, 0x45, 0x4d, 0x4f, 0x53, 0x20, 0x55, 0x4e, 0x20, 0x54, 0x52, 0x41, 
	0x54, 0x4f, 0x3f, 0x45, 0x53, 0x20, 0x55, 0x4e, 0x20, 0x4d, 0x41, 0x4c, 0x20, 0x52, 0x4f, 0x4c, 
	0x4c, 0x4f, 0x2c, 0x20, 0x7e, 0x2c, 0x20, 0x50, 0x45, 0x52, 0x4f, 0x20, 0x4e, 0x4f, 0x20, 0x54, 
	0x45, 0x4e, 0x47, 0x4f, 0x20, 0x4c, 0x41, 0x53, 0x20, 0x47, 0x52, 0x41, 0x4e, 0x44, 0x45, 0x53, 
	0x20, 0x40, 0x20, 0x51, 0x55, 0x45, 0x20, 0x4e, 0x45, 0x43, 0x45, 0x53, 0x49, 0x54, 0x4f, 0x20, 
	0x50, 0x41, 0x52, 0x41, 0x20, 0x54, 0x55, 0x20, 0x47, 0x45, 0x4e, 0x49, 0x41, 0x4c, 0x20, 0x41, 
	0x52, 0x4d, 0x41, 0x2e, 0x4c, 0x4f, 0x20, 0x44, 0x45, 0x4a, 0x41, 0x52, 0xc9, 0x20, 0x45, 0x53, 
	0x54, 0x41, 0x52, 0x20, 0x48, 0x41, 0x53, 0x54, 0x41, 0x20, 0x51, 0x55, 0x45, 0x20, 0x56, 0x55, 
	0x45, 0x4c, 0x56, 0x41, 0x53, 0x2e, 0xa1, 0x42, 0x55, 0x45, 0x4e, 0x4f, 0x2c, 0x20, 0x7e, 0x21, 
	0x20, 0x4f, 0x46, 0x52, 0xc9, 0x43, 0x45, 0x4d, 0x45, 0x20, 0x40, 0x20, 0x4d, 0x4f, 0x4e, 0x45, 
	0x44, 0x41, 0x53, 0x20, 0x59, 0x20, 0x4d, 0x45, 0x4a, 0x4f, 0x52, 0x41, 0x52, 0xc9, 0x20, 0x54, 
	0x55, 0x20, 0x41, 0x52, 0x4d, 0x41, 0x2e, 0xbf, 0x45, 0x53, 0x54, 0x41, 0x4d, 0x4f, 0x53, 0x20, 
	0x44, 0x45, 0x20, 0x41, 0x43, 0x55, 0x45, 0x52, 0x44, 0x4f, 0x3f, 0xa1, 0x56, 0x41, 0x59, 0x41, 
	0x20, 0x55, 0x4e, 0x20, 0x4d, 0x41, 0x4c, 0x20, 0x52, 0x4f, 0x4c, 0x4c, 0x4f, 0x2c, 0x20, 0x7e, 
	0x21, 0x20, 0x4e, 0x4f, 0x20, 0x54, 0x52, 0x41, 0x45, 0x53, 0x20, 0x4c, 0x41, 0x53, 0x20, 0x40, 
	0x20, 0x4d, 0x4f, 0x4e, 0x45, 0x44, 0x41, 0x53, 0x20, 0x51, 0x55, 0x45, 0x20, 0x4e, 0x45, 0x43, 
	0x45, 0x53, 0x49, 0x54, 0x4f, 0x20, 0x50, 0x41, 0x52, 0x41, 0x20, 0x4d, 0x45, 0x4a, 0x4f, 0x52, 
	0x41, 0x52, 0x20, 0x54, 0x55, 0x20, 0x41, 0x52, 0x4d, 0x41, 0x2e, 0x56, 0x45, 0x4e, 0x20, 0x41, 
	0x20, 0x42, 0x55, 0x53, 0x43, 0x41, 0x52, 0x4d, 0x45, 0x20, 0x43, 0x55, 0x41, 0x4e, 0x44, 0x4f, 
	0x20, 0x4c, 0x41, 0x53, 0x20, 0x54, 0x45, 0x4e, 0x47, 0x41, 0x53, 0x2e, 0x45, 0x43, 0x48, 0x41, 
	0x20, 0x55, 0x4e, 0x20, 0x56, 0x49, 0x53, 0x54, 0x41, 0x5a, 0x4f, 0x20, 0x41, 0x20, 0x45, 0x53, 
	0x54, 0x41, 0x20, 0x43, 0x41, 0x4e, 0x41, 0x4e, 0x41, 0x2c, 0x20, 0x7e, 0x2e, 0x20, 0x54, 0x55, 
	0x53, 0x20, 0x43, 0x4f, 0x4c, 0x45, 0x47, 0x41, 0x53, 0x20, 0x4b, 0x4f, 0x4e, 0x47, 0x20, 0x50, 
	0x4f, 0x44, 0x52, 0xc1, 0x4e, 0x20, 0x4c, 0x4c, 0x45, 0x56, 0x41, 0x52, 0x20, 0x4d, 0xc1, 0x53, 
	0x20, 0x4d, 0x55, 0x4e, 0x49, 0x43, 0x49, 0xd3, 0x4e, 0x20, 0x50, 0x4f, 0x52, 0x20, 0x53, 0xd3, 
	0x4c, 0x4f, 0x20, 0x40, 0x20, 0x4d, 0x4f, 0x4e, 0x45, 0x44, 0x41, 0x53, 0x2e, 0x53, 0x55, 0x50, 
	0x4f, 0x4e, 0x47, 0x4f, 0x20, 0x51, 0x55, 0x45, 0x20, 0x54, 0x45, 0x20, 0x49, 0x4e, 0x54, 0x45, 
	0x52, 0x45, 0x53, 0x41, 0x2e, 0x45, 0x53, 0x54, 0xc1, 0x53, 0x20, 0x50, 0x45, 0x52, 0x44, 0x49, 
	0x45, 0x4e, 0x44, 0x4f, 0x20, 0x54, 0x55, 0x20, 0x45, 0x53, 0x54, 0x49, 0x4c, 0x4f, 0x2c, 0x20, 
	0x7e, 0x2e, 0x20, 0x4e, 0x4f, 0x20, 0x54, 0x49, 0x45, 0x4e, 0x45, 0x53, 0x20, 0x4c, 0x41, 0x53, 
	0x20, 0x40, 0x20, 0x4d, 0x4f, 0x4e, 0x45, 0x44, 0x41, 0x53, 0x20, 0x51, 0x55, 0x45, 0x20, 0x45, 
	0x53, 0x54, 0x41, 0x20, 0x43, 0x41, 0x4e, 0x41, 0x4e, 0x41, 0x20, 0x4d, 0x45, 0x52, 0x45, 0x43, 
	0x45, 0x2e, 0x54, 0x4f, 0x4d, 0x41, 0x20, 0x55, 0x4e, 0x20, 0x4d, 0x41, 0x4c, 0x45, 0x54, 0xcd, 
	0x4e, 0x20, 0x59, 0x20, 0x43, 0x4f, 0x47, 0x45, 0x20, 0x41, 0x4c, 0x47, 0x55, 0x4e, 0x41, 0x53, 
	0x20, 0x52, 0x45, 0x44, 0x4f, 0x4e, 0x44, 0x41, 0x53, 0x2e, 0xa1, 0x4e, 0x4f, 0x20, 0x54, 0x45, 
	0x4e, 0x45, 0x4d, 0x4f, 0x53, 0x20, 0x4e, 0x41, 0x44, 0x41, 0x20, 0x51, 0x55, 0x45, 0x20, 0x48, 
	0x41, 0x43, 0x45, 0x52, 0x20, 0x41, 0x48, 0x4f, 0x52, 0x41, 0x2c, 0x20, 0x7e, 0x2c, 0x20, 0x43, 
	0x4f, 0x4c, 0x45, 0x47, 0x41, 0x21, 0x20, 0x4d, 0x45, 0x20, 0x54, 0x45, 0x4d, 0x4f, 0x20, 0x51, 
	0x55, 0x45, 0x20, 0x44, 0x45, 0x42, 0x4f, 0x20, 0x54, 0x52, 0x41, 0x42, 0x41, 0x4a, 0x41, 0x52, 
	0x20, 0x45, 0x4e, 0x20, 0x4d, 0x49, 0x20, 0x53, 0x49, 0x47, 0x55, 0x49, 0x45, 0x4e, 0x54, 0x45, 
	0x20, 0x50, 0x52, 0x4f, 0x59, 0x45, 0x43, 0x54, 0x4f, 0x2e, 0x43, 0x41, 0x52, 0x41, 0x4d, 0x42, 
	0x41, 0x2c, 0x20, 0x7e, 0x2e, 0x2e, 0x2e, 0x2c, 0x20, 0x4d, 0x45, 0x20, 0x48, 0x41, 0x53, 0x20, 
	0x44, 0x45, 0x4a, 0x41, 0x44, 0x4f, 0x20, 0x54, 0x4f, 0x54, 0x41, 0x4c, 0x4d, 0x45, 0x4e, 0x54, 
	0x45, 0x20, 0x4c, 0x49, 0x4d, 0x50, 0x49, 0x4f, 0x2e, 0x20, 0xa1, 0x4d, 0x45, 0x4e, 0x55, 0x44, 
	0x41, 0x20, 0x53, 0x55, 0x45, 0x52, 0x54, 0x45, 0x21, 0x20, 0xa1, 0x56, 0x45, 0x20, 0x41, 0x20, 
	0x47, 0x4f, 0x4c, 0x50, 0x45, 0x41, 0x52, 0x20, 0x41, 0x4c, 0x47, 0x55, 0x4e, 0x41, 0x53, 0x20, 
	0x43, 0x41, 0x42, 0x45, 0x5a, 0x41, 0x53, 0x20, 0x44, 0x45, 0x20, 0x4c, 0x41, 0x47, 0x41, 0x52, 
	0x54, 0x4f, 0x21, 0xa1, 0x48, 0x41, 0x59, 0x20, 0x4d, 0xc1, 0x53, 0x2c, 0x20, 0x7e, 0x2e, 0x2e, 
	0x2e, 0x21, 0x20, 0x4f, 0x46, 0x52, 0xc9, 0x43, 0x45, 0x4d, 0x45, 0x20, 0x40, 0x20, 0x4d, 0x4f, 
	0x4e, 0x45, 0x44, 0x41, 0x53, 0x20, 0x59, 0x20, 0x4d, 0x45, 0x4a, 0x4f, 0x52, 0x41, 0x52, 0xc9, 
	0x20, 0x54, 0x55, 0x20, 0x41, 0x52, 0x4d, 0x41, 0x2e, 0xbf, 0x51, 0x55, 0xc9, 0x20, 0x54, 0x45, 
	0x20, 0x50, 0x41, 0x52, 0x45, 0x43, 0x45, 0x3f, 0x4e, 0x4f, 0x20, 0x50, 0x41, 0x52, 0x45, 0x43, 
	0x45, 0x53, 0x20, 0x54, 0x41, 0x4e, 0x20, 0x47, 0x45, 0x4e, 0x49, 0x41, 0x4c, 0x20, 0x41, 0x48, 
	0x4f, 0x52, 0x41, 0x2c, 0x20, 0x7e, 0x2e, 0x2e, 0x2e, 0x20, 0x4e, 0x4f, 0x20, 0x54, 0x52, 0x41, 
	0x45, 0x53, 0x20, 0x4c, 0x41, 0x53, 0x20, 0x40, 0x20, 0x4d, 0x4f, 0x4e, 0x45, 0x44, 0x41, 0x53, 
	0x20, 0x51, 0x55, 0x45, 0x20, 0x4e, 0x45, 0x43, 0x45, 0x53, 0x49, 0x54, 0x4f, 0x20, 0x50, 0x41, 
	0x52, 0x41, 0x20, 0x4d, 0x45, 0x4a, 0x4f, 0x52, 0x41, 0x52, 0x20, 0x54, 0x55, 0x20, 0x41, 0x52, 
	0x4d, 0x41, 0x2e, 0x45, 0x43, 0x48, 0x41, 0x20, 0x55, 0x4e, 0x20, 0x56, 0x49, 0x53, 0x54, 0x41, 
	0x5a, 0x4f, 0x20, 0x41, 0x20, 0x45, 0x53, 0x54, 0x41, 0x20, 0x43, 0x41, 0x4e, 0x41, 0x4e, 0x41, 
	0x2c, 0x20, 0x7e, 0x2e, 0x20, 0x54, 0x55, 0x53, 0x20, 0x43, 0x4f, 0x4c, 0x45, 0x47, 0x41, 0x53, 
	0x20, 0x4b, 0x4f, 0x4e, 0x47, 0x20, 0x50, 0x4f, 0x44, 0x52, 0xc1, 0x4e, 0x20, 0x4c, 0x4c, 0x45, 
	0x56, 0x41, 0x52, 0x20, 0x4d, 0xc1, 0x53, 0x20, 0x4d, 0x55, 0x4e, 0x49, 0x43, 0x49, 0xd3, 0x4e, 
	0x20, 0x50, 0x4f, 0x52, 0x20, 0x53, 0xd3, 0x4c, 0x4f, 0x20, 0x40, 0x20, 0x4d, 0x4f, 0x4e, 0x45, 
	0x44, 0x41, 0x53, 0x2e, 0x53, 0x55, 0x50, 0x4f, 0x4e, 0x47, 0x4f, 0x20, 0x51, 0x55, 0x45, 0x20, 
	0x54, 0x45, 0x20, 0x49, 0x4e, 0x54, 0x45, 0x52, 0x45, 0x53, 0x41, 0x2e, 0x45, 0x53, 0x54, 0xc1, 
	0x53, 0x20, 0x50, 0x45, 0x52, 0x44, 0x49, 0x45, 0x4e, 0x44, 0x4f, 0x20, 0x54, 0x55, 0x20, 0x45, 
	0x53, 0x54, 0x49, 0x4c, 0x4f, 0x2c, 0x20, 0x7e, 0x2e, 0x20, 0x4e, 0x4f, 0x20, 0x54, 0x49, 0x45, 
	0x4e, 0x45, 0x53, 0x20, 0x4c, 0x41, 0x53, 0x20, 0x40, 0x20, 0x4d, 0x4f, 0x4e, 0x45, 0x44, 0x41, 
	0x53, 0x20, 0x51, 0x55, 0x45, 0x20, 0x45, 0x53, 0x54, 0x41, 0x20, 0x43, 0x41, 0x4e, 0x41, 0x4e, 
	0x41, 0x20, 0x4d, 0x45, 0x52, 0x45, 0x43, 0x45, 0x2e, 0x54, 0x4f, 0x4d, 0x41, 0x20, 0x55, 0x4e, 
	0x20, 0x4d, 0x41, 0x4c, 0x45, 0x54, 0xcd, 0x4e, 0x20, 0x59, 0x20, 0x43, 0x4f, 0x47, 0x45, 0x20, 
	0x41, 0x4c, 0x47, 0x55, 0x4e, 0x41, 0x53, 0x20, 0x52, 0x45, 0x44, 0x4f, 0x4e, 0x44, 0x41, 0x53, 
	0x2e, 0x4d, 0x45, 0x20, 0x50, 0x41, 0x52, 0x45, 0x43, 0x45, 0x20, 0x42, 0x49, 0x45, 0x4e, 0x2c, 
	0x20, 0x7e, 0x2e, 0x20, 0x53, 0x41, 0x42, 0x45, 0x53, 0x20, 0x43, 0xd3, 0x4d, 0x4f, 0x20, 0x55, 
	0x53, 0x41, 0x52, 0x20, 0x45, 0x53, 0x54, 0x45, 0x20, 0x41, 0x52, 0x4d, 0x41, 0x20, 0x50, 0x41, 
	0x52, 0x41, 0x20, 0x52, 0x45, 0x56, 0x45, 0x4e, 0x54, 0x41, 0x52, 0x20, 0x41, 0x20, 0x41, 0x4c, 
	0x47, 0x55, 0x4e, 0x4f, 0x53, 0x20, 0x52, 0x45, 0x50, 0x54, 0x49, 0x4c, 0x45, 0x53, 0x2c, 0x20, 
	0xbf, 0x4e, 0x4f, 0x3f, 0x44, 0x45, 0x20, 0x42, 0x55, 0x45, 0x4e, 0x20, 0x52, 0x4f, 0x4c, 0x4c, 
	0x4f, 0x2c, 0x20, 0x7e, 0x2e, 0x20, 0x53, 0x45, 0x47, 0x55, 0x49, 0x52, 0xc9, 0x20, 0x45, 0x53, 
	0x54, 0x41, 0x4e, 0x44, 0x4f, 0x20, 0x41, 0x20, 0x54, 0x55, 0x20, 0x53, 0x45, 0x52, 0x56, 0x49, 
	0x43, 0x49, 0x4f, 0x20, 0x43, 0x55, 0x41, 0x4e, 0x44, 0x4f, 0x20, 0x51, 0x55, 0x49, 0x45, 0x52, 
	0x41, 0x53, 0x2e, 0x45, 0x53, 0x54, 0xc1, 0x53, 0x20, 0x45, 0x4e, 0x20, 0x42, 0x41, 0x4a, 0x41, 
	0x20, 0x46, 0x4f, 0x52, 0x4d, 0x41, 0x2c, 0x20, 0x7e, 0x2c, 0x20, 0x43, 0x4f, 0x4c, 0x45, 0x47, 
	0x41, 0x2e, 0x2e, 0x2e, 0x20, 0x44, 0xc9, 0x4a, 0x41, 0x4d, 0x45, 0x20, 0x51, 0x55, 0x45, 0x20, 
	0x52, 0x45, 0x4c, 0x4c, 0x45, 0x4e, 0x45, 0x20, 0x54, 0x55, 0x20, 0x4d, 0x55, 0x4e, 0x49, 0x43, 
	0x49, 0xd3, 0x4e, 0x2e, 0xa1, 0x43, 0xd3, 0x4d, 0x4f, 0x20, 0x4d, 0x4f, 0x4c, 0x41, 0x2c, 0x20, 
	0x7e, 0x21, 0x20, 0x44, 0xc9, 0x4a, 0x41, 0x4d, 0x45, 0x20, 0x51, 0x55, 0x45, 0x20, 0x54, 0x45, 
	0x20, 0x44, 0xc9, 0x20, 0x45, 0x4c, 0x20, 0x49, 0x4e, 0x46, 0x4f, 0x52, 0x4d, 0x45, 0x2e, 0x50, 
	0x41, 0x52, 0x41, 0x20, 0x53, 0x41, 0x43, 0x41, 0x52, 0x20, 0x59, 0x20, 0x47, 0x55, 0x41, 0x52, 
	0x44, 0x41, 0x52, 0x20, 0x54, 0x55, 0x20, 0x41, 0x52, 0x4d, 0x41, 0x2c, 0x20, 0x50, 0x55, 0x4c, 
	0x53, 0x41, 0x20, 0x59, 0x20, 0x4d, 0x41, 0x4e, 0x54, 0xc9, 0x4e, 0x45, 0x4e, 0x54, 0x4f, 0x4e, 
	0x43, 0x45, 0x53, 0x20, 0x50, 0x55, 0x4c, 0x53, 0x41, 0x44, 0x45, 0x53, 0x50, 0x55, 0xc9, 0x53, 
	0x20, 0x50, 0x55, 0x4c, 0x53, 0x41, 0x50, 0x41, 0x52, 0x41, 0x20, 0x44, 0x49, 0x53, 0x50, 0x41, 
	0x52, 0x41, 0x52, 0x2e, 0x54, 0x41, 0x4d, 0x42, 0x49, 0xc9, 0x4e, 0x20, 0x50, 0x55, 0x45, 0x44, 
	0x45, 0x53, 0x20, 0x50, 0x55, 0x4c, 0x53, 0x41, 0x52, 0x50, 0x41, 0x52, 0x41, 0x20, 0x55, 0x54, 
	0x49, 0x4c, 0x49, 0x5a, 0x41, 0x52, 0x20, 0x45, 0x4c, 0x20, 0x4d, 0x4f, 0x44, 0x4f, 0x20, 0x44, 
	0x45, 0x20, 0x4d, 0x49, 0x52, 0x49, 0x4c, 0x4c, 0x41, 0x2e, 0x59, 0x20, 0x53, 0x49, 0x20, 0x54, 
	0x45, 0x20, 0x51, 0x55, 0x45, 0x44, 0x41, 0x53, 0x20, 0x53, 0x49, 0x4e, 0x20, 0x4d, 0x55, 0x4e, 
	0x49, 0x43, 0x49, 0xd3, 0x4e, 0x2c, 0x20, 0x59, 0x4f, 0x20, 0x53, 0x4f, 0x59, 0x20, 0x45, 0x4c, 
	0x20, 0x4d, 0x4f, 0x4e, 0x4f, 0x20, 0x51, 0x55, 0x45, 0x20, 0x4c, 0x41, 0x20, 0x52, 0x45, 0x4c, 
	0x4c, 0x45, 0x4e, 0x41, 0x2e, 0x45, 0x53, 0x43, 0x55, 0x43, 0x48, 0x41, 0x20, 0x45, 0x53, 0x54, 
	0x4f, 0x2c, 0x20, 0x7e, 0x2e, 0x20, 0xa1, 0x54, 0x4f, 0x44, 0x41, 0x53, 0x20, 0x4c, 0x41, 0x53, 
	0x20, 0x41, 0x52, 0x4d, 0x41, 0x53, 0x20, 0x44, 0x45, 0x20, 0x4c, 0x4f, 0x53, 0x20, 0x4b, 0x4f, 
	0x4e, 0x47, 0x20, 0x54, 0x49, 0x45, 0x4e, 0x45, 0x4e, 0x20, 0x41, 0x48, 0x4f, 0x52, 0x41, 0x20, 
	0x44, 0x49, 0x53, 0x50, 0x41, 0x52, 0x4f, 0x53, 0x20, 0x42, 0x55, 0x53, 0x43, 0x41, 0x44, 0x4f, 
	0x52, 0x45, 0x53, 0x21, 0xa1, 0x56, 0x41, 0x59, 0x41, 0x2c, 0x20, 0x4c, 0x4f, 0x53, 0x20, 0x4b, 
	0x4f, 0x4e, 0x47, 0x20, 0x4f, 0x53, 0x20, 0x45, 0x53, 0x54, 0xc1, 0x49, 0x53, 0x20, 0x56, 0x4f, 
	0x4c, 0x56, 0x49, 0x45, 0x4e, 0x44, 0x4f, 0x20, 0x54, 0x4f, 0x44, 0x4f, 0x53, 0x20, 0x45, 0x58, 
	0x43, 0x45, 0x4c, 0x45, 0x4e, 0x54, 0x45, 0x53, 0x20, 0x54, 0x49, 0x52, 0x41, 0x44, 0x4f, 0x52, 
	0x45, 0x53, 0x21, 0x20, 0xa1, 0x48, 0x41, 0x42, 0xc9, 0x49, 0x53, 0x20, 0x47, 0x41, 0x4e, 0x41, 
	0x44, 0x4f, 0x20, 0x45, 0x4c, 0x20, 0x4d, 0x4f, 0x44, 0x4f, 0x20, 0x46, 0x52, 0x41, 0x4e, 0x43, 
	0x4f, 0x54, 0x49, 0x52, 0x41, 0x44, 0x4f, 0x52, 0x20, 0x50, 0x41, 0x52, 0x41, 0x20, 0x56, 0x45, 
	0x52, 0x20, 0x59, 0x20, 0x44, 0x49, 0x53, 0x50, 0x41, 0x52, 0x41, 0x52, 0x20, 0x4d, 0x45, 0x4a, 
	0x4f, 0x52, 0x21, 0x41, 0x43, 0x54, 0x49, 0x56, 0x41, 0x20, 0x45, 0x4c, 0x20, 0x4d, 0x4f, 0x44, 
	0x4f, 0x20, 0x46, 0x52, 0x41, 0x4e, 0x43, 0x4f, 0x54, 0x49, 0x52, 0x41, 0x44, 0x4f, 0x52, 0x20, 
	0x59, 0x20, 0x50, 0x55, 0x4c, 0x53, 0x41, 0x50, 0x41, 0x52, 0x41, 0x20, 0x41, 0x43, 0x45, 0x52, 
	0x43, 0x41, 0x52, 0x20, 0x59, 0x50, 0x41, 0x52, 0x41, 0x20, 0x41, 0x4c, 0x45, 0x4a, 0x41, 0x52, 
	0x20, 0x44, 0x45, 0x20, 0x4e, 0x55, 0x45, 0x56, 0x4f, 0x2e, 0x20, 0x50, 0x55, 0x4c, 0x53, 0x41, 
	0x50, 0x41, 0x52, 0x41, 0x20, 0x52, 0x41, 0x4c, 0x45, 0x4e, 0x54, 0x49, 0x5a, 0x41, 0x52, 0x20, 
	0x45, 0x4c, 0x20, 0x4d, 0x4f, 0x56, 0x49, 0x4d, 0x49, 0x45, 0x4e, 0x54, 0x4f, 0x2e, 0x42, 0x49, 
	0x45, 0x4e, 0x2c, 0x20, 0x7e, 0x2c, 0x20, 0x54, 0x49, 0x45, 0x4e, 0x45, 0x53, 0x20, 0x41, 0x48, 
	0x4f, 0x52, 0x41, 0x20, 0x55, 0x4e, 0x20, 0x4d, 0xc1, 0x58, 0x49, 0x4d, 0x4f, 0x20, 0x44, 0x45, 
	0x20, 0x40, 0x20, 0x44, 0x49, 0x53, 0x50, 0x41, 0x52, 0x4f, 0x53, 0x2e, 
};
u8 text_8[] = {
	0x24, 0x1, 0x1, 0x2, 0x0, 0x0, 0x0, 0x0, 0x0, 0x53, 0x0, 0x0, 0x0, 0x0, 0x0, 0x53, 
	0x0, 0x2c, 0x0, 0x0, 0x0, 0x0, 0x0, 0x0, 0x1, 0x1, 0x1, 0x0, 0x0, 0x0, 0x7f, 0x0, 
	0x6e, 0x0, 0x0, 0x0, 0x0, 0x0, 0x0, 0x1, 0x1, 0x4, 0x0, 0x0, 0x0, 0xed, 0x0, 0x57, 
	0x0, 0x0, 0x0, 0x0, 0x1, 0x44, 0x0, 0x62, 0x0, 0x0, 0x0, 0x0, 0x1, 0xa6, 0x0, 0x78, 
	0x0, 0x0, 0x0, 0x0, 0x2, 0x1e, 0x0, 0x38, 0x0, 0x0, 0x0, 0x0, 0x0, 0x0, 0x1, 0x1, 
	0x2, 0x0, 0x0, 0x2, 0x56, 0x0, 0x34, 0x0, 0x0, 0x0, 0x0, 0x2, 0x8a, 0x0, 0x53, 0x0, 
	0x0, 0x0, 0x0, 0x0, 0x0, 0x1, 0x1, 0x1, 0x0, 0x0, 0x2, 0xdd, 0x0, 0x4b, 0x0, 0x0, 
	0x0, 0x0, 0x0, 0x0, 0x1, 0x1, 0x2, 0x0, 0x0, 0x3, 0x28, 0x0, 0x56, 0x0, 0x0, 0x0, 
	0x0, 0x3, 0x7e, 0x0, 0x32, 0x0, 0x0, 0x0, 0x0, 0x0, 0x0, 0x1, 0x1, 0x1, 0x0, 0x0, 
	0x3, 0xb0, 0x0, 0x43, 0x0, 0x0, 0x0, 0x0, 0x0, 0x0, 0x1, 0x1, 0x1, 0x0, 0x0, 0x3, 
	0xf3, 0x0, 0x42, 0x0, 0x0, 0x0, 0x0, 0x0, 0x0, 0x1, 0x1, 0x2, 0x0, 0x0, 0x4, 0x35, 
	0x0, 0x54, 0x0, 0x0, 0x0, 0x0, 0x4, 0x89, 0x0, 0x42, 0x0, 0x0, 0x0, 0x0, 0x0, 0x0, 
	0x1, 0x1, 0x1, 0x0, 0x0, 0x4, 0xcb, 0x0, 0xac, 0x0, 0x0, 0x0, 0x0, 0x0, 0x0, 0x1, 
	0x1, 0x2, 0x0, 0x0, 0x5, 0x77, 0x0, 0x38, 0x0, 0x0, 0x0, 0x0, 0x5, 0xaf, 0x0, 0x4a, 
	0x0, 0x0, 0x0, 0x0, 0x0, 0x0, 0x5, 0x1, 0x2, 0x0, 0x0, 0x5, 0xf9, 0x0, 0x29, 0x0, 
	0x0, 0x0, 0x0, 0x6, 0x22, 0x0, 0x3a, 0x0, 0x0, 0x0, 0x0, 0x0, 0x0, 0x2, 0x1, 0x0, 
	0x70, 0x0, 0x0, 0x0, 0x0, 0x0, 0x0, 0x1, 0x2, 0x0, 0x0, 0x6, 0x5c, 0x0, 0x1f, 0x0, 
	0x0, 0x0, 0x0, 0x6, 0x7b, 0x0, 0x21, 0x0, 0x0, 0x0, 0x0, 0x0, 0x0, 0x2, 0x1, 0x0, 
	0x70, 0x0, 0x0, 0x0, 0x0, 0x0, 0x0, 0x1, 0x1, 0x0, 0x0, 0x6, 0x9c, 0x0, 0x19, 0x0, 
	0x0, 0x0, 0x0, 0x0, 0x0, 0x5, 0x1, 0x1, 0x0, 0x0, 0x6, 0xb5, 0x0, 0x39, 0x0, 0x0, 
	0x0, 0x0, 0x0, 0x0, 0x2, 0x1, 0x0, 0x70, 0x0, 0x0, 0x0, 0x0, 0x0, 0x0, 0x1, 0x1, 
	0x0, 0x0, 0x6, 0xee, 0x0, 0xe, 0x0, 0x0, 0x0, 0x0, 0x0, 0x0, 0x2, 0x1, 0x0, 0x6f, 
	0x0, 0x0, 0x0, 0x0, 0x0, 0x0, 0x1, 0x1, 0x0, 0x0, 0x6, 0xfc, 0x0, 0x1e, 0x0, 0x0, 
	0x0, 0x0, 0x0, 0x0, 0x1, 0x1, 0x3, 0x0, 0x0, 0x7, 0x1a, 0x0, 0x3b, 0x0, 0x0, 0x0, 
	0x0, 0x7, 0x55, 0x0, 0x45, 0x0, 0x0, 0x0, 0x0, 0x7, 0x9a, 0x0, 0x49, 0x0, 0x0, 0x0, 
	0x0, 0x0, 0x0, 0x7, 0x1, 0x2, 0x0, 0x0, 0x7, 0xe3, 0x0, 0x3c, 0x0, 0x0, 0x0, 0x0, 
	0x8, 0x1f, 0x0, 0x37, 0x0, 0x0, 0x0, 0x0, 0x0, 0x0, 0x2, 0x1, 0x0, 0x70, 0x0, 0x0, 
	0x0, 0x0, 0x0, 0x0, 0x1, 0x1, 0x0, 0x0, 0x8, 0x56, 0x0, 0xe, 0x0, 0x0, 0x0, 0x0, 
	0x0, 0x0, 0x2, 0x1, 0x0, 0x6f, 0x0, 0x0, 0x0, 0x0, 0x0, 0x0, 0x1, 0x1, 0x0, 0x0, 
	0x8, 0x64, 0x0, 0x6, 0x0, 0x0, 0x0, 0x0, 0x0, 0x0, 0x2, 0x1, 0x0, 0x70, 0x0, 0x0, 
	0x0, 0x0, 0x0, 0x0, 0x1, 0x1, 0x0, 0x0, 0x8, 0x6a, 0x0, 0x25, 0x0, 0x0, 0x0, 0x0, 
	0x0, 0x0, 0x1, 0x1, 0x1, 0x0, 0x0, 0x8, 0x8f, 0x0, 0x81, 0x0, 0x0, 0x0, 0x0, 0x0, 
	0x0, 0x7, 0x1, 0x4, 0x0, 0x0, 0x9, 0x10, 0x0, 0x25, 0x0, 0x0, 0x0, 0x0, 0x9, 0x35, 
	0x0, 0x54, 0x0, 0x0, 0x0, 0x0, 0x9, 0x89, 0x0, 0x6e, 0x0, 0x0, 0x0, 0x0, 0x9, 0xf7, 
	0x0, 0x5, 0x0, 0x0, 0x0, 0x0, 0x0, 0x0, 0x2, 0x1, 0x0, 0x6e, 0x0, 0x0, 0x0, 0x0, 
	0x0, 0x0, 0x1, 0x1, 0x0, 0x0, 0x9, 0xfc, 0x0, 0xd, 0x0, 0x0, 0x0, 0x0, 0x0, 0x0, 
	0x2, 0x1, 0x0, 0x70, 0x0, 0x0, 0x0, 0x0, 0x0, 0x0, 0x1, 0x1, 0x0, 0x0, 0xa, 0x9, 
	0x0, 0x17, 0x0, 0x0, 0x0, 0x0, 0x0, 0x0, 0x2, 0x1, 0x0, 0x6f, 0x0, 0x0, 0x0, 0x0, 
	0x0, 0x0, 0x1, 0x1, 0x0, 0x0, 0xa, 0x20, 0x0, 0x33, 0x0, 0x0, 0x0, 0x0, 0x0, 0x0, 
	0x5, 0x1, 0x2, 0x0, 0x0, 0xa, 0x53, 0x0, 0x65, 0x0, 0x0, 0x0, 0x0, 0xa, 0xb8, 0x0, 
	0x5, 0x0, 0x0, 0x0, 0x0, 0x0, 0x0, 0x2, 0x1, 0x0, 0x6e, 0x0, 0x0, 0x0, 0x0, 0x0, 
	0x0, 0x1, 0x1, 0x0, 0x0, 0xa, 0xbd, 0x0, 0x25, 0x0, 0x0, 0x0, 0x0, 0x0, 0x0, 0x2, 
	0x1, 0x0, 0x6e, 0x0, 0x0, 0x0, 0x0, 0x0, 0x0, 0x1, 0x1, 0x0, 0x0, 0xa, 0xe2, 0x0, 
	0x3e, 0x0, 0x0, 0x0, 0x0, 0x0, 0x0, 0x5, 0x1, 0x2, 0x0, 0x0, 0xb, 0x20, 0x0, 0x46, 
	0x0, 0x0, 0x0, 0x0, 0xb, 0x66, 0x0, 0xe, 0x0, 0x0, 0x0, 0x0, 0x0, 0x0, 0x2, 0x1, 
	0x0, 0x70, 0x0, 0x0, 0x0, 0x0, 0x0, 0x0, 0x1, 0x1, 0x0, 0x0, 0xb, 0x74, 0x0, 0xe, 
	0x0, 0x0, 0x0, 0x0, 0x0, 0x0, 0x2, 0x1, 0x0, 0x6f, 0x0, 0x0, 0x0, 0x0, 0x0, 0x0, 
	0x1, 0x1, 0x0, 0x0, 0xb, 0x82, 0x0, 0x2b, 0x0, 0x0, 0x0, 0x0, 0x0, 0x0, 0x5, 0x1, 
	0x2, 0x0, 0x0, 0xb, 0xad, 0x0, 0x25, 0x0, 0x0, 0x0, 0x0, 0xb, 0xd2, 0x0, 0x50, 0x0, 
	0x0, 0x0, 0x0, 0x0, 0x0, 0x2, 0x1, 0x0, 0x70, 0x0, 0x0, 0x0, 0x0, 0x0, 0x0, 0x1, 
	0x1, 0x0, 0x0, 0xc, 0x22, 0x0, 0x14, 0x0, 0x0, 0x0, 0x0, 0x0, 0x0, 0x2, 0x1, 0x0, 
	0x70, 0x0, 0x0, 0x0, 0x0, 0x0, 0x0, 0x1, 0x1, 0x0, 0x0, 0xc, 0x36, 0x0, 0x4f, 0x0, 
	0x0, 0x0, 0x0, 0x0, 0x0, 0x3, 0x1, 0x2, 0x0, 0x0, 0xc, 0x85, 0x0, 0x27, 0x0, 0x0, 
	0x0, 0x0, 0xc, 0xac, 0x0, 0x3b, 0x0, 0x0, 0x0, 0x0, 0x0, 0x0, 0x2, 0x1, 0x0, 0x6f, 
	0x0, 0x0, 0x0, 0x0, 0x0, 0x0, 0x1, 0x1, 0x0, 0x0, 0xc, 0xe7, 0x0, 0x30, 0x0, 0x0, 
	0x0, 0x0, 0x0, 0x0, 0x3, 0x1, 0x2, 0x0, 0x0, 0xd, 0x17, 0x0, 0x57, 0x0, 0x0, 0x0, 
	0x0, 0xd, 0x6e, 0x0, 0x2f, 0x0, 0x0, 0x0, 0x0, 0x0, 0x0, 0x2, 0x1, 0x0, 0x70, 0x0, 
	0x0, 0x0, 0x0, 0x0, 0x0, 0x1, 0x1, 0x0, 0x0, 0xd, 0x9d, 0x0, 0x1b, 0x0, 0x0, 0x0, 
	0x0, 0x0, 0x0, 0x1, 0x1, 0x3, 0x0, 0x0, 0xd, 0xb8, 0x0, 0x72, 0x0, 0x0, 0x0, 0x0, 
	0xe, 0x2a, 0x0, 0x45, 0x0, 0x0, 0x0, 0x0, 0xe, 0x6f, 0x0, 0x48, 0x0, 0x0, 0x0, 0x0, 
	0x0, 0x0, 0x3, 0x1, 0x1, 0x0, 0x0, 0xe, 0xb7, 0x0, 0x4c, 0x0, 0x0, 0x0, 0x0, 0x0, 
	0x0, 0x2, 0x1, 0x0, 0x70, 0x0, 0x0, 0x0, 0x0, 0x0, 0x0, 0x1, 0x1, 0x0, 0x0, 0xf, 
	0x3, 0x0, 0x26, 0x0, 0x0, 0x0, 0x0, 0x0, 0x0, 0x3, 0x1, 0x2, 0x0, 0x0, 0xf, 0x29, 
	0x0, 0x3e, 0x0, 0x0, 0x0, 0x0, 0xf, 0x67, 0x0, 0x25, 0x0, 0x0, 0x0, 0x0, 0x0, 0x0, 
	0x2, 0x1, 0x0, 0x70, 0x0, 0x0, 0x0, 0x0, 0x0, 0x0, 0x1, 0x1, 0x0, 0x0, 0xf, 0x8c, 
	0x0, 0x4f, 0x0, 0x0, 0x0, 0x0, 0x0, 0x0, 0x5, 0x1, 0x1, 0x0, 0x0, 0xf, 0xdb, 0x0, 
	0x5b, 0x0, 0x0, 0x0, 0x0, 0x0, 0x0, 0x2, 0x1, 0x0, 0x6e, 0x0, 0x0, 0x0, 0x0, 0x0, 
	0x0, 0x1, 0x1, 0x0, 0x0, 0x10, 0x36, 0x0, 0x1c, 0x0, 0x0, 0x0, 0x0, 0x0, 0x0, 0x2, 
	0x1, 0x0, 0x70, 0x0, 0x0, 0x0, 0x0, 0x0, 0x0, 0x1, 0x1, 0x0, 0x0, 0x10, 0x52, 0x0, 
	0x16, 0x0, 0x0, 0x0, 0x0, 0x0, 0x0, 0x1, 0x1, 0x2, 0x0, 0x0, 0x10, 0x68, 0x0, 0x18, 
	0x0, 0x0, 0x0, 0x0, 0x10, 0x80, 0x0, 0x4e, 0x0, 0x0, 0x0, 0x0, 0x0, 0x0, 0x1, 0x1, 
	0x2, 0x0, 0x0, 0x10, 0xce, 0x0, 0x24, 0x0, 0x0, 0x0, 0x0, 0x10, 0xf2, 0x0, 0x44, 0x0, 
	0x0, 0x0, 0x0, 0x0, 0x0, 0x1, 0x1, 0x4, 0x0, 0x0, 0x11, 0x36, 0x0, 0x7c, 0x0, 0x0, 
	0x0, 0x0, 0x11, 0xb2, 0x0, 0x5e, 0x0, 0x0, 0x0, 0x0, 0x12, 0x10, 0x0, 0x95, 0x0, 0x0, 
	0x0, 0x0, 0x12, 0xa5, 0x0, 0x83, 0x0, 0x0, 0x0, 0x0, 0x0, 0x0, 0x1, 0x1, 0x1, 0x0, 
	0x0, 0x13, 0x28, 0x0, 0x5f, 0x0, 0x0, 0x0, 0x0, 0x0, 0x0, 0x1, 0x1, 0x1, 0x0, 0x0, 
	0x13, 0x87, 0x0, 0x4f, 0x0, 0x0, 0x0, 0x0, 0x0, 0x0, 0x7, 0x1, 0x1, 0x0, 0x0, 0x13, 
	0xd6, 0x0, 0x4c, 0x0, 0x0, 0x0, 0x0, 0x0, 0x0, 0x2, 0x1, 0x0, 0x6e, 0x0, 0x0, 0x0, 
	0x0, 0x0, 0x0, 0x1, 0x1, 0x0, 0x0, 0x14, 0x22, 0x0, 0x16, 0x0, 0x0, 0x0, 0x0, 0x0, 
	0x0, 0x2, 0x1, 0x0, 0x70, 0x0, 0x0, 0x0, 0x0, 0x0, 0x0, 0x1, 0x3, 0x0, 0x0, 0x14, 
	0x38, 0x0, 0x43, 0x0, 0x0, 0x0, 0x0, 0x14, 0x7b, 0x0, 0x5e, 0x0, 0x0, 0x0, 0x0, 0x14, 
	0xd9, 0x0, 0x11, 0x0, 0x0, 0x0, 0x0, 0x0, 0x0, 0x2, 0x1, 0x0, 0x3c, 0x0, 0x0, 0x0, 
	0x0, 0x0, 0x0, 0x1, 0x1, 0x0, 0x0, 0x14, 0xea, 0x0, 0x1f, 0x0, 0x0, 0x0, 0x0, 0x0, 
	0x0, 0x1, 0x1, 0x1, 0x0, 0x0, 0x15, 0x9, 0x0, 0x3a, 0x0, 0x0, 0x0, 0x0, 0x0, 0x0, 
	0x1, 0x1, 0x1, 0x0, 0x0, 0x15, 0x43, 0x0, 0x56, 0x0, 0x0, 0x0, 0x0, 0x0, 0x0, 0x1, 
	0x1, 0x2, 0x0, 0x0, 0x15, 0x99, 0x0, 0x4d, 0x0, 0x0, 0x0, 0x0, 0x15, 0xe6, 0x0, 0x4b, 
	0x0, 0x0, 0x0, 0x0, 0x0, 0x0, 0x1, 0x1, 0x1, 0x0, 0x0, 0x16, 0x31, 0x0, 0x46, 0x0, 
	0x0, 0x0, 0x0, 0x0, 0x0, 0x16, 0x77, 0xa1, 0x4f, 0x48, 0x2c, 0x20, 0x56, 0x41, 0x4d, 0x4f, 
	0x53, 0x2c, 0x20, 0x7e, 0x21, 0x20, 0x54, 0x4f, 0x44, 0x41, 0x56, 0xcd, 0x41, 0x20, 0x4e, 0x45, 
	0x43, 0x45, 0x53, 0x49, 0x54, 0x4f, 0x20, 0x4f, 0x54, 0x52, 0x41, 0x53, 0x20, 0x40, 0x20, 0x4d, 
	0x45, 0x44, 0x41, 0x4c, 0x4c, 0x41, 0x53, 0x20, 0x42, 0x41, 0x4e, 0x41, 0x4e, 0x41, 0x20, 0x50, 
	0x41, 0x52, 0x41, 0x20, 0x4d, 0x49, 0x20, 0x49, 0x4e, 0x43, 0x52, 0x45, 0xcd, 0x42, 0x4c, 0x45, 
	0x20, 0x53, 0x4f, 0x52, 0x50, 0x52, 0x45, 0x53, 0x41, 0x2e, 0x44, 0x41, 0x54, 0x45, 0x20, 0x50, 
	0x52, 0x49, 0x53, 0x41, 0x20, 0x59, 0x20, 0x45, 0x4e, 0x43, 0x55, 0xc9, 0x4e, 0x54, 0x52, 0x41, 
	0x4c, 0x41, 0x53, 0x2c, 0x20, 0x50, 0x45, 0x44, 0x41, 0x5a, 0x4f, 0x20, 0x44, 0x45, 0x20, 0x49, 
	0x4e, 0xda, 0x54, 0x49, 0x4c, 0x2e, 0x54, 0x4f, 0x44, 0x41, 0x56, 0xcd, 0x41, 0x20, 0x45, 0x53, 
	0x54, 0x4f, 0x59, 0x20, 0x54, 0x52, 0x41, 0x42, 0x41, 0x4a, 0x41, 0x4e, 0x44, 0x4f, 0x20, 0x44, 
	0x55, 0x52, 0x4f, 0x20, 0x45, 0x4e, 0x20, 0x54, 0x55, 0x20, 0x4e, 0x55, 0x45, 0x56, 0x41, 0x20, 
	0x50, 0xd3, 0x43, 0x49, 0x4d, 0x41, 0x20, 0x4d, 0x49, 0x4c, 0x41, 0x47, 0x52, 0x4f, 0x53, 0x41, 
	0x2c, 0x20, 0x50, 0x45, 0x52, 0x4f, 0x20, 0x50, 0x55, 0x45, 0x44, 0x45, 0x53, 0x20, 0x55, 0x54, 
	0x49, 0x4c, 0x49, 0x5a, 0x41, 0x52, 0x20, 0x4d, 0x49, 0x20, 0x4a, 0x55, 0x45, 0x47, 0x4f, 0x20, 
	0x44, 0x45, 0x20, 0x4e, 0x55, 0x45, 0x56, 0x4f, 0x2c, 0x20, 0x53, 0x55, 0x50, 0x4f, 0x4e, 0x47, 
	0x4f, 0x2e, 0x2e, 0x2e, 0xbf, 0x51, 0x55, 0xc9, 0x20, 0x45, 0x53, 0x20, 0x45, 0x53, 0x54, 0x4f, 
	0x3f, 0x20, 0xbf, 0x54, 0x49, 0x45, 0x4e, 0x45, 0x53, 0x20, 0x40, 0x20, 0x4d, 0x45, 0x44, 0x41, 
	0x4c, 0x4c, 0x41, 0x53, 0x20, 0x42, 0x41, 0x4e, 0x41, 0x4e, 0x41, 0x3f, 0x20, 0xa1, 0x4e, 0x4f, 
	0x20, 0x4d, 0x45, 0x20, 0x4c, 0x4f, 0x20, 0x50, 0x55, 0x45, 0x44, 0x4f, 0x20, 0x43, 0x52, 0x45, 
	0x45, 0x52, 0x2c, 0x20, 0x4c, 0x4f, 0x20, 0x48, 0x41, 0x53, 0x20, 0x48, 0x45, 0x43, 0x48, 0x4f, 
	0x20, 0x53, 0x49, 0x4e, 0x20, 0x41, 0x59, 0x55, 0x44, 0x41, 0x21, 0x48, 0x55, 0x4d, 0x2c, 0x20, 
	0x53, 0x55, 0x50, 0x4f, 0x4e, 0x47, 0x4f, 0x20, 0x51, 0x55, 0x45, 0x20, 0x51, 0x55, 0x49, 0x45, 
	0x52, 0x45, 0x53, 0x20, 0x4d, 0x49, 0x20, 0x53, 0x4f, 0x52, 0x50, 0x52, 0x45, 0x53, 0x41, 0x20, 
	0x41, 0x48, 0x4f, 0x52, 0x41, 0x2e, 0x20, 0x42, 0x55, 0x45, 0x4e, 0x4f, 0x2c, 0x20, 0x54, 0x45, 
	0x4e, 0x47, 0x4f, 0x20, 0x55, 0x4e, 0x20, 0x50, 0x45, 0x51, 0x55, 0x45, 0xd1, 0x4f, 0x20, 0x4a, 
	0x55, 0x45, 0x47, 0x4f, 0x20, 0x50, 0x41, 0x52, 0x41, 0x20, 0x54, 0x49, 0x20, 0x45, 0x4e, 0x20, 
	0x4d, 0x49, 0x20, 0x4f, 0x52, 0x44, 0x45, 0x4e, 0x41, 0x44, 0x4f, 0x52, 0x2e, 0x44, 0x45, 0x42, 
	0x45, 0x53, 0x20, 0x47, 0x41, 0x4e, 0x41, 0x52, 0x20, 0x35, 0x30, 0x30, 0x30, 0x20, 0x50, 0x55, 
	0x4e, 0x54, 0x4f, 0x53, 0x20, 0x50, 0x41, 0x52, 0x41, 0x20, 0x50, 0x4f, 0x44, 0x45, 0x52, 0x20, 
	0x47, 0x41, 0x4e, 0x41, 0x52, 0x20, 0x55, 0x4e, 0x41, 0x20, 0x4d, 0x4f, 0x4e, 0x45, 0x44, 0x41, 
	0x20, 0x52, 0x41, 0x52, 0x45, 0x57, 0x41, 0x52, 0x45, 0x2c, 0x20, 0x41, 0x55, 0x4e, 0x51, 0x55, 
	0x45, 0x20, 0x55, 0x4e, 0x41, 0x20, 0x50, 0x55, 0x4e, 0x54, 0x55, 0x41, 0x43, 0x49, 0xd3, 0x4e, 
	0x20, 0x41, 0x53, 0xcd, 0x20, 0x45, 0x53, 0x54, 0xc1, 0x20, 0x46, 0x55, 0x45, 0x52, 0x41, 0x20, 
	0x44, 0x45, 0x20, 0x54, 0x55, 0x53, 0x20, 0x50, 0x4f, 0x53, 0x49, 0x42, 0x49, 0x4c, 0x49, 0x44, 
	0x41, 0x44, 0x45, 0x53, 0x2e, 0x49, 0x4e, 0x54, 0xc9, 0x4e, 0x54, 0x41, 0x4c, 0x4f, 0x20, 0x44, 
	0x45, 0x20, 0x54, 0x4f, 0x44, 0x4f, 0x53, 0x20, 0x4d, 0x4f, 0x44, 0x4f, 0x53, 0x2c, 0x20, 0x54, 
	0x45, 0x4e, 0x47, 0x4f, 0x20, 0x47, 0x41, 0x4e, 0x41, 0x53, 0x20, 0x44, 0x45, 0x20, 0x52, 0x45, 
	0xcd, 0x52, 0x4d, 0x45, 0x20, 0x55, 0x4e, 0x20, 0x50, 0x4f, 0x43, 0x4f, 0x2e, 0x4e, 0x4f, 0x20, 
	0x50, 0x49, 0x45, 0x4e, 0x53, 0x4f, 0x20, 0x41, 0x42, 0x55, 0x52, 0x52, 0x49, 0x52, 0x4d, 0x45, 
	0x20, 0x48, 0x41, 0x43, 0x49, 0x45, 0x4e, 0x44, 0x4f, 0x20, 0x4d, 0xc1, 0x53, 0x20, 0x50, 0xd3, 
	0x43, 0x49, 0x4d, 0x41, 0x53, 0x20, 0x50, 0x41, 0x52, 0x41, 0x20, 0x54, 0x49, 0x2c, 0x20, 0x7e, 
	0x2e, 0x53, 0x49, 0x20, 0x4e, 0x4f, 0x20, 0x50, 0x55, 0x45, 0x44, 0x45, 0x53, 0x20, 0x41, 0x43, 
	0x41, 0x42, 0x41, 0x52, 0x20, 0x41, 0x48, 0x4f, 0x52, 0x41, 0x20, 0x54, 0x55, 0x20, 0x50, 0x45, 
	0x4e, 0x4f, 0x53, 0x41, 0x20, 0x41, 0x56, 0x45, 0x4e, 0x54, 0x55, 0x52, 0x41, 0x2c, 0x20, 0x45, 
	0x53, 0x54, 0xc1, 0x20, 0x50, 0x4f, 0x52, 0x20, 0x45, 0x4e, 0x43, 0x49, 0x4d, 0x41, 0x20, 0x44, 
	0x45, 0x20, 0x54, 0x55, 0x53, 0x20, 0x50, 0x4f, 0x53, 0x49, 0x42, 0x49, 0x4c, 0x49, 0x44, 0x41, 
	0x44, 0x45, 0x53, 0x2e, 0x48, 0x45, 0x20, 0x50, 0x45, 0x52, 0x46, 0x45, 0x43, 0x43, 0x49, 0x4f, 
	0x4e, 0x41, 0x44, 0x4f, 0x20, 0x4f, 0x54, 0x52, 0x41, 0x20, 0x44, 0x45, 0x20, 0x4d, 0x49, 0x53, 
	0x20, 0x50, 0xd3, 0x43, 0x49, 0x4d, 0x41, 0x53, 0x2c, 0x20, 0x7e, 0x2e, 0x2e, 0x2e, 0x20, 0xa1, 
	0x59, 0x20, 0x53, 0x45, 0x52, 0xc1, 0x20, 0x54, 0x55, 0x59, 0x41, 0x20, 0x50, 0x4f, 0x52, 0x20, 
	0x53, 0xd3, 0x4c, 0x4f, 0x20, 0x40, 0x20, 0x4d, 0x4f, 0x4e, 0x45, 0x44, 0x41, 0x53, 0x21, 0x48, 
	0x45, 0x20, 0x50, 0x45, 0x52, 0x46, 0x45, 0x43, 0x43, 0x49, 0x4f, 0x4e, 0x41, 0x44, 0x4f, 0x20, 
	0x4f, 0x54, 0x52, 0x41, 0x20, 0x44, 0x45, 0x20, 0x4d, 0x49, 0x53, 0x20, 0x50, 0xd3, 0x43, 0x49, 
	0x4d, 0x41, 0x53, 0x2c, 0x20, 0x50, 0x45, 0x52, 0x4f, 0x20, 0x4d, 0x45, 0x20, 0x4c, 0x41, 0x20, 
	0x51, 0x55, 0x45, 0x44, 0x41, 0x52, 0xc9, 0x20, 0x4d, 0x49, 0x45, 0x4e, 0x54, 0x52, 0x41, 0x53, 
	0x20, 0x4e, 0x4f, 0x20, 0x4d, 0x45, 0x20, 0x44, 0x45, 0x53, 0x20, 0x40, 0x20, 0x4d, 0x4f, 0x4e, 
	0x45, 0x44, 0x41, 0x53, 0x2e, 0xbf, 0x51, 0x55, 0xc9, 0x20, 0x54, 0x45, 0x20, 0x50, 0x41, 0x53, 
	0x41, 0x2c, 0x20, 0x7e, 0x2c, 0x20, 0x54, 0x49, 0x45, 0x4e, 0x45, 0x53, 0x20, 0x41, 0x47, 0x55, 
	0x4a, 0x45, 0x52, 0x4f, 0x53, 0x20, 0x45, 0x4e, 0x20, 0x4c, 0x4f, 0x53, 0x20, 0x42, 0x4f, 0x4c, 
	0x53, 0x49, 0x4c, 0x4c, 0x4f, 0x53, 0x3f, 0x41, 0xda, 0x4e, 0x20, 0x4e, 0x4f, 0x20, 0x50, 0x4f, 
	0x44, 0x52, 0xc1, 0x53, 0x20, 0x54, 0x4f, 0x4d, 0x41, 0x52, 0x20, 0x4f, 0x54, 0x52, 0x41, 0x20, 
	0x50, 0xd3, 0x43, 0x49, 0x4d, 0x41, 0x2e, 0x20, 0x56, 0x45, 0x4e, 0x20, 0x41, 0x20, 0x56, 0x45, 
	0x52, 0x4d, 0x45, 0x20, 0x45, 0x4e, 0x20, 0x45, 0x4c, 0x20, 0x53, 0x49, 0x47, 0x55, 0x49, 0x45, 
	0x4e, 0x54, 0x45, 0x20, 0x4e, 0x49, 0x56, 0x45, 0x4c, 0x2e, 0x59, 0x41, 0x20, 0x4e, 0x4f, 0x20, 
	0x56, 0x41, 0x53, 0x20, 0x41, 0x20, 0x54, 0x4f, 0x4d, 0x41, 0x52, 0x20, 0x4d, 0xc1, 0x53, 0x20, 
	0x50, 0xd3, 0x43, 0x49, 0x4d, 0x41, 0x53, 0x2c, 0x20, 0x7e, 0x2e, 0x2e, 0x2e, 0x20, 0x41, 0x48, 
	0x4f, 0x52, 0x41, 0x20, 0x4c, 0xc1, 0x52, 0x47, 0x41, 0x54, 0x45, 0x20, 0x59, 0x20, 0x44, 0xc9, 
	0x4a, 0x41, 0x4d, 0x45, 0x20, 0x45, 0x4e, 0x20, 0x50, 0x41, 0x5a, 0x2e, 0xa1, 0x48, 0x4f, 0x59, 
	0x20, 0x45, 0x53, 0x20, 0x54, 0x55, 0x20, 0x44, 0xcd, 0x41, 0x20, 0x44, 0x45, 0x20, 0x53, 0x55, 
	0x45, 0x52, 0x54, 0x45, 0x2c, 0x20, 0x7e, 0x21, 0x20, 0x48, 0x41, 0x53, 0x20, 0x4a, 0x55, 0x47, 
	0x41, 0x44, 0x4f, 0x20, 0x54, 0x41, 0x4e, 0x20, 0x42, 0x49, 0x45, 0x4e, 0x20, 0x51, 0x55, 0x45, 
	0x20, 0x54, 0x45, 0x20, 0x4d, 0x45, 0x52, 0x45, 0x43, 0x45, 0x53, 0x20, 0x4d, 0x49, 0x20, 0x53, 
	0x49, 0x47, 0x55, 0x49, 0x45, 0x4e, 0x54, 0x45, 0x20, 0x50, 0xd3, 0x43, 0x49, 0x4d, 0x41, 0x2e, 
	0x45, 0x53, 0x20, 0x42, 0x41, 0x52, 0x41, 0x54, 0x41, 0x20, 0x50, 0x4f, 0x52, 0x20, 0x40, 0x20, 
	0x4d, 0x4f, 0x4e, 0x45, 0x44, 0x41, 0x53, 0x2e, 0x20, 0x45, 0x53, 0x54, 0x4f, 0x59, 0x20, 0x53, 
	0x45, 0x47, 0x55, 0x52, 0x4f, 0x20, 0x44, 0x45, 0x20, 0x51, 0x55, 0x45, 0x20, 0x51, 0x55, 0x45, 
	0x52, 0x52, 0xc1, 0x53, 0x20, 0xc9, 0x53, 0x54, 0x41, 0x20, 0x54, 0x41, 0x4d, 0x42, 0x49, 0xc9, 
	0x4e, 0x2e, 0xa1, 0x45, 0x4a, 0x45, 0x4d, 0x21, 0x2c, 0x20, 0x43, 0x52, 0x45, 0x4f, 0x20, 0x51, 
	0x55, 0x45, 0x20, 0x45, 0x53, 0x20, 0x44, 0x45, 0x4d, 0x41, 0x53, 0x49, 0x41, 0x44, 0x4f, 0x2e, 
	0x20, 0x45, 0x4c, 0x20, 0x56, 0x49, 0x45, 0x4a, 0x4f, 0x20, 0x43, 0x52, 0x41, 0x4e, 0x4b, 0x59, 
	0x20, 0x54, 0x49, 0x45, 0x4e, 0x45, 0x20, 0x54, 0x55, 0x20, 0x53, 0x49, 0x47, 0x55, 0x49, 0x45, 
	0x4e, 0x54, 0x45, 0x20, 0x50, 0xd3, 0x43, 0x49, 0x4d, 0x41, 0x20, 0x4c, 0x49, 0x53, 0x54, 0x41, 
	0x20, 0x50, 0x45, 0x52, 0x4f, 0x20, 0x4e, 0x49, 0x20, 0x53, 0x49, 0x51, 0x55, 0x49, 0x45, 0x52, 
	0x41, 0x20, 0x54, 0x49, 0x45, 0x4e, 0x45, 0x53, 0x20, 0x4c, 0x41, 0x53, 0x20, 0x4d, 0x49, 0x53, 
	0x45, 0x52, 0x41, 0x42, 0x4c, 0x45, 0x53, 0x20, 0x40, 0x20, 0x4d, 0x4f, 0x4e, 0x45, 0x44, 0x41, 
	0x53, 0x20, 0x51, 0x55, 0x45, 0x20, 0x4e, 0x45, 0x43, 0x45, 0x53, 0x49, 0x54, 0x41, 0x2e, 0x20, 
	0xa1, 0x56, 0x45, 0x20, 0x50, 0x4f, 0x52, 0x20, 0x4d, 0xc1, 0x53, 0x2c, 0x20, 0x50, 0x45, 0x44, 
	0x41, 0x5a, 0x4f, 0x20, 0x44, 0x45, 0x20, 0x49, 0x4e, 0xda, 0x54, 0x49, 0x4c, 0x21, 0x48, 0x55, 
	0x4d, 0x2e, 0x2e, 0x2e, 0x20, 0x56, 0x4f, 0x4c, 0x56, 0x45, 0x52, 0xc1, 0x53, 0x20, 0x50, 0x52, 
	0x4f, 0x4e, 0x54, 0x4f, 0x2c, 0x20, 0x52, 0x4f, 0x47, 0xc1, 0x4e, 0x44, 0x4f, 0x4d, 0x45, 0x20, 
	0x51, 0x55, 0x45, 0x20, 0x54, 0x45, 0x20, 0x44, 0xc9, 0x20, 0x45, 0x53, 0x54, 0x41, 0x20, 0x50, 
	0xd3, 0x43, 0x49, 0x4d, 0x41, 0x2e, 0xa1, 0x4c, 0xc1, 0x52, 0x47, 0x41, 0x54, 0x45, 0x20, 0x44, 
	0x45, 0x20, 0x4d, 0x49, 0x20, 0x47, 0x41, 0x52, 0x49, 0x54, 0x4f, 0x20, 0x41, 0x4e, 0x54, 0x45, 
	0x53, 0x20, 0x44, 0x45, 0x20, 0x51, 0x55, 0x45, 0x20, 0x54, 0x45, 0x20, 0x45, 0x43, 0x48, 0x45, 
	0x20, 0x41, 0x20, 0x50, 0x41, 0x54, 0x41, 0x44, 0x41, 0x53, 0x2c, 0x20, 0x53, 0x49, 0x4d, 0x49, 
	0x4f, 0x20, 0x44, 0x45, 0x53, 0x41, 0x47, 0x52, 0x41, 0x44, 0x45, 0x43, 0x49, 0x44, 0x4f, 0x21, 
	0x41, 0x48, 0x4f, 0x52, 0x41, 0x20, 0x50, 0x55, 0x45, 0x44, 0x45, 0x53, 0x20, 0x55, 0x54, 0x49, 
	0x4c, 0x49, 0x5a, 0x41, 0x52, 0x20, 0x4c, 0x4f, 0x53, 0x20, 0x42, 0x41, 0x52, 0x52, 0x49, 0x4c, 
	0x45, 0x53, 0x20, 0x42, 0x4f, 0x4d, 0x42, 0x41, 0x2e, 0x45, 0x4e, 0x43, 0x55, 0x45, 0x4e, 0x54, 
	0x52, 0x41, 0x20, 0x4d, 0x49, 0x20, 0x43, 0x48, 0x41, 0x50, 0x41, 0x20, 0x43, 0x4f, 0x4e, 0x20, 
	0x54, 0x55, 0x20, 0x41, 0x53, 0x51, 0x55, 0x45, 0x52, 0x4f, 0x53, 0x4f, 0x20, 0x48, 0x4f, 0x43, 
	0x49, 0x43, 0x4f, 0x20, 0x45, 0x4e, 0x20, 0x45, 0x4c, 0x4c, 0x41, 0x20, 0x59, 0x20, 0x50, 0x55, 
	0x4c, 0x53, 0x41, 0x50, 0x41, 0x52, 0x41, 0x20, 0x4c, 0x41, 0x4e, 0x5a, 0x41, 0x52, 0x54, 0x45, 
	0x20, 0x45, 0x4e, 0x20, 0x45, 0x53, 0x41, 0x20, 0x44, 0x49, 0x52, 0x45, 0x43, 0x43, 0x49, 0xd3, 
	0x4e, 0x2e, 0xa1, 0x43, 0x55, 0x41, 0x4e, 0x44, 0x4f, 0x20, 0x45, 0x53, 0x54, 0xc9, 0x53, 0x20, 
	0x45, 0x4e, 0x20, 0x55, 0x4e, 0x20, 0x42, 0x41, 0x52, 0x52, 0x49, 0x4c, 0x2c, 0x20, 0x50, 0x55, 
	0x4c, 0x53, 0x41, 0x50, 0x41, 0x52, 0x41, 0x20, 0x4c, 0x41, 0x4e, 0x5a, 0x41, 0x52, 0x54, 0x45, 
	0x20, 0x41, 0x20, 0x54, 0x49, 0x20, 0x4d, 0x49, 0x53, 0x4d, 0x4f, 0x21, 0x48, 0x41, 0x53, 0x20, 
	0x4f, 0x42, 0x54, 0x45, 0x4e, 0x49, 0x44, 0x4f, 0x20, 0x55, 0x4e, 0x41, 0x20, 0x50, 0x4f, 0x44, 
	0x45, 0x52, 0x4f, 0x53, 0x41, 0x20, 0x43, 0x41, 0x52, 0x47, 0x41, 0x20, 0x44, 0x45, 0x20, 0x43, 
	0x41, 0x42, 0x45, 0x5a, 0x41, 0x2e, 0x20, 0x50, 0x55, 0x4c, 0x53, 0x41, 0x20, 0x59, 0x20, 0x4d, 
	0x41, 0x4e, 0x54, 0xc9, 0x4e, 0x45, 0x4e, 0x54, 0x4f, 0x4e, 0x43, 0x45, 0x53, 0x20, 0x50, 0x55, 
	0x4c, 0x53, 0x41, 0x45, 0x53, 0x20, 0x44, 0x45, 0x4d, 0x41, 0x53, 0x49, 0x41, 0x44, 0x4f, 0x20, 
	0x42, 0x55, 0x45, 0x4e, 0x4f, 0x20, 0x50, 0x41, 0x52, 0x41, 0x20, 0x54, 0x49, 0x2c, 0x20, 0x7e, 
	0x2e, 0x50, 0x55, 0x45, 0x44, 0x45, 0x53, 0x20, 0x55, 0x54, 0x49, 0x4c, 0x49, 0x5a, 0x41, 0x52, 
	0x20, 0x41, 0x48, 0x4f, 0x52, 0x41, 0x20, 0x4d, 0x49, 0x20, 0x42, 0x41, 0x52, 0x52, 0x49, 0x4c, 
	0x20, 0x45, 0x53, 0x50, 0x45, 0x43, 0x49, 0x41, 0x4c, 0x20, 0x43, 0x4f, 0x4e, 0x20, 0x54, 0x55, 
	0x20, 0x43, 0x41, 0x52, 0x41, 0x20, 0x45, 0x4e, 0x20, 0xc9, 0x4c, 0x2e, 0xa1, 0x4d, 0xc9, 0x54, 
	0x45, 0x54, 0x45, 0x20, 0x45, 0x4e, 0x20, 0x55, 0x4e, 0x4f, 0x20, 0x59, 0x20, 0x50, 0x52, 0x45, 
	0x50, 0xc1, 0x52, 0x41, 0x54, 0x45, 0x20, 0x50, 0x41, 0x52, 0x41, 0x20, 0x41, 0x4c, 0x55, 0x43, 
	0x49, 0x4e, 0x41, 0x52, 0x20, 0x4d, 0x49, 0x45, 0x4e, 0x54, 0x52, 0x41, 0x53, 0x20, 0x43, 0x41, 
	0x4d, 0x42, 0x49, 0x41, 0x53, 0x20, 0x44, 0x45, 0x20, 0x54, 0x41, 0x4d, 0x41, 0xd1, 0x4f, 0x21, 
	0x20, 0x53, 0xd3, 0x4c, 0x4f, 0x20, 0x50, 0x4f, 0x44, 0x52, 0xc1, 0x53, 0x20, 0x51, 0x55, 0x45, 
	0x44, 0x41, 0x52, 0x54, 0x45, 0x20, 0x41, 0x53, 0xcd, 0x20, 0x4d, 0x49, 0x45, 0x4e, 0x54, 0x52, 
	0x41, 0x53, 0x20, 0x44, 0x55, 0x52, 0x45, 0x4e, 0x20, 0x54, 0x55, 0x53, 0x20, 0x52, 0x45, 0x53, 
	0x45, 0x52, 0x56, 0x41, 0x53, 0x20, 0x44, 0x45, 0x20, 0x43, 0x4f, 0x43, 0x4f, 0x53, 0x20, 0x44, 
	0x45, 0x20, 0x43, 0x52, 0x49, 0x53, 0x54, 0x41, 0x4c, 0x2e, 0x45, 0x53, 0x54, 0x45, 0x20, 0x50, 
	0x45, 0x51, 0x55, 0x45, 0xd1, 0x4f, 0x20, 0x4d, 0x4f, 0x56, 0x49, 0x4d, 0x49, 0x45, 0x4e, 0x54, 
	0x4f, 0x20, 0x44, 0x45, 0x20, 0x4d, 0x41, 0x4e, 0x4f, 0x53, 0x20, 0x54, 0x45, 0x20, 0x41, 0x59, 
	0x55, 0x44, 0x41, 0x52, 0xc1, 0x20, 0x41, 0x20, 0x53, 0x55, 0x42, 0x49, 0x52, 0x20, 0x43, 0x55, 
	0x45, 0x53, 0x54, 0x41, 0x53, 0x2e, 0x45, 0x53, 0x20, 0x46, 0xc1, 0x43, 0x49, 0x4c, 0x20, 0x49, 
	0x4e, 0x43, 0x4c, 0x55, 0x53, 0x4f, 0x20, 0x50, 0x41, 0x52, 0x41, 0x20, 0x54, 0x49, 0x2c, 0x20, 
	0x7e, 0x2e, 0x20, 0x53, 0x49, 0x4d, 0x50, 0x4c, 0x45, 0x4d, 0x45, 0x4e, 0x54, 0x45, 0x20, 0x50, 
	0x55, 0x4c, 0x53, 0x41, 0x20, 0x59, 0x20, 0x4d, 0x41, 0x4e, 0x54, 0xc9, 0x4e, 0x45, 0x4e, 0x54, 
	0x4f, 0x4e, 0x43, 0x45, 0x53, 0x20, 0x50, 0x55, 0x4c, 0x53, 0x41, 0x4d, 0x41, 0x4e, 0x54, 0xc9, 
	0x4e, 0x50, 0x55, 0x4c, 0x53, 0x41, 0x44, 0x4f, 0x20, 0x50, 0x41, 0x52, 0x41, 0x20, 0x53, 0x45, 
	0x47, 0x55, 0x49, 0x52, 0x20, 0x48, 0x41, 0x43, 0x49, 0x45, 0x4e, 0x44, 0x4f, 0x20, 0x45, 0x4c, 
	0x20, 0x50, 0x49, 0x4e, 0x4f, 0x2e, 0x45, 0x53, 0x43, 0x55, 0x43, 0x48, 0x41, 0x2c, 0x20, 0x44, 
	0x4b, 0x2e, 0x20, 0x53, 0x41, 0x4c, 0x54, 0x41, 0x20, 0x41, 0x20, 0x4d, 0x49, 0x20, 0x42, 0x41, 
	0x52, 0x52, 0x49, 0x4c, 0x20, 0x43, 0x4f, 0x4e, 0x20, 0x54, 0x55, 0x20, 0x43, 0x41, 0x52, 0x41, 
	0x20, 0x50, 0x45, 0x4c, 0x55, 0x44, 0x41, 0x20, 0x45, 0x4e, 0x20, 0xc9, 0x4c, 0x20, 0x59, 0x20, 
	0x54, 0x45, 0x20, 0x56, 0x4f, 0x4c, 0x56, 0x45, 0x52, 0xc1, 0x53, 0x20, 0x54, 0x45, 0x4d, 0x50, 
	0x4f, 0x52, 0x41, 0x4c, 0x4d, 0x45, 0x4e, 0x54, 0x45, 0x20, 0x49, 0x4e, 0x56, 0x45, 0x4e, 0x43, 
	0x49, 0x42, 0x4c, 0x45, 0x2c, 0x20, 0x4d, 0x49, 0x45, 0x4e, 0x54, 0x52, 0x41, 0x53, 0x20, 0x54, 
	0x45, 0x4e, 0x47, 0x41, 0x53, 0x20, 0x43, 0x4f, 0x43, 0x4f, 0x53, 0x20, 0x44, 0x45, 0x20, 0x43, 
	0x52, 0x49, 0x53, 0x54, 0x41, 0x4c, 0x2e, 0x48, 0x55, 0x4d, 0x2e, 0x2e, 0x2e, 0x20, 0x4e, 0x4f, 
	0x20, 0x53, 0xc9, 0x20, 0x53, 0x49, 0x20, 0x54, 0x45, 0x20, 0x4d, 0x45, 0x52, 0x45, 0x43, 0x45, 
	0x53, 0x20, 0x45, 0x53, 0x54, 0x41, 0x20, 0x4a, 0x4f, 0x59, 0x41, 0x2e, 0x45, 0x53, 0x54, 0xc1, 
	0x20, 0x42, 0x49, 0x45, 0x4e, 0x2e, 0x20, 0x53, 0x41, 0x4c, 0x54, 0x41, 0x20, 0x41, 0x4c, 0x20, 
	0x42, 0x41, 0x52, 0x52, 0x49, 0x4c, 0x20, 0x51, 0x55, 0x45, 0x20, 0x54, 0x49, 0x45, 0x4e, 0x45, 
	0x20, 0x54, 0x55, 0x20, 0x43, 0x41, 0x52, 0x41, 0x20, 0x50, 0x41, 0x52, 0x41, 0x20, 0x50, 0x52, 
	0x4f, 0x42, 0x41, 0x52, 0x20, 0x4d, 0x49, 0x20, 0x50, 0x52, 0x4f, 0x54, 0x4f, 0x54, 0x49, 0x50, 
	0x4f, 0x20, 0x44, 0x45, 0x20, 0x4a, 0x45, 0x54, 0x20, 0x42, 0x41, 0x52, 0x52, 0x49, 0x4c, 0x2e, 
	0x53, 0x41, 0x4c, 0x54, 0x41, 0x20, 0x41, 0x4c, 0x20, 0x41, 0x49, 0x52, 0x45, 0x20, 0x53, 0x49, 
	0x20, 0x50, 0x55, 0x45, 0x44, 0x45, 0x53, 0x20, 0x50, 0x45, 0x52, 0x4f, 0x20, 0x4e, 0x4f, 0x20, 
	0x50, 0x49, 0x45, 0x52, 0x44, 0x41, 0x53, 0x20, 0x44, 0x45, 0x20, 0x56, 0x49, 0x53, 0x54, 0x41, 
	0x20, 0x54, 0x55, 0x53, 0x20, 0x43, 0x4f, 0x43, 0x4f, 0x53, 0x20, 0x44, 0x45, 0x20, 0x43, 0x52, 
	0x49, 0x53, 0x54, 0x41, 0x4c, 0x2c, 0x20, 0x50, 0x55, 0x45, 0x53, 0x20, 0x4d, 0x45, 0x20, 0x50, 
	0x41, 0x52, 0x45, 0x43, 0x45, 0x20, 0x51, 0x55, 0x45, 0x20, 0x4c, 0x4f, 0x53, 0x20, 0x56, 0x41, 
	0x53, 0x20, 0x41, 0x20, 0x4e, 0x45, 0x43, 0x45, 0x53, 0x49, 0x54, 0x41, 0x52, 0x2e, 0x50, 0x55, 
	0x4c, 0x53, 0x41, 0x50, 0x41, 0x52, 0x41, 0x20, 0x41, 0x56, 0x41, 0x4e, 0x5a, 0x41, 0x52, 0x2c, 
	0x53, 0x49, 0x20, 0x51, 0x55, 0x49, 0x45, 0x52, 0x45, 0x53, 0x20, 0x4d, 0x41, 0x4e, 0x54, 0x45, 
	0x4e, 0x45, 0x52, 0x54, 0x45, 0x20, 0x59, 0x50, 0x41, 0x52, 0x41, 0x20, 0x44, 0x49, 0x53, 0x50, 
	0x41, 0x52, 0x41, 0x52, 0x20, 0x54, 0x55, 0x53, 0x20, 0x43, 0x41, 0x43, 0x41, 0x48, 0x55, 0x45, 
	0x54, 0x4f, 0x4c, 0x41, 0x53, 0x2e, 0x20, 0x49, 0x4e, 0x43, 0x52, 0x45, 0xcd, 0x42, 0x4c, 0x45, 
	0x2c, 0x20, 0xbf, 0x56, 0x45, 0x52, 0x44, 0x41, 0x44, 0x3f, 0x59, 0x41, 0x20, 0x45, 0x53, 0x20, 
	0x48, 0x4f, 0x52, 0x41, 0x20, 0x44, 0x45, 0x20, 0x48, 0x41, 0x43, 0x45, 0x52, 0x20, 0x41, 0x4c, 
	0x47, 0x4f, 0x20, 0x43, 0x4f, 0x4e, 0x20, 0x54, 0x55, 0x20, 0x45, 0x53, 0x54, 0xda, 0x50, 0x49, 
	0x44, 0x4f, 0x20, 0x50, 0x45, 0x4c, 0x4f, 0x2c, 0x20, 0x7e, 0x2c, 0x20, 0x59, 0x20, 0x55, 0x53, 
	0x41, 0x52, 0x4c, 0x4f, 0x20, 0x50, 0x41, 0x52, 0x41, 0x20, 0x41, 0x4d, 0x50, 0x4c, 0x49, 0x41, 
	0x52, 0x20, 0x54, 0x55, 0x20, 0x45, 0x53, 0x43, 0x41, 0x53, 0x41, 0x20, 0x43, 0x41, 0x50, 0x41, 
	0x43, 0x49, 0x44, 0x41, 0x44, 0x20, 0x44, 0x45, 0x20, 0x53, 0x41, 0x4c, 0x54, 0x4f, 0x2e, 0x50, 
	0x55, 0x4c, 0x53, 0x41, 0x50, 0x41, 0x52, 0x41, 0x20, 0x53, 0x41, 0x4c, 0x54, 0x41, 0x52, 0x20, 
	0x59, 0x20, 0x45, 0x4e, 0x54, 0x4f, 0x4e, 0x43, 0x45, 0x53, 0x20, 0x50, 0x55, 0x4c, 0x53, 0x41, 
	0x20, 0x59, 0x20, 0x4d, 0x41, 0x4e, 0x54, 0xc9, 0x4e, 0x44, 0x45, 0x20, 0x4e, 0x55, 0x45, 0x56, 
	0x4f, 0x20, 0x4d, 0x49, 0x45, 0x4e, 0x54, 0x52, 0x41, 0x53, 0x20, 0x45, 0x53, 0x54, 0xc9, 0x53, 
	0x20, 0x45, 0x4e, 0x20, 0x45, 0x4c, 0x20, 0x41, 0x49, 0x52, 0x45, 0x2e, 0x20, 0xa1, 0x56, 0x41, 
	0x4d, 0x4f, 0x53, 0x2c, 0x20, 0x48, 0x41, 0x5a, 0x20, 0x55, 0x4e, 0x41, 0x53, 0x20, 0x50, 0x49, 
	0x52, 0x55, 0x45, 0x54, 0x41, 0x53, 0x21, 0x53, 0xd3, 0x4c, 0x4f, 0x20, 0x45, 0x4e, 0x54, 0x49, 
	0x45, 0x4e, 0x44, 0x45, 0x53, 0x20, 0x4c, 0x41, 0x20, 0x46, 0x55, 0x45, 0x52, 0x5a, 0x41, 0x20, 
	0x42, 0x52, 0x55, 0x54, 0x41, 0x2c, 0x20, 0x7e, 0x2c, 0x20, 0x41, 0x53, 0xcd, 0x20, 0x51, 0x55, 
	0x45, 0x20, 0x45, 0x53, 0x54, 0x4f, 0x20, 0x53, 0x45, 0x52, 0xc1, 0x20, 0x50, 0x45, 0x52, 0x46, 
	0x45, 0x43, 0x54, 0x4f, 0x20, 0x50, 0x41, 0x52, 0x41, 0x20, 0x54, 0x49, 0x2e, 0x50, 0x55, 0x4c, 
	0x53, 0x41, 0x20, 0x59, 0x20, 0x4d, 0x41, 0x4e, 0x54, 0xc9, 0x4e, 0x45, 0x4e, 0x54, 0x4f, 0x4e, 
	0x43, 0x45, 0x53, 0x20, 0x50, 0x55, 0x4c, 0x53, 0x41, 0x50, 0x41, 0x52, 0x41, 0x20, 0x41, 0x50, 
	0x4c, 0x41, 0x53, 0x54, 0x41, 0x52, 0x20, 0x41, 0x20, 0x43, 0x55, 0x41, 0x4c, 0x51, 0x55, 0x49, 
	0x45, 0x52, 0x41, 0x20, 0x51, 0x55, 0x45, 0x20, 0x4e, 0x4f, 0x20, 0x54, 0x45, 0x20, 0x47, 0x55, 
	0x53, 0x54, 0x45, 0x2e, 0xa1, 0x54, 0x45, 0x20, 0x4c, 0x4f, 0x20, 0x50, 0x41, 0x53, 0x41, 0x52, 
	0xc1, 0x53, 0x20, 0x45, 0x4e, 0x20, 0x47, 0x52, 0x41, 0x4e, 0x44, 0x45, 0x20, 0x43, 0x4f, 0x4e, 
	0x20, 0x45, 0x53, 0x54, 0x4f, 0x2c, 0x20, 0x7e, 0x21, 0x46, 0x4c, 0x4f, 0x54, 0x41, 0x52, 0xc1, 
	0x53, 0x20, 0x55, 0x4e, 0x20, 0x50, 0x4f, 0x43, 0x4f, 0x20, 0x50, 0x4f, 0x52, 0x20, 0x45, 0x4c, 
	0x20, 0x41, 0x49, 0x52, 0x45, 0x20, 0x53, 0x49, 0x20, 0x45, 0x4e, 0x43, 0x55, 0x45, 0x4e, 0x54, 
	0x52, 0x41, 0x53, 0x20, 0x4d, 0x49, 0x20, 0x43, 0x48, 0x41, 0x50, 0x41, 0x20, 0x43, 0x4f, 0x4e, 
	0x20, 0x54, 0x55, 0x20, 0x43, 0x41, 0x52, 0x41, 0x20, 0x45, 0x4e, 0x20, 0x45, 0x4c, 0x4c, 0x41, 
	0x20, 0x59, 0x20, 0x50, 0x55, 0x4c, 0x53, 0x41, 0x53, 0x50, 0x41, 0x52, 0x41, 0x20, 0x49, 0x4e, 
	0x46, 0x4c, 0x41, 0x52, 0x54, 0x45, 0x2e, 0x20, 0x50, 0x55, 0x4c, 0x53, 0x41, 0x44, 0x45, 0x20, 
	0x4e, 0x55, 0x45, 0x56, 0x4f, 0x20, 0x50, 0x41, 0x52, 0x41, 0x20, 0x44, 0x45, 0x53, 0x49, 0x4e, 
	0x46, 0x4c, 0x41, 0x52, 0x54, 0x45, 0x2e, 0x20, 0x20, 0x4e, 0x4f, 0x20, 0x43, 0x52, 0x45, 0x4f, 
	0x20, 0x51, 0x55, 0x45, 0x20, 0x50, 0x55, 0x45, 0x44, 0x41, 0x53, 0x20, 0x55, 0x53, 0x41, 0x52, 
	0x4c, 0x4f, 0x20, 0x44, 0x55, 0x52, 0x41, 0x4e, 0x54, 0x45, 0x20, 0x44, 0x45, 0x4d, 0x41, 0x53, 
	0x49, 0x41, 0x44, 0x4f, 0x20, 0x54, 0x49, 0x45, 0x4d, 0x50, 0x4f, 0x2e, 0x56, 0x45, 0x41, 0x4d, 
	0x4f, 0x53, 0x20, 0x53, 0x49, 0x20, 0x45, 0x52, 0x45, 0x53, 0x20, 0x54, 0x41, 0x4e, 0x20, 0x46, 
	0x55, 0x45, 0x52, 0x54, 0x45, 0x20, 0x43, 0x4f, 0x4d, 0x4f, 0x20, 0x53, 0x45, 0x20, 0x44, 0x49, 
	0x43, 0x45, 0x2e, 0x43, 0x55, 0x41, 0x4e, 0x44, 0x4f, 0x20, 0x45, 0x4e, 0x43, 0x55, 0x45, 0x4e, 
	0x54, 0x52, 0x45, 0x53, 0x20, 0x55, 0x4e, 0x41, 0x20, 0x50, 0x41, 0x4c, 0x41, 0x4e, 0x43, 0x41, 
	0x2c, 0x20, 0x53, 0x55, 0x42, 0x45, 0x20, 0x41, 0x20, 0x4c, 0x41, 0x20, 0x50, 0x4c, 0x41, 0x54, 
	0x41, 0x46, 0x4f, 0x52, 0x4d, 0x41, 0x20, 0x59, 0x20, 0x50, 0x55, 0x4c, 0x53, 0x41, 0x50, 0x41, 
	0x52, 0x41, 0x20, 0x49, 0x4e, 0x54, 0x45, 0x4e, 0x54, 0x41, 0x52, 0x20, 0x4d, 0x4f, 0x56, 0x45, 
	0x52, 0x4c, 0x41, 0x2e, 0x20, 0xa1, 0x41, 0x50, 0x55, 0x45, 0x53, 0x54, 0x4f, 0x20, 0x41, 0x20, 
	0x51, 0x55, 0x45, 0x20, 0x4e, 0x4f, 0x20, 0x50, 0x4f, 0x44, 0x52, 0xc1, 0x53, 0x21, 0x48, 0x41, 
	0x53, 0x54, 0x41, 0x20, 0x59, 0x4f, 0x20, 0x50, 0x55, 0x45, 0x44, 0x4f, 0x20, 0x53, 0x41, 0x4c, 
	0x54, 0x41, 0x52, 0x20, 0x4d, 0xc1, 0x53, 0x20, 0x41, 0x4c, 0x54, 0x4f, 0x20, 0x51, 0x55, 0x45, 
	0x20, 0x54, 0xda, 0x2c, 0x20, 0x7e, 0x2c, 0x20, 0x41, 0x53, 0xcd, 0x20, 0x51, 0x55, 0x45, 0x20, 
	0x45, 0x53, 0x54, 0x4f, 0x59, 0x20, 0x53, 0x45, 0x47, 0x55, 0x52, 0x4f, 0x20, 0x44, 0x45, 0x20, 
	0x51, 0x55, 0x45, 0x20, 0x4e, 0x45, 0x43, 0x45, 0x53, 0x49, 0x54, 0x41, 0x52, 0xc1, 0x53, 0x20, 
	0x45, 0x53, 0x54, 0x4f, 0x2e, 0xa1, 0x45, 0x4e, 0x43, 0x55, 0x45, 0x4e, 0x54, 0x52, 0x41, 0x20, 
	0x4d, 0x49, 0x20, 0x43, 0x48, 0x41, 0x50, 0x41, 0x20, 0x43, 0x4f, 0x4e, 0x20, 0x54, 0x55, 0x20, 
	0x43, 0x41, 0x52, 0x41, 0x20, 0x45, 0x4e, 0x20, 0x45, 0x4c, 0x4c, 0x41, 0x20, 0x59, 0x20, 0x50, 
	0x55, 0x4c, 0x53, 0x41, 0x50, 0x41, 0x52, 0x41, 0x20, 0x50, 0x4f, 0x44, 0x45, 0x52, 0x20, 0x53, 
	0x41, 0x4c, 0x54, 0x41, 0x52, 0x20, 0x4d, 0x55, 0x59, 0x20, 0x41, 0x4c, 0x54, 0x4f, 0x21, 0xa1, 
	0x50, 0x55, 0x45, 0x44, 0x4f, 0x20, 0x43, 0x4f, 0x52, 0x52, 0x45, 0x52, 0x20, 0x4d, 0xc1, 0x53, 
	0x20, 0x52, 0xc1, 0x50, 0x49, 0x44, 0x4f, 0x20, 0x51, 0x55, 0x45, 0x20, 0x54, 0xda, 0x2c, 0x20, 
	0x7e, 0x2c, 0x20, 0x49, 0x4e, 0x43, 0x4c, 0x55, 0x53, 0x4f, 0x20, 0x4c, 0x4c, 0x45, 0x56, 0x41, 
	0x4e, 0x44, 0x4f, 0x20, 0x41, 0x20, 0x4b, 0x2e, 0x52, 0x4f, 0x4f, 0x4c, 0x20, 0x45, 0x4e, 0x20, 
	0x4d, 0x49, 0x20, 0x45, 0x53, 0x50, 0x41, 0x4c, 0x44, 0x41, 0x21, 0x20, 0x45, 0x53, 0x54, 0x41, 
	0x20, 0x50, 0xd3, 0x43, 0x49, 0x4d, 0x41, 0x20, 0x45, 0x53, 0x20, 0x55, 0x4e, 0x41, 0x20, 0x4e, 
	0x45, 0x43, 0x45, 0x53, 0x49, 0x44, 0x41, 0x44, 0x20, 0x50, 0x41, 0x52, 0x41, 0x20, 0x54, 0x49, 
	0x2e, 0x53, 0x41, 0x4c, 0x54, 0x41, 0x20, 0x45, 0x4e, 0x20, 0x4d, 0x49, 0x20, 0x42, 0x41, 0x52, 
	0x52, 0x49, 0x4c, 0x20, 0x43, 0x4f, 0x4e, 0x20, 0x54, 0x55, 0x20, 0x43, 0x41, 0x52, 0x41, 0x20, 
	0x59, 0x20, 0x54, 0x45, 0x20, 0x43, 0x4f, 0x4e, 0x56, 0x45, 0x52, 0x54, 0x49, 0x52, 0xc1, 0x53, 
	0x20, 0x45, 0x4e, 0x20, 0x55, 0x4e, 0x20, 0x56, 0x45, 0x52, 0x44, 0x41, 0x44, 0x45, 0x52, 0x4f, 
	0x20, 0x52, 0x41, 0x59, 0x4f, 0x2e, 0xa1, 0x53, 0xd3, 0x4c, 0x4f, 0x20, 0x54, 0x49, 0x45, 0x4e, 
	0x45, 0x53, 0x20, 0x51, 0x55, 0x45, 0x20, 0x41, 0x53, 0x45, 0x47, 0x55, 0x52, 0x41, 0x52, 0x54, 
	0x45, 0x20, 0x44, 0x45, 0x20, 0x51, 0x55, 0x45, 0x20, 0x54, 0x49, 0x45, 0x4e, 0x45, 0x53, 0x20, 
	0x55, 0x4e, 0x20, 0x4d, 0x4f, 0x4e, 0x54, 0xd3, 0x4e, 0x20, 0x44, 0x45, 0x20, 0x43, 0x4f, 0x43, 
	0x4f, 0x53, 0x20, 0x44, 0x45, 0x20, 0x43, 0x52, 0x49, 0x53, 0x54, 0x41, 0x4c, 0x21, 0x45, 0x53, 
	0x54, 0x4f, 0x59, 0x20, 0x4d, 0x55, 0x59, 0x20, 0x4f, 0x52, 0x47, 0x55, 0x4c, 0x4c, 0x4f, 0x53, 
	0x4f, 0x20, 0x44, 0x45, 0x20, 0xc9, 0x53, 0x54, 0x41, 0x2c, 0x20, 0x7e, 0x2e, 0x20, 0x53, 0x49, 
	0x20, 0x54, 0x45, 0x20, 0x50, 0x4f, 0x4e, 0x45, 0x53, 0x20, 0x45, 0x4e, 0x20, 0x4d, 0x49, 0x20, 
	0x43, 0x48, 0x41, 0x50, 0x41, 0x20, 0x43, 0x4f, 0x4e, 0x20, 0x54, 0x55, 0x20, 0x43, 0x41, 0x52, 
	0x41, 0x20, 0x59, 0x20, 0x50, 0x55, 0x4c, 0x53, 0x41, 0x53, 0x53, 0x45, 0x52, 0xc1, 0x53, 0x20, 
	0x4c, 0x4c, 0x45, 0x56, 0x41, 0x44, 0x41, 0x20, 0x48, 0x41, 0x53, 0x54, 0x41, 0x20, 0x4f, 0x54, 
	0x52, 0x41, 0x20, 0x4c, 0x4f, 0x43, 0x41, 0x4c, 0x49, 0x5a, 0x41, 0x43, 0x49, 0xd3, 0x4e, 0x2e, 
	0x48, 0x41, 0x5a, 0x4e, 0x4f, 0x53, 0x20, 0x55, 0x4e, 0x20, 0x46, 0x41, 0x56, 0x4f, 0x52, 0x20, 
	0x41, 0x20, 0x54, 0x4f, 0x44, 0x4f, 0x53, 0x20, 0x59, 0x20, 0x55, 0x53, 0x41, 0x20, 0xc9, 0x53, 
	0x54, 0x41, 0x20, 0x54, 0x4f, 0x44, 0x4f, 0x20, 0x4c, 0x4f, 0x20, 0x51, 0x55, 0x45, 0x20, 0x50, 
	0x55, 0x45, 0x44, 0x41, 0x53, 0x2c, 0x20, 0xbf, 0x45, 0x48, 0x2c, 0x20, 0x7e, 0x3f, 0x50, 0x4f, 
	0x4e, 0x54, 0x45, 0x20, 0x45, 0x4e, 0x20, 0x4d, 0x49, 0x20, 0x43, 0x48, 0x41, 0x50, 0x41, 0x20, 
	0x43, 0x4f, 0x4e, 0x20, 0x54, 0x55, 0x20, 0x43, 0x41, 0x52, 0x41, 0x20, 0x59, 0x20, 0x50, 0x55, 
	0x4c, 0x53, 0x41, 0x50, 0x41, 0x52, 0x41, 0x20, 0x56, 0x4f, 0x4c, 0x56, 0x45, 0x52, 0x54, 0x45, 
	0x20, 0x49, 0x4e, 0x56, 0x49, 0x53, 0x49, 0x42, 0x4c, 0x45, 0x2e, 0x20, 0xa1, 0x41, 0x53, 0xcd, 
	0x20, 0x4e, 0x4f, 0x20, 0x54, 0x45, 0x4e, 0x44, 0x52, 0x45, 0x4d, 0x4f, 0x53, 0x20, 0x51, 0x55, 
	0x45, 0x20, 0x53, 0x4f, 0x50, 0x4f, 0x52, 0x54, 0x41, 0x52, 0x20, 0x54, 0x55, 0x20, 0x50, 0x4f, 
	0x4e, 0x5a, 0x4f, 0xd1, 0x4f, 0x53, 0x41, 0x20, 0x50, 0x52, 0x45, 0x53, 0x45, 0x4e, 0x43, 0x49, 
	0x41, 0x21, 0x50, 0x52, 0x45, 0x53, 0x54, 0x41, 0x20, 0x41, 0x54, 0x45, 0x4e, 0x43, 0x49, 0xd3, 
	0x4e, 0x2c, 0x20, 0x7e, 0x2e, 0x20, 0x54, 0xda, 0x20, 0x59, 0x20, 0x54, 0x4f, 0x44, 0x4f, 0x53, 
	0x20, 0x4c, 0x4f, 0x53, 0x20, 0x4b, 0x4f, 0x4e, 0x47, 0x20, 0x50, 0x4f, 0x44, 0xc9, 0x49, 0x53, 
	0x20, 0x43, 0x45, 0x52, 0x52, 0x41, 0x52, 0x20, 0x41, 0x48, 0x4f, 0x52, 0x41, 0x20, 0x4c, 0x4f, 
	0x53, 0x20, 0x49, 0x4e, 0x54, 0x45, 0x52, 0x52, 0x55, 0x50, 0x54, 0x4f, 0x52, 0x45, 0x53, 0x20, 
	0x56, 0x45, 0x52, 0x44, 0x45, 0x53, 0x2e, 0x20, 0x50, 0x55, 0x4c, 0x53, 0x41, 0x50, 0x41, 0x52, 
	0x41, 0x20, 0x53, 0x41, 0x4c, 0x54, 0x41, 0x52, 0x20, 0x59, 0x20, 0x45, 0x4e, 0x54, 0x4f, 0x4e, 
	0x43, 0x45, 0x53, 0x20, 0x50, 0x55, 0x4c, 0x53, 0x41, 0x50, 0x41, 0x52, 0x41, 0x20, 0x47, 0x4f, 
	0x4c, 0x50, 0x45, 0x41, 0x52, 0x20, 0x41, 0x4c, 0x20, 0x42, 0x41, 0x4a, 0x41, 0x52, 0x2e, 0xbf, 
	0x4d, 0x45, 0x20, 0x45, 0x53, 0x54, 0xc1, 0x53, 0x20, 0x45, 0x53, 0x43, 0x55, 0x43, 0x48, 0x41, 
	0x4e, 0x44, 0x4f, 0x2c, 0x20, 0x7e, 0x3f, 0x54, 0xda, 0x20, 0x59, 0x20, 0x4c, 0x4f, 0x53, 0x20, 
	0x52, 0x45, 0x53, 0x54, 0x41, 0x4e, 0x54, 0x45, 0x53, 0x20, 0x52, 0x4f, 0xd1, 0x4f, 0x53, 0x4f, 
	0x53, 0x20, 0x4b, 0x4f, 0x4e, 0x47, 0x20, 0x50, 0x4f, 0x44, 0xc9, 0x49, 0x53, 0x20, 0x41, 0x48, 
	0x4f, 0x52, 0x41, 0x20, 0x53, 0x41, 0x43, 0x55, 0x44, 0x49, 0x52, 0x20, 0x4c, 0x4f, 0x53, 0x20, 
	0x49, 0x4e, 0x54, 0x45, 0x52, 0x52, 0x55, 0x50, 0x54, 0x4f, 0x52, 0x45, 0x53, 0x20, 0x41, 0x5a, 
	0x55, 0x4c, 0x45, 0x53, 0x2e, 0x54, 0x45, 0x20, 0x54, 0x4f, 0x4d, 0xd3, 0x20, 0x54, 0x49, 0x45, 
	0x4d, 0x50, 0x4f, 0x20, 0x4c, 0x4f, 0x47, 0x52, 0x41, 0x52, 0x4c, 0x4f, 0x2c, 0x20, 0xbf, 0x4e, 
	0x4f, 0x20, 0x45, 0x53, 0x20, 0x41, 0x53, 0xcd, 0x3f, 0x54, 0xda, 0x20, 0x59, 0x20, 0x54, 0x55, 
	0x53, 0x20, 0x50, 0x55, 0x4c, 0x47, 0x4f, 0x53, 0x4f, 0x53, 0x20, 0x4b, 0x4f, 0x4e, 0x47, 0x20, 
	0x50, 0x4f, 0x44, 0xc9, 0x49, 0x53, 0x20, 0x53, 0x41, 0x43, 0x55, 0x44, 0x49, 0x52, 0x20, 0x41, 
	0x48, 0x4f, 0x52, 0x41, 0x20, 0x4c, 0x4f, 0x53, 0x20, 0x49, 0x4e, 0x54, 0x45, 0x52, 0x52, 0x55, 
	0x50, 0x54, 0x4f, 0x52, 0x45, 0x53, 0x20, 0x52, 0x4f, 0x4a, 0x4f, 0x53, 0x2e, 0x53, 0x49, 0x20, 
	0x4e, 0x4f, 0x20, 0x4d, 0x45, 0x20, 0x43, 0x41, 0x59, 0x45, 0x52, 0x41, 0x53, 0x20, 0x42, 0x49, 
	0x45, 0x4e, 0x2c, 0x20, 0x45, 0x53, 0x54, 0x41, 0x52, 0xcd, 0x41, 0x53, 0x20, 0x44, 0x45, 0x20, 
	0x4d, 0xc1, 0x53, 0x2c, 0x20, 0x48, 0x49, 0x4a, 0x4f, 0x2e, 0x20, 0xbf, 0x48, 0x41, 0x53, 0x20, 
	0x50, 0x45, 0x52, 0x44, 0x49, 0x44, 0x4f, 0x20, 0x44, 0x45, 0x20, 0x4e, 0x55, 0x45, 0x56, 0x4f, 
	0x20, 0x54, 0x55, 0x53, 0x20, 0x42, 0x41, 0x4e, 0x41, 0x4e, 0x41, 0x53, 0x20, 0x44, 0x4f, 0x52, 
	0x41, 0x44, 0x41, 0x53, 0x3f, 0x20, 0xbf, 0x59, 0x20, 0x44, 0xd3, 0x4e, 0x44, 0x45, 0x20, 0x45, 
	0x53, 0x54, 0xc1, 0x4e, 0x20, 0x54, 0x55, 0x53, 0x20, 0x50, 0x55, 0x4c, 0x47, 0x4f, 0x53, 0x4f, 
	0x53, 0x20, 0x41, 0x4d, 0x49, 0x47, 0x4f, 0x53, 0x3f, 0x4e, 0x4f, 0x20, 0x4c, 0x4f, 0x20, 0x53, 
	0x41, 0x42, 0x45, 0x53, 0x2c, 0x20, 0xbf, 0x56, 0x45, 0x52, 0x44, 0x41, 0x44, 0x3f, 0x20, 0xa1, 
	0x50, 0x45, 0x4e, 0x53, 0xc9, 0x20, 0x51, 0x55, 0x45, 0x20, 0x41, 0x20, 0x45, 0x53, 0x54, 0x41, 
	0x53, 0x20, 0x41, 0x4c, 0x54, 0x55, 0x52, 0x41, 0x53, 0x20, 0x53, 0x45, 0x52, 0xcd, 0x41, 0x53, 
	0x20, 0x43, 0x41, 0x50, 0x41, 0x5a, 0x20, 0x44, 0x45, 0x20, 0x4f, 0x4c, 0x45, 0x52, 0x20, 0x45, 
	0x4c, 0x20, 0x54, 0x52, 0x41, 0x42, 0x41, 0x4a, 0x4f, 0x20, 0x44, 0x45, 0x20, 0x55, 0x4e, 0x20, 
	0x52, 0x45, 0x50, 0x54, 0x49, 0x4c, 0x21, 0x41, 0x46, 0x4f, 0x52, 0x54, 0x55, 0x4e, 0x41, 0x44, 
	0x41, 0x4d, 0x45, 0x4e, 0x54, 0x45, 0x20, 0x50, 0x41, 0x52, 0x41, 0x20, 0x54, 0x49, 0x2c, 0x20, 
	0x4c, 0x41, 0x20, 0x52, 0x45, 0x4d, 0x45, 0x53, 0x41, 0x20, 0x44, 0x45, 0x20, 0x50, 0xd3, 0x43, 
	0x49, 0x4d, 0x41, 0x53, 0x20, 0x43, 0x41, 0x53, 0x45, 0x52, 0x41, 0x53, 0x20, 0x44, 0x45, 0x4c, 
	0x20, 0x56, 0x49, 0x45, 0x4a, 0x4f, 0x20, 0x43, 0x52, 0x41, 0x4e, 0x4b, 0x59, 0x20, 0x54, 0x45, 
	0x20, 0x44, 0x41, 0x52, 0xc1, 0x20, 0x54, 0x4f, 0x44, 0x41, 0x53, 0x20, 0x4c, 0x41, 0x53, 0x20, 
	0x48, 0x41, 0x42, 0x49, 0x4c, 0x49, 0x44, 0x41, 0x44, 0x45, 0x53, 0x20, 0x51, 0x55, 0x45, 0x20, 
	0x4e, 0x45, 0x43, 0x45, 0x53, 0x49, 0x54, 0x41, 0x53, 0x20, 0x50, 0x41, 0x52, 0x41, 0x20, 0x54, 
	0x55, 0x20, 0x41, 0x42, 0x53, 0x55, 0x52, 0x44, 0x41, 0x20, 0x4d, 0x49, 0x53, 0x49, 0xd3, 0x4e, 
	0x20, 0x33, 0x44, 0x2c, 0x20, 0x50, 0x45, 0x52, 0x4f, 0x20, 0x4e, 0x4f, 0x54, 0x45, 0x4e, 0x44, 
	0x52, 0xc1, 0x53, 0x20, 0x4e, 0x49, 0x4e, 0x47, 0x55, 0x4e, 0x41, 0x20, 0x48, 0x41, 0x53, 0x54, 
	0x41, 0x20, 0x51, 0x55, 0x45, 0x20, 0x4e, 0x4f, 0x20, 0x48, 0x41, 0x59, 0x41, 0x53, 0x20, 0x43, 
	0x4f, 0x4d, 0x50, 0x4c, 0x45, 0x54, 0x41, 0x44, 0x4f, 0x20, 0x4d, 0x49, 0x53, 0x20, 0x42, 0x41, 
	0x52, 0x52, 0x49, 0x4c, 0x45, 0x53, 0x20, 0x44, 0x45, 0x20, 0x45, 0x4e, 0x54, 0x52, 0x45, 0x4e, 
	0x41, 0x4d, 0x49, 0x45, 0x4e, 0x54, 0x4f, 0x2e, 0x20, 0x41, 0x48, 0x4f, 0x52, 0x41, 0x20, 0x4c, 
	0xc1, 0x52, 0x47, 0x41, 0x54, 0x45, 0x20, 0x59, 0x20, 0x56, 0x55, 0x45, 0x4c, 0x56, 0x45, 0x20, 
	0x43, 0x55, 0x41, 0x4e, 0x44, 0x4f, 0x20, 0x4c, 0x4f, 0x53, 0x20, 0x48, 0x41, 0x59, 0x41, 0x53, 
	0x20, 0x41, 0x43, 0x41, 0x42, 0x41, 0x44, 0x4f, 0x20, 0x54, 0x4f, 0x44, 0x4f, 0x53, 0x2e, 0xbf, 
	0x51, 0x55, 0xc9, 0x20, 0x54, 0x45, 0x20, 0x44, 0x49, 0x4a, 0x45, 0x2c, 0x20, 0x44, 0x4b, 0x3f, 
	0x20, 0xa1, 0x56, 0x55, 0x45, 0x4c, 0x56, 0x45, 0x20, 0x43, 0x55, 0x41, 0x4e, 0x44, 0x4f, 0x20, 
	0x48, 0x41, 0x59, 0x41, 0x53, 0x20, 0x43, 0x4f, 0x4d, 0x50, 0x4c, 0x45, 0x54, 0x41, 0x44, 0x4f, 
	0x20, 0x4d, 0x49, 0x53, 0x20, 0x42, 0x41, 0x52, 0x52, 0x49, 0x4c, 0x45, 0x53, 0x20, 0x44, 0x45, 
	0x20, 0x45, 0x4e, 0x54, 0x52, 0x45, 0x4e, 0x41, 0x4d, 0x49, 0x45, 0x4e, 0x54, 0x4f, 0x2c, 0x20, 
	0x45, 0x53, 0x54, 0xda, 0x50, 0x49, 0x44, 0x4f, 0x20, 0x4d, 0x4f, 0x4e, 0x4f, 0x21, 0x48, 0x55, 
	0x4d, 0x2c, 0x20, 0x54, 0x45, 0x20, 0x54, 0x4f, 0x4d, 0xd3, 0x20, 0x54, 0x55, 0x20, 0x54, 0x49, 
	0x45, 0x4d, 0x50, 0x4f, 0x2c, 0x20, 0x7e, 0x2e, 0x20, 0x4c, 0x41, 0x20, 0x4a, 0x55, 0x4e, 0x47, 
	0x4c, 0x41, 0x20, 0x54, 0x45, 0x20, 0x48, 0x41, 0x20, 0x4f, 0x58, 0x49, 0x44, 0x41, 0x44, 0x4f, 
	0x2c, 0x20, 0xbf, 0x56, 0x45, 0x52, 0x44, 0x41, 0x44, 0x3f, 0x20, 0x54, 0x4f, 0x4d, 0x41, 0x2c, 
	0x20, 0x42, 0x45, 0x42, 0x45, 0x20, 0x45, 0x53, 0x54, 0x4f, 0x2e, 0x2e, 0x2e, 0x41, 0x20, 0x50, 
	0x41, 0x52, 0x54, 0x49, 0x52, 0x20, 0x44, 0x45, 0x20, 0x41, 0x48, 0x4f, 0x52, 0x41, 0x20, 0x54, 
	0xda, 0x20, 0x59, 0x20, 0x54, 0x55, 0x53, 0x20, 0x41, 0x4d, 0x49, 0x47, 0x4f, 0x53, 0x20, 0x50, 
	0x45, 0x52, 0x44, 0x49, 0x44, 0x4f, 0x53, 0x20, 0x50, 0x4f, 0x44, 0x52, 0xc9, 0x49, 0x53, 0x20, 
	0x53, 0x41, 0x43, 0x55, 0x44, 0x49, 0x52, 0x20, 0x45, 0x4c, 0x20, 0x53, 0x55, 0x45, 0x4c, 0x4f, 
	0x20, 0x50, 0x55, 0x4c, 0x53, 0x41, 0x4e, 0x44, 0x4f, 0x50, 0x41, 0x52, 0x41, 0x20, 0x53, 0x41, 
	0x4c, 0x54, 0x41, 0x52, 0x20, 0x59, 0x20, 0x45, 0x4e, 0x54, 0x4f, 0x4e, 0x43, 0x45, 0x53, 0x4d, 
	0x49, 0x45, 0x4e, 0x54, 0x52, 0x41, 0x53, 0x20, 0x45, 0x53, 0x54, 0xc9, 0x49, 0x53, 0x20, 0x45, 
	0x4e, 0x20, 0x45, 0x4c, 0x20, 0x41, 0x49, 0x52, 0x45, 0x2e, 0x20, 0x41, 0x53, 0xcd, 0x20, 0x43, 
	0x4f, 0x4e, 0x54, 0x52, 0x4f, 0x4c, 0x41, 0x52, 0xc9, 0x49, 0x53, 0x20, 0x45, 0x4c, 0x20, 0x50, 
	0x55, 0x4e, 0x54, 0x4f, 0x20, 0x45, 0x4e, 0x20, 0x51, 0x55, 0x45, 0x20, 0x43, 0x41, 0xc9, 0x49, 
	0x53, 0x2e, 0x41, 0x48, 0x2c, 0x20, 0x55, 0x4e, 0x41, 0x20, 0x43, 0x4f, 0x53, 0x41, 0x20, 0x4d, 
	0xc1, 0x53, 0x2e, 0x20, 0x54, 0x45, 0x4e, 0x47, 0x4f, 0x20, 0x55, 0x4e, 0x41, 0x20, 0x45, 0x58, 
	0x43, 0x45, 0x4c, 0x45, 0x4e, 0x54, 0x45, 0x20, 0x4f, 0x46, 0x45, 0x52, 0x54, 0x41, 0x20, 0x50, 
	0x41, 0x52, 0x41, 0x20, 0x54, 0x49, 0x2c, 0x20, 0x50, 0x45, 0x52, 0x4f, 0x20, 0x53, 0xd3, 0x4c, 
	0x4f, 0x20, 0x53, 0x49, 0x20, 0x4d, 0x45, 0x20, 0x54, 0x52, 0x41, 0x45, 0x53, 0x20, 0x40, 0x20, 
	0x4d, 0x45, 0x44, 0x41, 0x4c, 0x4c, 0x41, 0x53, 0x20, 0x42, 0x41, 0x4e, 0x41, 0x4e, 0x41, 0x2e, 
	0x43, 0x52, 0x45, 0x4f, 0x20, 0x51, 0x55, 0x45, 0x20, 0x53, 0x4f, 0x4e, 0x20, 0x41, 0x53, 0xcd, 
	0x3a, 0x54, 0x45, 0x20, 0x56, 0x45, 0x52, 0xc9, 0x20, 0x4c, 0x55, 0x45, 0x47, 0x4f, 0x20, 0x53, 
	0x49, 0x20, 0x54, 0x49, 0x45, 0x4e, 0x45, 0x53, 0x20, 0x53, 0x55, 0x45, 0x52, 0x54, 0x45, 0x2e, 
	0xbf, 0x4f, 0x54, 0x52, 0x41, 0x20, 0x56, 0x45, 0x5a, 0x20, 0x41, 0x51, 0x55, 0xcd, 0x2c, 0x20, 
	0x7e, 0x3f, 0x20, 0xbf, 0x54, 0x45, 0x20, 0x41, 0x50, 0x45, 0x54, 0x45, 0x43, 0x45, 0x20, 0x4f, 
	0x54, 0x52, 0x41, 0x20, 0x50, 0x41, 0x52, 0x54, 0x49, 0x44, 0x41, 0x20, 0x43, 0x4f, 0x4e, 0x20, 
	0x4d, 0x49, 0x20, 0x4a, 0x45, 0x54, 0x50, 0x41, 0x43, 0x3f, 0xa1, 0x42, 0x41, 0x48, 0x21, 0x20, 
	0xa1, 0x53, 0x41, 0x42, 0xcd, 0x41, 0x20, 0x51, 0x55, 0x45, 0x20, 0x53, 0x45, 0x52, 0xcd, 0x41, 
	0x53, 0x20, 0x44, 0x45, 0x43, 0x45, 0x50, 0x43, 0x49, 0x4f, 0x4e, 0x41, 0x4e, 0x54, 0x45, 0x20, 
	0x45, 0x4e, 0x20, 0x55, 0x4e, 0x20, 0x4a, 0x55, 0x45, 0x47, 0x4f, 0x20, 0x44, 0x45, 0x20, 0x56, 
	0x45, 0x52, 0x44, 0x41, 0x44, 0x21, 0x20, 0xbf, 0x4c, 0x4f, 0x20, 0x49, 0x4e, 0x54, 0x45, 0x4e, 
	0x54, 0x41, 0x53, 0x20, 0x44, 0x45, 0x20, 0x4e, 0x55, 0x45, 0x56, 0x4f, 0x2c, 0x20, 0x7e, 0x3f, 
	0xbf, 0x51, 0x2e, 0x2e, 0x2e, 0x20, 0x51, 0x55, 0xc9, 0x3f, 0x20, 0xbf, 0x54, 0x49, 0x45, 0x4e, 
	0x45, 0x53, 0x20, 0x4d, 0x49, 0x20, 0x4d, 0x4f, 0x4e, 0x45, 0x44, 0x41, 0x20, 0x52, 0x41, 0x52, 
	0x45, 0x57, 0x41, 0x52, 0x45, 0x3f, 0x20, 0x45, 0x53, 0x4f, 0x20, 0x45, 0x53, 0x20, 0x49, 0x4d, 
	0x50, 0x4f, 0x53, 0x49, 0x42, 0x4c, 0x45, 0x2c, 0x20, 0x48, 0x41, 0x42, 0x52, 0xc1, 0x53, 0x20, 
	0x48, 0x45, 0x43, 0x48, 0x4f, 0x20, 0x54, 0x52, 0x41, 0x4d, 0x50, 0x41, 0x2e, 0x42, 0x55, 0x45, 
	0x4e, 0x4f, 0x2c, 0x20, 0x4c, 0x4f, 0x20, 0xda, 0x4e, 0x49, 0x43, 0x4f, 0x20, 0x51, 0x55, 0x45, 
	0x20, 0x50, 0x55, 0x45, 0x44, 0x45, 0x53, 0x20, 0x48, 0x41, 0x43, 0x45, 0x52, 0x20, 0x45, 0x53, 
	0x20, 0x4a, 0x55, 0x47, 0x41, 0x52, 0x20, 0x50, 0x4f, 0x52, 0x20, 0x50, 0x4c, 0x41, 0x43, 0x45, 
	0x52, 0x2c, 0x20, 0x53, 0x55, 0x50, 0x4f, 0x4e, 0x47, 0x4f, 0x2e, 0x20, 0xbf, 0x54, 0x45, 0x20, 
	0x41, 0x50, 0x45, 0x54, 0x45, 0x43, 0x45, 0x3f, 0xa1, 0x56, 0x55, 0x45, 0x4c, 0x56, 0x45, 0x20, 
	0x43, 0x55, 0x41, 0x4e, 0x44, 0x4f, 0x20, 0x51, 0x55, 0x49, 0x45, 0x52, 0x41, 0x53, 0x20, 0x50, 
	0x41, 0x52, 0x41, 0x20, 0x45, 0x43, 0x48, 0x41, 0x52, 0x54, 0x45, 0x20, 0x4f, 0x54, 0x52, 0x41, 
	0x20, 0x50, 0x41, 0x52, 0x54, 0x49, 0x44, 0x41, 0x20, 0x41, 0x20, 0x55, 0x4e, 0x20, 0x56, 0x45, 
	0x52, 0x44, 0x41, 0x44, 0x45, 0x52, 0x4f, 0x20, 0x4a, 0x55, 0x45, 0x47, 0x4f, 0x21, 
};
u8 text_9[] = {
	0x16, 0x1, 0x1, 0x2, 0x0, 0x0, 0x0, 0x0, 0x0, 0x53, 0x0, 0x0, 0x0, 0x0, 0x0, 0x53, 
	0x0, 0x60, 0x0, 0x0, 0x0, 0x0, 0x0, 0x0, 0x1, 0x1, 0x2, 0x0, 0x0, 0x0, 0xb3, 0x0, 
	0x2d, 0x0, 0x0, 0x0, 0x0, 0x0, 0xe0, 0x0, 0x2b, 0x0, 0x0, 0x0, 0x0, 0x0, 0x0, 0x1, 
	0x1, 0x1, 0x0, 0x0, 0x1, 0xb, 0x0, 0x61, 0x0, 0x0, 0x0, 0x0, 0x0, 0x0, 0x1, 0x1, 
	0x2, 0x0, 0x0, 0x1, 0x6c, 0x0, 0x34, 0x0, 0x0, 0x0, 0x0, 0x1, 0xa0, 0x0, 0xc, 0x0, 
	0x0, 0x0, 0x0, 0x0, 0x0, 0x1, 0x1, 0x2, 0x0, 0x0, 0x1, 0xac, 0x0, 0x69, 0x0, 0x0, 
	0x0, 0x0, 0x2, 0x15, 0x0, 0x15, 0x0, 0x0, 0x0, 0x0, 0x0, 0x0, 0x1, 0x1, 0x2, 0x0, 
	0x0, 0x2, 0x2a, 0x0, 0x4a, 0x0, 0x0, 0x0, 0x0, 0x2, 0x74, 0x0, 0x2e, 0x0, 0x0, 0x0, 
	0x0, 0x0, 0x0, 0x1, 0x1, 0x3, 0x0, 0x0, 0x2, 0xa2, 0x0, 0x1f, 0x0, 0x0, 0x0, 0x0, 
	0x2, 0xc1, 0x0, 0x57, 0x0, 0x0, 0x0, 0x0, 0x3, 0x18, 0x0, 0x21, 0x0, 0x0, 0x0, 0x0, 
	0x0, 0x0, 0x1, 0x1, 0x1, 0x0, 0x0, 0x3, 0x39, 0x0, 0x71, 0x0, 0x0, 0x0, 0x0, 0x0, 
	0x0, 0x1, 0x1, 0x1, 0x0, 0x0, 0x3, 0xaa, 0x0, 0x61, 0x0, 0x0, 0x0, 0x0, 0x0, 0x0, 
	0x1, 0x1, 0x1, 0x0, 0x0, 0x4, 0xb, 0x0, 0x3b, 0x0, 0x0, 0x0, 0x0, 0x0, 0x0, 0x1, 
	0x1, 0x2, 0x0, 0x0, 0x4, 0x46, 0x0, 0x23, 0x0, 0x0, 0x0, 0x0, 0x4, 0x69, 0x0, 0x1b, 
	0x0, 0x0, 0x0, 0x0, 0x0, 0x0, 0x1, 0x1, 0x2, 0x0, 0x0, 0x4, 0x84, 0x0, 0x3b, 0x0, 
	0x0, 0x0, 0x0, 0x4, 0xbf, 0x0, 0x20, 0x0, 0x0, 0x0, 0x0, 0x0, 0x0, 0x1, 0x1, 0x2, 
	0x0, 0x0, 0x4, 0xdf, 0x0, 0x2d, 0x0, 0x0, 0x0, 0x0, 0x5, 0xc, 0x0, 0xf, 0x0, 0x0, 
	0x0, 0x0, 0x0, 0x0, 0x1, 0x1, 0x2, 0x0, 0x0, 0x5, 0x1b, 0x0, 0x6c, 0x0, 0x0, 0x0, 
	0x0, 0x5, 0x87, 0x0, 0xc, 0x0, 0x0, 0x0, 0x0, 0x0, 0x0, 0x1, 0x1, 0x2, 0x0, 0x0, 
	0x5, 0x93, 0x0, 0x2d, 0x0, 0x0, 0x0, 0x0, 0x5, 0xc0, 0x0, 0x4c, 0x0, 0x0, 0x0, 0x0, 
	0x0, 0x0, 0x1, 0x1, 0x2, 0x0, 0x0, 0x6, 0xc, 0x0, 0x5b, 0x0, 0x0, 0x0, 0x0, 0x6, 
	0x67, 0x0, 0x21, 0x0, 0x0, 0x0, 0x0, 0x0, 0x0, 0x1, 0x1, 0x1, 0x0, 0x0, 0x6, 0x88, 
	0x0, 0x48, 0x0, 0x0, 0x0, 0x0, 0x0, 0x0, 0x1, 0x1, 0x1, 0x0, 0x0, 0x6, 0xd0, 0x0, 
	0x2c, 0x0, 0x0, 0x0, 0x0, 0x0, 0x0, 0x5, 0x1, 0x2, 0x0, 0x0, 0x6, 0xfc, 0x0, 0x43, 
	0x0, 0x0, 0x0, 0x0, 0x7, 0x3f, 0x0, 0xe, 0x0, 0x0, 0x0, 0x0, 0x0, 0x0, 0x2, 0x1, 
	0x0, 0x70, 0x0, 0x0, 0x0, 0x0, 0x0, 0x0, 0x1, 0x1, 0x0, 0x0, 0x7, 0x4d, 0x0, 0xe, 
	0x0, 0x0, 0x0, 0x0, 0x0, 0x0, 0x2, 0x1, 0x0, 0x72, 0x0, 0x0, 0x0, 0x0, 0x0, 0x0, 
	0x1, 0x3, 0x0, 0x0, 0x7, 0x5b, 0x0, 0x6a, 0x0, 0x0, 0x0, 0x0, 0x7, 0xc5, 0x0, 0x2e, 
	0x0, 0x0, 0x0, 0x0, 0x7, 0xf3, 0x0, 0x70, 0x0, 0x0, 0x0, 0x0, 0x0, 0x0, 0x1, 0x1, 
	0x1, 0x0, 0x0, 0x8, 0x63, 0x0, 0x58, 0x0, 0x0, 0x0, 0x0, 0x0, 0x0, 0x1, 0x1, 0x2, 
	0x0, 0x0, 0x8, 0xbb, 0x0, 0x4c, 0x0, 0x0, 0x0, 0x0, 0x9, 0x7, 0x0, 0x34, 0x0, 0x0, 
	0x0, 0x0, 0x0, 0x0, 0x1, 0x1, 0x1, 0x0, 0x0, 0x9, 0x3b, 0x0, 0x4b, 0x0, 0x0, 0x0, 
	0x0, 0x0, 0x0, 0x9, 0x86, 0x48, 0x4f, 0x4c, 0x41, 0x2c, 0x20, 0x7e, 0x2e, 0x20, 0x43, 0xc1, 
	0x4c, 0x4d, 0x41, 0x54, 0x45, 0x20, 0x59, 0x20, 0x44, 0x45, 0x4a, 0x41, 0x20, 0x51, 0x55, 0x45, 
	0x20, 0x43, 0x41, 0x4e, 0x44, 0x59, 0x20, 0x54, 0x45, 0x20, 0x44, 0x49, 0x47, 0x41, 0x20, 0x43, 
	0xd3, 0x4d, 0x4f, 0x20, 0x54, 0x45, 0x20, 0x56, 0x41, 0x20, 0x41, 0x20, 0x48, 0x41, 0x43, 0x45, 
	0x52, 0x20, 0x53, 0x45, 0x4e, 0x54, 0x49, 0x52, 0x20, 0x52, 0x45, 0x41, 0x4c, 0x4d, 0x45, 0x4e, 
	0x54, 0x45, 0x20, 0x42, 0x49, 0x45, 0x4e, 0x2e, 0x50, 0x4f, 0x52, 0x20, 0x55, 0x4e, 0x41, 0x53, 
	0x20, 0x50, 0x4f, 0x43, 0x41, 0x53, 0x20, 0x56, 0x49, 0x45, 0x4a, 0x41, 0x53, 0x20, 0x4d, 0x4f, 
	0x4e, 0x45, 0x44, 0x49, 0x54, 0x41, 0x53, 0x20, 0x50, 0x55, 0x45, 0x44, 0x45, 0x53, 0x20, 0x54, 
	0x45, 0x4e, 0x45, 0x52, 0x20, 0x4d, 0x49, 0x53, 0x20, 0x49, 0x4e, 0x53, 0x54, 0x52, 0x55, 0x4d, 
	0x45, 0x4e, 0x54, 0x4f, 0x53, 0x20, 0x4d, 0x55, 0x53, 0x49, 0x43, 0x41, 0x4c, 0x45, 0x53, 0x20, 
	0x59, 0x20, 0x54, 0x41, 0x4d, 0x42, 0x49, 0xc9, 0x4e, 0x20, 0x53, 0x41, 0x4e, 0x44, 0xcd, 0x41, 
	0x53, 0x20, 0x45, 0x58, 0x54, 0x52, 0x41, 0x2e, 0x4f, 0x48, 0x2c, 0x20, 0x7e, 0x2c, 0x20, 0x59, 
	0x41, 0x20, 0x54, 0x45, 0x20, 0x48, 0x41, 0x53, 0x20, 0x4c, 0x4c, 0x45, 0x56, 0x41, 0x44, 0x4f, 
	0x20, 0x54, 0x4f, 0x44, 0x4f, 0x53, 0x20, 0x4d, 0x49, 0x53, 0x20, 0x50, 0x52, 0x4f, 0x44, 0x55, 
	0x43, 0x54, 0x4f, 0x53, 0x2e, 0xbf, 0x50, 0x4f, 0x52, 0x20, 0x51, 0x55, 0xc9, 0x20, 0x4e, 0x4f, 
	0x20, 0x54, 0x45, 0x20, 0x44, 0x45, 0x4a, 0x41, 0x53, 0x20, 0x43, 0x41, 0x45, 0x52, 0x20, 0x4c, 
	0x55, 0x45, 0x47, 0x4f, 0x20, 0x50, 0x41, 0x52, 0x41, 0x20, 0x56, 0x45, 0x52, 0x4d, 0x45, 0x3f, 
	0x4c, 0x4f, 0x20, 0x53, 0x49, 0x45, 0x4e, 0x54, 0x4f, 0x2c, 0x20, 0x7e, 0x2c, 0x20, 0x59, 0x41, 
	0x20, 0x54, 0x45, 0x20, 0x48, 0x45, 0x20, 0x45, 0x4e, 0x53, 0x45, 0xd1, 0x41, 0x44, 0x4f, 0x20, 
	0x54, 0x4f, 0x44, 0x4f, 0x20, 0x4c, 0x4f, 0x20, 0x51, 0x55, 0x45, 0x20, 0x53, 0xc9, 0x2e, 0x20, 
	0x50, 0x45, 0x52, 0x4f, 0x20, 0x54, 0x4f, 0x44, 0x41, 0x56, 0xcd, 0x41, 0x20, 0x50, 0x55, 0x45, 
	0x44, 0x4f, 0x20, 0x50, 0x52, 0x45, 0x53, 0x54, 0x41, 0x52, 0x54, 0x45, 0x20, 0x55, 0x4e, 0x41, 
	0x20, 0x50, 0x45, 0x51, 0x55, 0x45, 0xd1, 0x41, 0x20, 0x41, 0x59, 0x55, 0x44, 0x41, 0x2e, 0x2e, 
	0x2e, 0x50, 0x4f, 0x52, 0x20, 0x40, 0x20, 0x4d, 0x4f, 0x4e, 0x45, 0x44, 0x41, 0x53, 0x20, 0x50, 
	0x55, 0x45, 0x44, 0x45, 0x53, 0x20, 0x54, 0x4f, 0x43, 0x41, 0x52, 0x20, 0x45, 0x53, 0x54, 0x45, 
	0x20, 0x49, 0x4e, 0x53, 0x54, 0x52, 0x55, 0x4d, 0x45, 0x4e, 0x54, 0x4f, 0x20, 0x4d, 0x55, 0x53, 
	0x49, 0x43, 0x41, 0x4c, 0x2e, 0xbf, 0x4c, 0x4f, 0x20, 0x51, 0x55, 0x49, 0x45, 0x52, 0x45, 0x53, 
	0x3f, 0x56, 0x45, 0x41, 0x4d, 0x4f, 0x53, 0x20, 0x41, 0x48, 0x4f, 0x52, 0x41, 0x2c, 0x20, 0x7e, 
	0x2e, 0x20, 0x50, 0x4f, 0x52, 0x20, 0x53, 0xd3, 0x4c, 0x4f, 0x20, 0x40, 0x20, 0x4d, 0x4f, 0x4e, 
	0x45, 0x44, 0x41, 0x53, 0x20, 0x54, 0x45, 0x20, 0x45, 0x4e, 0x53, 0x45, 0xd1, 0x41, 0x52, 0xc9, 
	0x20, 0x4d, 0x49, 0x20, 0x49, 0x4e, 0x53, 0x54, 0x52, 0x55, 0x4d, 0x45, 0x4e, 0x54, 0x4f, 0x20, 
	0x4d, 0x55, 0x53, 0x49, 0x43, 0x41, 0x4c, 0x20, 0x59, 0x20, 0x54, 0x45, 0x20, 0x44, 0x41, 0x52, 
	0xc9, 0x20, 0x55, 0x4e, 0x41, 0x20, 0x53, 0x41, 0x4e, 0x44, 0xcd, 0x41, 0x20, 0x45, 0x58, 0x54, 
	0x52, 0x41, 0x20, 0x47, 0x52, 0x41, 0x54, 0x49, 0x53, 0x2e, 0x54, 0x45, 0x20, 0x49, 0x4e, 0x54, 
	0x45, 0x52, 0x45, 0x53, 0x41, 0x2c, 0x20, 0xbf, 0x56, 0x45, 0x52, 0x44, 0x41, 0x44, 0x3f, 0x45, 
	0x53, 0x20, 0x54, 0x55, 0x20, 0x44, 0xcd, 0x41, 0x20, 0x44, 0x45, 0x20, 0x53, 0x55, 0x45, 0x52, 
	0x54, 0x45, 0x2c, 0x20, 0x7e, 0x2c, 0x20, 0x50, 0x4f, 0x52, 0x20, 0x53, 0xd3, 0x4c, 0x4f, 0x20, 
	0x40, 0x20, 0x4d, 0x4f, 0x4e, 0x45, 0x44, 0x41, 0x53, 0x20, 0x50, 0x55, 0x45, 0x44, 0x4f, 0x20, 
	0x4d, 0x45, 0x4a, 0x4f, 0x52, 0x41, 0x52, 0x20, 0x4c, 0x4f, 0x53, 0x20, 0x49, 0x4e, 0x53, 0x54, 
	0x52, 0x55, 0x4d, 0x45, 0x4e, 0x54, 0x4f, 0x53, 0x2e, 0x45, 0x53, 0x54, 0x4f, 0x59, 0x20, 0x53, 
	0x45, 0x47, 0x55, 0x52, 0x41, 0x20, 0x44, 0x45, 0x20, 0x51, 0x55, 0x45, 0x20, 0x54, 0x45, 0x20, 
	0x47, 0x55, 0x53, 0x54, 0x41, 0x52, 0xc1, 0x2e, 0x2e, 0x2e, 0x20, 0xbf, 0x54, 0x45, 0x20, 0x41, 
	0x50, 0x45, 0x54, 0x45, 0x43, 0x45, 0x3f, 0x4f, 0x59, 0x45, 0x2c, 0x20, 0x7e, 0x2c, 0x20, 0x54, 
	0x45, 0x4e, 0x47, 0x4f, 0x20, 0x55, 0x4e, 0x20, 0x54, 0x52, 0x41, 0x54, 0x4f, 0x20, 0x50, 0x41, 
	0x52, 0x41, 0x20, 0x54, 0x49, 0x2e, 0x54, 0x45, 0x4e, 0x47, 0x4f, 0x20, 0x55, 0x4e, 0x41, 0x20, 
	0x53, 0x41, 0x4e, 0x44, 0xcd, 0x41, 0x20, 0x45, 0x58, 0x54, 0x52, 0x41, 0x20, 0x59, 0x20, 0x55, 
	0x4e, 0x41, 0x20, 0x4d, 0x45, 0x4a, 0x4f, 0x52, 0x41, 0x20, 0x44, 0x45, 0x20, 0x49, 0x4e, 0x53, 
	0x54, 0x52, 0x55, 0x4d, 0x45, 0x4e, 0x54, 0x4f, 0x2e, 0x2e, 0x2e, 0x20, 0xa1, 0x54, 0x4f, 0x44, 
	0x4f, 0x20, 0x50, 0x41, 0x52, 0x41, 0x20, 0x54, 0x49, 0x20, 0x50, 0x4f, 0x52, 0x20, 0x53, 0xd3, 
	0x4c, 0x4f, 0x20, 0x40, 0x20, 0x4d, 0x4f, 0x4e, 0x45, 0x44, 0x41, 0x53, 0x21, 0x45, 0x53, 0x54, 
	0x4f, 0x59, 0x20, 0x53, 0x45, 0x47, 0x55, 0x52, 0x41, 0x20, 0x44, 0x45, 0x20, 0x51, 0x55, 0x45, 
	0x20, 0x4c, 0x4f, 0x20, 0x51, 0x55, 0x45, 0x52, 0x52, 0xc1, 0x53, 0x2e, 0x2e, 0x2e, 0x56, 0x41, 
	0x59, 0x41, 0x2c, 0x20, 0x45, 0x53, 0x54, 0x4f, 0x20, 0x4e, 0x4f, 0x20, 0x45, 0x53, 0x54, 0xc1, 
	0x20, 0x4e, 0x41, 0x44, 0x41, 0x20, 0x42, 0x49, 0x45, 0x4e, 0x2c, 0x20, 0x7e, 0x2c, 0x20, 0x54, 
	0x4f, 0x44, 0x41, 0x56, 0xcd, 0x41, 0x20, 0x4e, 0x4f, 0x20, 0x54, 0x49, 0x45, 0x4e, 0x45, 0x53, 
	0x20, 0x4d, 0x4f, 0x4e, 0x45, 0x44, 0x41, 0x53, 0x20, 0x53, 0x55, 0x46, 0x49, 0x43, 0x49, 0x45, 
	0x4e, 0x54, 0x45, 0x53, 0x2e, 0x20, 0x50, 0x52, 0x4f, 0x4d, 0xc9, 0x54, 0x45, 0x4d, 0x45, 0x20, 
	0x51, 0x55, 0x45, 0x20, 0x56, 0x4f, 0x4c, 0x56, 0x45, 0x52, 0xc1, 0x53, 0x20, 0x43, 0x55, 0x41, 
	0x4e, 0x44, 0x4f, 0x20, 0x4c, 0x41, 0x53, 0x20, 0x54, 0x45, 0x4e, 0x47, 0x41, 0x53, 0x2e, 0x50, 
	0x41, 0x52, 0x45, 0x43, 0x45, 0x20, 0x51, 0x55, 0x45, 0x20, 0x4e, 0x4f, 0x20, 0x54, 0x49, 0x45, 
	0x4e, 0x45, 0x53, 0x20, 0x40, 0x20, 0x4d, 0x4f, 0x4e, 0x45, 0x44, 0x41, 0x53, 0x20, 0x50, 0x41, 
	0x52, 0x41, 0x20, 0x4d, 0x45, 0x4a, 0x4f, 0x52, 0x41, 0x52, 0x20, 0x4c, 0x4f, 0x53, 0x20, 0x49, 
	0x4e, 0x53, 0x54, 0x52, 0x55, 0x4d, 0x45, 0x4e, 0x54, 0x4f, 0x53, 0x2e, 0x20, 0x54, 0x45, 0x20, 
	0x56, 0x45, 0x52, 0xc9, 0x20, 0x44, 0x45, 0x20, 0x4e, 0x55, 0x45, 0x56, 0x4f, 0x20, 0x43, 0x55, 
	0x41, 0x4e, 0x44, 0x4f, 0x20, 0x4c, 0x41, 0x53, 0x20, 0x54, 0x45, 0x4e, 0x47, 0x41, 0x53, 0x2e, 
	0x54, 0x45, 0x4e, 0x44, 0x52, 0xc1, 0x53, 0x20, 0x51, 0x55, 0x45, 0x20, 0x52, 0x45, 0x55, 0x4e, 
	0x49, 0x52, 0x20, 0x40, 0x20, 0x4d, 0x4f, 0x4e, 0x45, 0x44, 0x41, 0x53, 0x20, 0x50, 0x41, 0x52, 
	0x41, 0x20, 0x43, 0x4f, 0x4d, 0x50, 0x52, 0x41, 0x52, 0x20, 0x55, 0x4e, 0x41, 0x20, 0x53, 0x41, 
	0x4e, 0x44, 0xcd, 0x41, 0x20, 0x45, 0x58, 0x54, 0x52, 0x41, 0x2e, 0x54, 0x49, 0x45, 0x4e, 0x45, 
	0x53, 0x20, 0x54, 0x4f, 0x44, 0x4f, 0x53, 0x20, 0x4d, 0x49, 0x53, 0x20, 0xda, 0x4c, 0x54, 0x49, 
	0x4d, 0x4f, 0x53, 0x20, 0x50, 0x52, 0x4f, 0x44, 0x55, 0x43, 0x54, 0x4f, 0x53, 0x2e, 0x56, 0x45, 
	0x4e, 0x20, 0x41, 0x20, 0x56, 0x45, 0x52, 0x4d, 0x45, 0x20, 0x44, 0x45, 0x53, 0x50, 0x55, 0xc9, 
	0x53, 0x2c, 0x20, 0xbf, 0x56, 0x41, 0x4c, 0x45, 0x3f, 0x4c, 0x4f, 0x20, 0xda, 0x4e, 0x49, 0x43, 
	0x4f, 0x20, 0x51, 0x55, 0x45, 0x20, 0x50, 0x55, 0x45, 0x44, 0x4f, 0x20, 0x48, 0x41, 0x43, 0x45, 
	0x52, 0x20, 0x50, 0x4f, 0x52, 0x20, 0x54, 0x49, 0x20, 0x41, 0x48, 0x4f, 0x52, 0x41, 0x20, 0x53, 
	0x4f, 0x4e, 0x20, 0x4c, 0x41, 0x53, 0x20, 0x52, 0x45, 0x50, 0x41, 0x52, 0x41, 0x43, 0x49, 0x4f, 
	0x4e, 0x45, 0x53, 0x2e, 0x54, 0x45, 0x20, 0x48, 0x45, 0x20, 0x44, 0x41, 0x44, 0x4f, 0x20, 0x59, 
	0x41, 0x20, 0x54, 0x4f, 0x44, 0x4f, 0x20, 0x4c, 0x4f, 0x20, 0x51, 0x55, 0x45, 0x20, 0x54, 0x45, 
	0x4e, 0x47, 0x4f, 0x2e, 0x50, 0x55, 0x45, 0x44, 0x4f, 0x20, 0x4d, 0x45, 0x4a, 0x4f, 0x52, 0x41, 
	0x52, 0x20, 0x4c, 0x4f, 0x53, 0x20, 0x49, 0x4e, 0x53, 0x54, 0x52, 0x55, 0x4d, 0x45, 0x4e, 0x54, 
	0x4f, 0x53, 0x20, 0x50, 0x4f, 0x52, 0x20, 0x40, 0x20, 0x4d, 0x4f, 0x4e, 0x45, 0x44, 0x41, 0x53, 
	0x2e, 0xbf, 0x51, 0x55, 0xc9, 0x20, 0x54, 0x45, 0x20, 0x50, 0x41, 0x52, 0x45, 0x43, 0x45, 0x3f, 
	0xa1, 0x51, 0x55, 0xc9, 0x20, 0x54, 0x41, 0x4c, 0x21, 0x20, 0x50, 0x4f, 0x52, 0x20, 0x40, 0x20, 
	0x4d, 0x4f, 0x4e, 0x45, 0x44, 0x41, 0x53, 0x2c, 0x20, 0x50, 0x55, 0x45, 0x44, 0x4f, 0x20, 0x44, 
	0x41, 0x52, 0x54, 0x45, 0x20, 0x55, 0x4e, 0x41, 0x20, 0x53, 0x41, 0x4e, 0x44, 0xcd, 0x41, 0x20, 
	0x45, 0x58, 0x54, 0x52, 0x41, 0x20, 0x50, 0x41, 0x52, 0x41, 0x20, 0x41, 0x59, 0x55, 0x44, 0x41, 
	0x52, 0x54, 0x45, 0x20, 0x41, 0x20, 0x56, 0x49, 0x56, 0x49, 0x52, 0x20, 0x4d, 0xc1, 0x53, 0x20, 
	0x59, 0x20, 0x55, 0x4e, 0x41, 0x20, 0x4d, 0x45, 0x4a, 0x4f, 0x52, 0x41, 0x20, 0x44, 0x45, 0x20, 
	0x49, 0x4e, 0x53, 0x54, 0x52, 0x55, 0x4d, 0x45, 0x4e, 0x54, 0x4f, 0x2e, 0xbf, 0x54, 0x45, 0x20, 
	0x41, 0x50, 0x45, 0x54, 0x45, 0x43, 0x45, 0x3f, 0x4c, 0x41, 0x20, 0x4d, 0x45, 0x4a, 0x4f, 0x52, 
	0x41, 0x20, 0x44, 0x45, 0x20, 0x54, 0x55, 0x20, 0x49, 0x4e, 0x53, 0x54, 0x52, 0x55, 0x4d, 0x45, 
	0x4e, 0x54, 0x4f, 0x20, 0x43, 0x55, 0x45, 0x53, 0x54, 0x41, 0x20, 0x40, 0x20, 0x4d, 0x4f, 0x4e, 
	0x45, 0x44, 0x41, 0x53, 0x2e, 0xbf, 0x4e, 0x4f, 0x20, 0x54, 0x49, 0x45, 0x4e, 0x45, 0x53, 0x20, 
	0x53, 0x55, 0x46, 0x49, 0x43, 0x49, 0x45, 0x4e, 0x54, 0x45, 0x3f, 0x20, 0x42, 0x55, 0x45, 0x4e, 
	0x4f, 0x2c, 0x20, 0x4d, 0x45, 0x20, 0x4c, 0x41, 0x20, 0x51, 0x55, 0x45, 0x44, 0x41, 0x52, 0xc9, 
	0x20, 0x48, 0x41, 0x53, 0x54, 0x41, 0x20, 0x51, 0x55, 0x45, 0x20, 0x54, 0x45, 0x20, 0x4c, 0x4f, 
	0x20, 0x50, 0x55, 0x45, 0x44, 0x41, 0x53, 0x20, 0x50, 0x45, 0x52, 0x4d, 0x49, 0x54, 0x49, 0x52, 
	0x2e, 0x4f, 0x59, 0x45, 0x2c, 0x20, 0x50, 0x55, 0x45, 0x44, 0x4f, 0x20, 0x44, 0x41, 0x52, 0x54, 
	0x45, 0x20, 0x55, 0x4e, 0x41, 0x20, 0x53, 0x41, 0x4e, 0x44, 0xcd, 0x41, 0x20, 0x45, 0x58, 0x54, 
	0x52, 0x41, 0x20, 0x50, 0x41, 0x52, 0x41, 0x20, 0x51, 0x55, 0x45, 0x20, 0x56, 0x49, 0x56, 0x41, 
	0x53, 0x20, 0x4d, 0xc1, 0x53, 0x20, 0x59, 0x20, 0x55, 0x4e, 0x41, 0x20, 0x4d, 0x45, 0x4a, 0x4f, 
	0x52, 0x41, 0x20, 0x44, 0x45, 0x20, 0x54, 0x55, 0x20, 0x41, 0x52, 0x4d, 0x41, 0x20, 0x50, 0x4f, 
	0x52, 0x20, 0x40, 0x20, 0x4d, 0x4f, 0x4e, 0x45, 0x44, 0x41, 0x53, 0x2e, 0x4e, 0x4f, 0x20, 0x54, 
	0x49, 0x45, 0x4e, 0x45, 0x53, 0x20, 0x42, 0x41, 0x53, 0x54, 0x41, 0x4e, 0x54, 0x45, 0x2e, 0x20, 
	0x56, 0x55, 0x45, 0x4c, 0x56, 0x45, 0x20, 0x4c, 0x55, 0x45, 0x47, 0x4f, 0x2e, 0x54, 0x55, 0x20, 
	0x49, 0x4e, 0x53, 0x54, 0x52, 0x55, 0x4d, 0x45, 0x4e, 0x54, 0x4f, 0x20, 0x48, 0x41, 0x20, 0x50, 
	0x45, 0x52, 0x44, 0x49, 0x44, 0x4f, 0x20, 0x50, 0x41, 0x52, 0x54, 0x45, 0x20, 0x44, 0x45, 0x20, 
	0x53, 0x55, 0x20, 0x45, 0x4e, 0x45, 0x52, 0x47, 0xcd, 0x41, 0x2e, 0x20, 0x44, 0xc9, 0x4a, 0x41, 
	0x4d, 0x45, 0x20, 0x51, 0x55, 0x45, 0x20, 0x54, 0x45, 0x20, 0x4c, 0x4f, 0x20, 0x41, 0x52, 0x52, 
	0x45, 0x47, 0x4c, 0x45, 0x2e, 0xa1, 0x43, 0x4f, 0x4d, 0x4f, 0x20, 0x51, 0x55, 0x49, 0x45, 0x52, 
	0x41, 0x53, 0x2c, 0x20, 0x7e, 0x21, 0x20, 0x56, 0x55, 0x45, 0x4c, 0x56, 0x45, 0x20, 0x41, 0x20, 
	0x56, 0x45, 0x52, 0x4d, 0x45, 0x20, 0x41, 0x4c, 0x47, 0x55, 0x4e, 0x41, 0x20, 0x56, 0x45, 0x5a, 
	0x2e, 0x41, 0x43, 0xc9, 0x52, 0x43, 0x41, 0x54, 0x45, 0x20, 0x55, 0x4e, 0x20, 0x50, 0x4f, 0x51, 
	0x55, 0x49, 0x54, 0x4f, 0x20, 0x4d, 0xc1, 0x53, 0x2c, 0x20, 0x7e, 0x2c, 0x20, 0x59, 0x20, 0x54, 
	0x45, 0x20, 0x45, 0x4e, 0x53, 0x45, 0xd1, 0x41, 0x52, 0xc9, 0x20, 0x43, 0xd3, 0x4d, 0x4f, 0x20, 
	0x55, 0x53, 0x41, 0x52, 0x20, 0x54, 0x55, 0x20, 0x49, 0x4e, 0x53, 0x54, 0x52, 0x55, 0x4d, 0x45, 
	0x4e, 0x54, 0x4f, 0x2e, 0x50, 0x55, 0x4c, 0x53, 0x41, 0x20, 0x59, 0x20, 0x4d, 0x41, 0x4e, 0x54, 
	0xc9, 0x4e, 0x45, 0x4e, 0x54, 0x4f, 0x4e, 0x43, 0x45, 0x53, 0x20, 0x50, 0x55, 0x4c, 0x53, 0x41, 
	0x4c, 0x41, 0x20, 0x4f, 0x4e, 0x44, 0x41, 0x20, 0x45, 0x58, 0x50, 0x41, 0x4e, 0x53, 0x49, 0x56, 
	0x41, 0x20, 0x44, 0x45, 0x20, 0x53, 0x4f, 0x4e, 0x49, 0x44, 0x4f, 0x20, 0x45, 0x4e, 0x53, 0x4f, 
	0x52, 0x44, 0x45, 0x43, 0x45, 0x52, 0xc1, 0x20, 0x41, 0x20, 0x4c, 0x4f, 0x53, 0x20, 0x4b, 0x52, 
	0x45, 0x4d, 0x4c, 0x49, 0x4e, 0x47, 0x53, 0x2c, 0x20, 0x50, 0x45, 0x52, 0x4f, 0x20, 0x54, 0x41, 
	0x4d, 0x42, 0x49, 0xc9, 0x4e, 0x20, 0x52, 0x45, 0x44, 0x55, 0x43, 0x49, 0x52, 0xc1, 0x20, 0x4c, 
	0x41, 0x20, 0x45, 0x4e, 0x45, 0x52, 0x47, 0xcd, 0x41, 0x20, 0x44, 0x45, 0x4c, 0x20, 0x49, 0x4e, 
	0x53, 0x54, 0x52, 0x55, 0x4d, 0x45, 0x4e, 0x54, 0x4f, 0x2e, 0x45, 0x4c, 0x45, 0x56, 0x41, 0x20, 
	0x53, 0x55, 0x20, 0x45, 0x4e, 0x45, 0x52, 0x47, 0xcd, 0x41, 0x20, 0x45, 0x4e, 0x43, 0x4f, 0x4e, 
	0x54, 0x52, 0x41, 0x4e, 0x44, 0x4f, 0x20, 0x55, 0x4e, 0x4f, 0x53, 0x20, 0x41, 0x55, 0x52, 0x49, 
	0x43, 0x55, 0x4c, 0x41, 0x52, 0x45, 0x53, 0x2e, 0x4e, 0x4f, 0x20, 0x50, 0x45, 0x52, 0x44, 0x45, 
	0x52, 0xc1, 0x53, 0x20, 0x45, 0x4e, 0x45, 0x52, 0x47, 0xcd, 0x41, 0x20, 0x53, 0x49, 0x20, 0x4c, 
	0x4f, 0x20, 0x54, 0x4f, 0x43, 0x41, 0x53, 0x20, 0x45, 0x53, 0x54, 0x41, 0x4e, 0x44, 0x4f, 0x20, 
	0x53, 0x4f, 0x42, 0x52, 0x45, 0x20, 0x55, 0x4e, 0x41, 0x20, 0x43, 0x48, 0x41, 0x50, 0x41, 0x20, 
	0x44, 0x45, 0x20, 0x4d, 0xda, 0x53, 0x49, 0x43, 0x41, 0x2e, 0x2e, 0x2e, 0x20, 0xa1, 0x59, 0x20, 
	0x54, 0x41, 0x4d, 0x42, 0x49, 0xc9, 0x4e, 0x20, 0x53, 0x55, 0x43, 0x45, 0x44, 0x45, 0x52, 0xc1, 
	0x4e, 0x20, 0x4d, 0x55, 0x43, 0x48, 0x41, 0x53, 0x20, 0x43, 0x4f, 0x53, 0x41, 0x53, 0x20, 0x43, 
	0x55, 0x52, 0x49, 0x4f, 0x53, 0x41, 0x53, 0x21, 0x4f, 0x53, 0x20, 0x48, 0x45, 0x20, 0x4d, 0x45, 
	0x4a, 0x4f, 0x52, 0x41, 0x44, 0x4f, 0x20, 0x54, 0x4f, 0x44, 0x4f, 0x53, 0x20, 0x4c, 0x4f, 0x53, 
	0x20, 0x49, 0x4e, 0x53, 0x54, 0x52, 0x55, 0x4d, 0x45, 0x4e, 0x54, 0x4f, 0x53, 0x2c, 0x20, 0x44, 
	0x45, 0x20, 0x4d, 0x4f, 0x44, 0x4f, 0x20, 0x51, 0x55, 0x45, 0x20, 0x41, 0x48, 0x4f, 0x52, 0x41, 
	0x20, 0x54, 0x45, 0x4e, 0x44, 0x52, 0xc9, 0x49, 0x53, 0x20, 0x4d, 0x41, 0x59, 0x4f, 0x52, 0x20, 
	0x45, 0x4e, 0x45, 0x52, 0x47, 0xcd, 0x41, 0x20, 0x4d, 0x55, 0x53, 0x49, 0x43, 0x41, 0x4c, 0x2e, 
	0x42, 0x55, 0x45, 0x4e, 0x4f, 0x2c, 0x20, 0x7e, 0x2c, 0x20, 0x59, 0x41, 0x20, 0x54, 0x49, 0x45, 
	0x4e, 0x45, 0x53, 0x20, 0x4f, 0x54, 0x52, 0x41, 0x20, 0x53, 0x41, 0x4e, 0x44, 0xcd, 0x41, 0x2c, 
	0x20, 0x50, 0x45, 0x52, 0x4f, 0x20, 0x4d, 0x45, 0x20, 0x54, 0x45, 0x4d, 0x4f, 0x20, 0x51, 0x55, 
	0x45, 0x20, 0x45, 0x53, 0x20, 0x4c, 0x41, 0x20, 0xda, 0x4c, 0x54, 0x49, 0x4d, 0x41, 0x20, 0x51, 
	0x55, 0x45, 0x20, 0x4d, 0x45, 0x20, 0x51, 0x55, 0x45, 0x44, 0x41, 0x2e, 0x54, 0x41, 0x4d, 0x42, 
	0x49, 0xc9, 0x4e, 0x20, 0x48, 0x45, 0x20, 0x41, 0x55, 0x4d, 0x45, 0x4e, 0x54, 0x41, 0x44, 0x4f, 
	0x20, 0x4c, 0x41, 0x20, 0x45, 0x4e, 0x45, 0x52, 0x47, 0xcd, 0x41, 0x20, 0x44, 0x45, 0x20, 0x4c, 
	0x4f, 0x53, 0x20, 0x49, 0x4e, 0x53, 0x54, 0x52, 0x55, 0x4d, 0x45, 0x4e, 0x54, 0x4f, 0x53, 0x2e, 
	0x41, 0x44, 0x45, 0x4d, 0xc1, 0x53, 0x2c, 0x20, 0x48, 0x41, 0x42, 0xc9, 0x49, 0x53, 0x20, 0x43, 
	0x4f, 0x4e, 0x53, 0x45, 0x47, 0x55, 0x49, 0x44, 0x4f, 0x20, 0x4f, 0x54, 0x52, 0x41, 0x20, 0x53, 
	0x41, 0x4e, 0x44, 0xcd, 0x41, 0x2c, 0x20, 0x51, 0x55, 0x45, 0x20, 0x4f, 0x53, 0x20, 0x46, 0x41, 
	0x43, 0x49, 0x4c, 0x49, 0x54, 0x41, 0x52, 0xc1, 0x20, 0x55, 0x4e, 0x20, 0x50, 0x4f, 0x43, 0x4f, 
	0x20, 0x4c, 0x41, 0x53, 0x20, 0x43, 0x4f, 0x53, 0x41, 0x53, 0x2e, 
};
u8 text_10[] = {
	0x3, 0x1, 0x1, 0x1, 0x0, 0x0, 0x0, 0x0, 0x0, 0x38, 0x0, 0x0, 0x0, 0x0, 0x0, 0x0, 
	0x1, 0x1, 0x1, 0x0, 0x0, 0x0, 0x38, 0x0, 0x38, 0x0, 0x0, 0x0, 0x0, 0x0, 0x0, 0x1, 
	0x1, 0x1, 0x0, 0x0, 0x0, 0x70, 0x0, 0x5c, 0x0, 0x0, 0x0, 0x0, 0x0, 0x0, 0x0, 0xcc, 
	0xa1, 0x45, 0x53, 0x43, 0xda, 0x43, 0x48, 0x41, 0x4d, 0x45, 0x21, 0x20, 0x4c, 0x41, 0x20, 0x4c, 
	0x4c, 0x41, 0x56, 0x45, 0x20, 0x44, 0x45, 0x20, 0x4d, 0x49, 0x20, 0x4c, 0x49, 0x42, 0x45, 0x52, 
	0x54, 0x41, 0x44, 0x20, 0x45, 0x53, 0x54, 0xc1, 0x20, 0x45, 0x4e, 0x20, 0x4c, 0x41, 0x53, 0x20, 
	0x4e, 0x55, 0x42, 0x45, 0x53, 0x2e, 0x2e, 0x2e, 0xa1, 0x44, 0x45, 0x4a, 0x41, 0x20, 0x44, 0x45, 
	0x20, 0x50, 0x45, 0x52, 0x44, 0x45, 0x52, 0x20, 0x54, 0x49, 0x45, 0x4d, 0x50, 0x4f, 0x21, 0x20, 
	0xa1, 0x45, 0x53, 0x54, 0x4f, 0x59, 0x20, 0x48, 0x41, 0x52, 0x54, 0x4f, 0x20, 0x44, 0x45, 0x20, 
	0x54, 0x4f, 0x44, 0x41, 0x20, 0x45, 0x53, 0x54, 0x41, 0x20, 0x41, 0x52, 0x45, 0x4e, 0x41, 0x21, 
	0xa1, 0x4f, 0x48, 0x2c, 0x20, 0x47, 0x52, 0x41, 0x43, 0x49, 0x41, 0x53, 0x21, 0x20, 0x54, 0x4f, 
	0x44, 0x4f, 0x20, 0x4c, 0x4f, 0x20, 0x51, 0x55, 0x45, 0x20, 0x54, 0x45, 0x4e, 0x47, 0x4f, 0x20, 
	0x45, 0x53, 0x20, 0x45, 0x53, 0x54, 0x41, 0x20, 0x56, 0x49, 0x45, 0x4a, 0x41, 0x20, 0x42, 0x41, 
	0x4e, 0x41, 0x4e, 0x41, 0x2e, 0x2e, 0x2e, 0x20, 0xa1, 0x54, 0xd3, 0x4d, 0x41, 0x4c, 0x41, 0x2c, 
	0x20, 0x45, 0x53, 0x54, 0x4f, 0x59, 0x20, 0x4c, 0x49, 0x53, 0x54, 0x41, 0x20, 0x50, 0x41, 0x52, 
	0x41, 0x20, 0x49, 0x52, 0x20, 0x41, 0x20, 0x43, 0x41, 0x53, 0x41, 0x21, 
};
u8 text_11[] = {
	0x9, 0x3, 0x1, 0x4, 0x0, 0x0, 0x0, 0x0, 0x0, 0x3d, 0x0, 0x0, 0x0, 0x0, 0x0, 0x3d, 
	0x0, 0x5e, 0x0, 0x0, 0x0, 0x0, 0x0, 0x9b, 0x0, 0x70, 0x0, 0x0, 0x0, 0x0, 0x1, 0xb, 
	0x0, 0x6c, 0x0, 0x0, 0x0, 0x0, 0x0, 0x0, 0x2, 0x1, 0x0, 0x4a, 0x0, 0x0, 0x0, 0x0, 
	0x0, 0x0, 0x1, 0x3, 0x0, 0x0, 0x1, 0x77, 0x0, 0x5a, 0x0, 0x0, 0x0, 0x0, 0x1, 0xd1, 
	0x0, 0x63, 0x0, 0x0, 0x0, 0x0, 0x2, 0x34, 0x0, 0x6c, 0x0, 0x0, 0x0, 0x0, 0x0, 0x0, 
	0x1, 0x1, 0x1, 0x0, 0x0, 0x2, 0xa0, 0x0, 0x5d, 0x0, 0x0, 0x0, 0x0, 0x0, 0x0, 0x1, 
	0x1, 0x1, 0x0, 0x0, 0x2, 0xfd, 0x0, 0x4b, 0x0, 0x0, 0x0, 0x0, 0x0, 0x0, 0x1, 0x1, 
	0x1, 0x0, 0x0, 0x3, 0x48, 0x0, 0x5f, 0x0, 0x0, 0x0, 0x0, 0x0, 0x0, 0x1, 0x1, 0x2, 
	0x0, 0x0, 0x3, 0xa7, 0x0, 0x40, 0x0, 0x0, 0x0, 0x0, 0x3, 0xe7, 0x0, 0x12, 0x0, 0x0, 
	0x0, 0x0, 0x0, 0x0, 0x1, 0x1, 0x1, 0x0, 0x0, 0x3, 0xf9, 0x0, 0x3d, 0x0, 0x0, 0x0, 
	0x0, 0x0, 0x0, 0x1, 0x1, 0x1, 0x0, 0x0, 0x4, 0x36, 0x0, 0x45, 0x0, 0x0, 0x0, 0x0, 
	0x0, 0x0, 0x1, 0x1, 0x1, 0x0, 0x0, 0x4, 0x7b, 0x0, 0x45, 0x0, 0x0, 0x0, 0x0, 0x0, 
	0x0, 0x1, 0x1, 0x3, 0x0, 0x0, 0x4, 0xc0, 0x0, 0x79, 0x0, 0x0, 0x0, 0x0, 0x5, 0x39, 
	0x0, 0x40, 0x0, 0x0, 0x0, 0x0, 0x5, 0x79, 0x0, 0x32, 0x0, 0x0, 0x0, 0x0, 0x0, 0x0, 
	0x5, 0xab, 0xa1, 0x53, 0x41, 0x4c, 0x55, 0x44, 0x4f, 0x53, 0x21, 0x20, 0xa1, 0x53, 0x4e, 0x49, 
	0x44, 0x45, 0x20, 0x45, 0x53, 0x20, 0x4d, 0x49, 0x20, 0x4e, 0x4f, 0x4d, 0x42, 0x52, 0x45, 0x2c, 
	0x20, 0x51, 0x55, 0x45, 0x20, 0x4d, 0x49, 0x20, 0x56, 0x45, 0x4e, 0x47, 0x41, 0x4e, 0x5a, 0x41, 
	0x20, 0x4e, 0x4f, 0x20, 0x54, 0x45, 0x20, 0x41, 0x53, 0x4f, 0x4d, 0x42, 0x52, 0x45, 0x21, 0xbf, 
	0x53, 0x41, 0x42, 0xcd, 0x41, 0x53, 0x20, 0x51, 0x55, 0x45, 0x20, 0x4b, 0x2e, 0x52, 0x4f, 0x4f, 
	0x4c, 0x20, 0x48, 0x41, 0x20, 0x45, 0x53, 0x54, 0x41, 0x44, 0x4f, 0x20, 0x54, 0x52, 0x41, 0x42, 
	0x41, 0x4a, 0x41, 0x4e, 0x44, 0x4f, 0x20, 0x45, 0x4e, 0x20, 0x53, 0x55, 0x20, 0x4d, 0xc1, 0x51, 
	0x55, 0x49, 0x4e, 0x41, 0x20, 0x4d, 0x41, 0x43, 0x48, 0x41, 0x43, 0x41, 0x44, 0x4f, 0x52, 0x41, 
	0x20, 0x59, 0x20, 0x50, 0x52, 0x45, 0x54, 0x45, 0x4e, 0x44, 0x45, 0x20, 0x44, 0x45, 0x53, 0x54, 
	0x52, 0x55, 0x49, 0x52, 0x20, 0x54, 0x55, 0x20, 0x49, 0x53, 0x4c, 0x41, 0x3f, 0x59, 0x4f, 0x20, 
	0x45, 0x52, 0x41, 0x20, 0x45, 0x4c, 0x20, 0x4a, 0x45, 0x46, 0x45, 0x20, 0x54, 0xc9, 0x43, 0x4e, 
	0x49, 0x43, 0x4f, 0x20, 0x44, 0x45, 0x4c, 0x20, 0x50, 0x52, 0x4f, 0x59, 0x45, 0x43, 0x54, 0x4f, 
	0x2c, 0x20, 0x50, 0x45, 0x52, 0x4f, 0x20, 0x45, 0x53, 0x45, 0x20, 0x4c, 0x41, 0x47, 0x41, 0x52, 
	0x54, 0x4f, 0x20, 0x54, 0x52, 0x41, 0x49, 0x43, 0x49, 0x4f, 0x4e, 0x45, 0x52, 0x4f, 0x20, 0x4d, 
	0x45, 0x20, 0x45, 0x43, 0x48, 0xd3, 0x20, 0x44, 0x45, 0x20, 0x53, 0x55, 0x20, 0x45, 0x51, 0x55, 
	0x49, 0x50, 0x4f, 0x20, 0x50, 0x4f, 0x52, 0x51, 0x55, 0x45, 0x20, 0x4e, 0x4f, 0x20, 0x43, 0x4f, 
	0x4e, 0x46, 0x49, 0x41, 0x42, 0x41, 0x20, 0x45, 0x4e, 0x20, 0x4d, 0xcd, 0x2e, 0x49, 0x4e, 0x54, 
	0x45, 0x4e, 0x54, 0x41, 0x52, 0xc9, 0x20, 0x41, 0x59, 0x55, 0x44, 0x41, 0x52, 0x54, 0x45, 0x20, 
	0x41, 0x20, 0x50, 0x41, 0x52, 0x41, 0x52, 0x20, 0x4c, 0x41, 0x20, 0x4d, 0xc1, 0x51, 0x55, 0x49, 
	0x4e, 0x41, 0x20, 0x44, 0x45, 0x20, 0x4b, 0x2e, 0x52, 0x4f, 0x4f, 0x4c, 0x2c, 0x20, 0x50, 0x45, 
	0x52, 0x4f, 0x20, 0x54, 0x45, 0x4e, 0x44, 0x52, 0xc1, 0x53, 0x20, 0x51, 0x55, 0x45, 0x20, 0x45, 
	0x4e, 0x43, 0x4f, 0x4e, 0x54, 0x52, 0x41, 0x52, 0x20, 0x41, 0x4c, 0x47, 0x55, 0x4e, 0x4f, 0x20, 
	0x44, 0x45, 0x20, 0x4d, 0x49, 0x53, 0x20, 0x50, 0x4c, 0x41, 0x4e, 0x4f, 0x53, 0x20, 0x4f, 0x52, 
	0x49, 0x47, 0x49, 0x4e, 0x41, 0x4c, 0x45, 0x53, 0x2e, 0x43, 0x52, 0x45, 0x4f, 0x20, 0x51, 0x55, 
	0x45, 0x20, 0x53, 0x45, 0x20, 0x4c, 0x4f, 0x53, 0x20, 0x44, 0x49, 0x45, 0x52, 0x4f, 0x4e, 0x20, 
	0x41, 0x20, 0x41, 0x4c, 0x47, 0x55, 0x4e, 0x4f, 0x53, 0x20, 0x44, 0x45, 0x20, 0x4c, 0x4f, 0x53, 
	0x20, 0x4d, 0xc1, 0x53, 0x20, 0x44, 0x55, 0x52, 0x4f, 0x53, 0x20, 0x43, 0x4f, 0x4d, 0x50, 0x49, 
	0x4e, 0x43, 0x48, 0x45, 0x53, 0x20, 0x44, 0x45, 0x4c, 0x20, 0x52, 0x45, 0x59, 0x2c, 0x20, 0x41, 
	0x53, 0xcd, 0x20, 0x51, 0x55, 0x45, 0x20, 0x54, 0x45, 0x4e, 0x20, 0x43, 0x55, 0x49, 0x44, 0x41, 
	0x44, 0x4f, 0x2e, 0x50, 0x4f, 0x52, 0x20, 0x43, 0x41, 0x44, 0x41, 0x20, 0x50, 0x4c, 0x41, 0x4e, 
	0x4f, 0x20, 0x51, 0x55, 0x45, 0x20, 0x4d, 0x45, 0x20, 0x44, 0x45, 0x56, 0x55, 0x45, 0x4c, 0x56, 
	0x41, 0x53, 0x2c, 0x20, 0x54, 0x45, 0x20, 0x44, 0x41, 0x52, 0xc9, 0x20, 0x55, 0x4e, 0x41, 0x20, 
	0x44, 0x45, 0x20, 0x45, 0x53, 0x41, 0x53, 0x20, 0x42, 0x41, 0x4e, 0x41, 0x4e, 0x41, 0x53, 0x20, 
	0x44, 0x4f, 0x52, 0x41, 0x44, 0x41, 0x53, 0x20, 0x51, 0x55, 0x45, 0x20, 0x4b, 0x2e, 0x20, 0x52, 
	0x4f, 0x4f, 0x4c, 0x20, 0x52, 0x4f, 0x42, 0xd3, 0x20, 0x44, 0x45, 0x20, 0x54, 0x55, 0x20, 0x54, 
	0x45, 0x53, 0x4f, 0x52, 0x4f, 0x2e, 0x53, 0x49, 0x4e, 0x20, 0x50, 0x4c, 0x41, 0x4e, 0x4f, 0x53, 
	0x2c, 0x20, 0x4e, 0x4f, 0x20, 0x48, 0x41, 0x59, 0x20, 0x42, 0x41, 0x4e, 0x41, 0x4e, 0x41, 0x53, 
	0x2e, 0x20, 0x4e, 0x55, 0x4e, 0x43, 0x41, 0x20, 0x53, 0x45, 0x20, 0x53, 0x41, 0x42, 0x45, 0x2c, 
	0x20, 0x51, 0x55, 0x49, 0x5a, 0xc1, 0x20, 0x54, 0x45, 0x20, 0x48, 0x41, 0x47, 0x41, 0x4e, 0x20, 
	0x47, 0x41, 0x4e, 0x41, 0x52, 0x20, 0x41, 0x4c, 0x47, 0xda, 0x4e, 0x20, 0x56, 0x41, 0x4c, 0x49, 
	0x4f, 0x53, 0x4f, 0x20, 0x54, 0x49, 0x45, 0x4d, 0x50, 0x4f, 0x2e, 0x20, 0xc9, 0x53, 0x45, 0x20, 
	0x45, 0x53, 0x20, 0x45, 0x4c, 0x20, 0x54, 0x52, 0x41, 0x54, 0x4f, 0x2c, 0x20, 0x4b, 0x4f, 0x4e, 
	0x47, 0x2e, 0xa1, 0x41, 0x48, 0x2c, 0x20, 0x4d, 0x41, 0x47, 0x4e, 0xcd, 0x46, 0x49, 0x43, 0x4f, 
	0x2c, 0x20, 0x4b, 0x4f, 0x4e, 0x47, 0x2e, 0x20, 0x56, 0x45, 0x4f, 0x20, 0x51, 0x55, 0x45, 0x20, 
	0x54, 0x49, 0x45, 0x4e, 0x45, 0x53, 0x20, 0x4d, 0x49, 0x20, 0x50, 0x52, 0x49, 0x4d, 0x45, 0x52, 
	0x20, 0x50, 0x4c, 0x41, 0x4e, 0x4f, 0x2e, 0x20, 0x41, 0x51, 0x55, 0xcd, 0x20, 0x54, 0x49, 0x45, 
	0x4e, 0x45, 0x53, 0x20, 0x55, 0x4e, 0x41, 0x20, 0x42, 0x41, 0x4e, 0x41, 0x4e, 0x41, 0x20, 0x44, 
	0x4f, 0x52, 0x41, 0x44, 0x41, 0x20, 0x41, 0x20, 0x43, 0x41, 0x4d, 0x42, 0x49, 0x4f, 0x2e, 0xa1, 
	0x43, 0x41, 0x52, 0x41, 0x4d, 0x42, 0x41, 0x2c, 0x20, 0x56, 0x45, 0x4f, 0x20, 0x51, 0x55, 0x45, 
	0x20, 0x54, 0x49, 0x45, 0x4e, 0x45, 0x53, 0x20, 0x40, 0x20, 0x50, 0x4c, 0x41, 0x4e, 0x4f, 0x53, 
	0x21, 0x20, 0x4d, 0x55, 0x59, 0x20, 0x42, 0x49, 0x45, 0x4e, 0x2e, 0x20, 0x41, 0x51, 0x55, 0xcd, 
	0x20, 0x54, 0x49, 0x45, 0x4e, 0x45, 0x53, 0x20, 0x40, 0x20, 0x42, 0x41, 0x4e, 0x41, 0x4e, 0x41, 
	0x53, 0x20, 0x44, 0x4f, 0x52, 0x41, 0x44, 0x41, 0x53, 0x2e, 0xa1, 0x45, 0x53, 0x54, 0x4f, 0x20, 
	0x4e, 0x4f, 0x20, 0x45, 0x53, 0x20, 0x55, 0x4e, 0x20, 0x4a, 0x55, 0x45, 0x47, 0x4f, 0x2c, 0x20, 
	0x4b, 0x4f, 0x4e, 0x47, 0x21, 0x20, 0x45, 0x53, 0x4f, 0x53, 0x20, 0x50, 0x4c, 0x41, 0x4e, 0x4f, 
	0x53, 0x20, 0x53, 0x4f, 0x4e, 0x20, 0x56, 0x49, 0x54, 0x41, 0x4c, 0x45, 0x53, 0x20, 0x50, 0x41, 
	0x52, 0x41, 0x20, 0x41, 0x4d, 0x42, 0x4f, 0x53, 0x2c, 0x20, 0x41, 0x53, 0xcd, 0x20, 0x51, 0x55, 
	0x45, 0x20, 0x56, 0x45, 0x20, 0x59, 0x20, 0x45, 0x4e, 0x43, 0x55, 0x45, 0x4e, 0x54, 0x52, 0x41, 
	0x20, 0x41, 0x4c, 0x47, 0x55, 0x4e, 0x4f, 0x53, 0x2e, 0xa1, 0x45, 0x53, 0x54, 0x4f, 0x20, 0x4e, 
	0x4f, 0x20, 0x45, 0x53, 0x20, 0x55, 0x4e, 0x41, 0x20, 0x42, 0x52, 0x4f, 0x4d, 0x41, 0x2c, 0x20, 
	0x4b, 0x4f, 0x4e, 0x47, 0x21, 0x20, 0xa1, 0x4e, 0x45, 0x43, 0x45, 0x53, 0x49, 0x54, 0x4f, 0x20, 
	0x45, 0x53, 0x4f, 0x53, 0x20, 0x50, 0x4c, 0x41, 0x4e, 0x4f, 0x53, 0x20, 0x59, 0x20, 0x54, 0xda, 
	0x20, 0x54, 0x41, 0x4d, 0x42, 0x49, 0xc9, 0x4e, 0x21, 0x53, 0x49, 0x47, 0x55, 0x45, 0x20, 0x42, 
	0x55, 0x53, 0x43, 0xc1, 0x4e, 0x44, 0x4f, 0x4c, 0x4f, 0x53, 0x2e, 0x45, 0x53, 0x54, 0x4f, 0x20, 
	0x45, 0x53, 0x20, 0x4c, 0x4f, 0x20, 0x51, 0x55, 0x45, 0x20, 0x4e, 0x45, 0x43, 0x45, 0x53, 0x49, 
	0x54, 0x41, 0x4d, 0x4f, 0x53, 0x2c, 0x20, 0x4b, 0x4f, 0x4e, 0x47, 0x2e, 0x20, 0x4f, 0x54, 0x52, 
	0x41, 0x20, 0x42, 0x41, 0x4e, 0x41, 0x4e, 0x41, 0x20, 0x44, 0x4f, 0x52, 0x41, 0x44, 0x41, 0x20, 
	0x50, 0x41, 0x52, 0x41, 0x20, 0x54, 0x49, 0x2e, 0x41, 0x53, 0xcd, 0x20, 0x53, 0x45, 0x20, 0x48, 
	0x41, 0x43, 0x45, 0x2c, 0x20, 0x4b, 0x4f, 0x4e, 0x47, 0x2e, 0x20, 0x40, 0x20, 0x50, 0x4c, 0x41, 
	0x4e, 0x4f, 0x53, 0x20, 0x53, 0x49, 0x47, 0x4e, 0x49, 0x46, 0x49, 0x43, 0x41, 0x4e, 0x20, 0x40, 
	0x20, 0x42, 0x41, 0x4e, 0x41, 0x4e, 0x41, 0x53, 0x20, 0x44, 0x4f, 0x52, 0x41, 0x44, 0x41, 0x53, 
	0x20, 0x4d, 0xc1, 0x53, 0x20, 0x50, 0x41, 0x52, 0x41, 0x20, 0x54, 0x49, 0x2e, 0x20, 0x4d, 0x49, 
	0x53, 0x49, 0xd3, 0x4e, 0x20, 0x43, 0x55, 0x4d, 0x50, 0x4c, 0x49, 0x44, 0x41, 0x2c, 0x20, 0x4b, 
	0x4f, 0x4e, 0x47, 0x2e, 0x20, 0x48, 0x41, 0x47, 0x41, 0x4d, 0x4f, 0x53, 0x20, 0x55, 0x4e, 0x20, 
	0x54, 0x52, 0x41, 0x54, 0x4f, 0x20, 0x43, 0x4f, 0x4e, 0x20, 0x4b, 0x2e, 0x52, 0x4f, 0x4f, 0x4c, 
	0x20, 0x41, 0x48, 0x4f, 0x52, 0x41, 0x2c, 0x20, 0xbf, 0x4e, 0x4f, 0x20, 0x43, 0x52, 0x45, 0x45, 
	0x53, 0x3f, 0xc9, 0x53, 0x54, 0x45, 0x20, 0x45, 0x53, 0x20, 0x45, 0x4c, 0x20, 0x54, 0x52, 0x41, 
	0x54, 0x4f, 0x2c, 0x20, 0x4b, 0x4f, 0x4e, 0x47, 0x2e, 0x20, 0x4c, 0x4f, 0x53, 0x20, 0x50, 0x4c, 
	0x41, 0x4e, 0x4f, 0x53, 0x20, 0x51, 0x55, 0x45, 0x20, 0x4d, 0x45, 0x20, 0x48, 0x41, 0x53, 0x20, 
	0x54, 0x52, 0x41, 0xcd, 0x44, 0x4f, 0x20, 0x4d, 0x45, 0x20, 0x50, 0x45, 0x52, 0x4d, 0x49, 0x54, 
	0x45, 0x4e, 0x20, 0x42, 0x4c, 0x4f, 0x51, 0x55, 0x45, 0x41, 0x52, 0x20, 0x45, 0x4c, 0x20, 0x44, 
	0x49, 0x53, 0x50, 0x41, 0x52, 0x4f, 0x20, 0x44, 0x45, 0x20, 0x4c, 0x41, 0x20, 0x4d, 0x41, 0x43, 
	0x48, 0x41, 0x43, 0x41, 0x44, 0x4f, 0x52, 0x41, 0x20, 0x44, 0x55, 0x52, 0x41, 0x4e, 0x54, 0x45, 
	0x20, 0x40, 0x20, 0x4d, 0x49, 0x4e, 0x55, 0x54, 0x4f, 0x53, 0x2e, 0x44, 0x45, 0x42, 0x45, 0x53, 
	0x20, 0x4c, 0x4f, 0x43, 0x41, 0x4c, 0x49, 0x5a, 0x41, 0x52, 0x20, 0x59, 0x20, 0x44, 0x45, 0x53, 
	0x41, 0x43, 0x54, 0x49, 0x56, 0x41, 0x52, 0x20, 0x4c, 0x41, 0x20, 0x4d, 0xc1, 0x51, 0x55, 0x49, 
	0x4e, 0x41, 0x20, 0x45, 0x4e, 0x20, 0x4c, 0x41, 0x20, 0x43, 0x41, 0x56, 0x45, 0x52, 0x4e, 0x41, 
	0x20, 0x50, 0x52, 0x49, 0x4e, 0x43, 0x49, 0x50, 0x41, 0x4c, 0x2e, 0xa1, 0x44, 0x41, 0x54, 0x45, 
	0x20, 0x50, 0x52, 0x49, 0x53, 0x41, 0x20, 0x4f, 0x20, 0x4e, 0x4f, 0x20, 0x54, 0x45, 0x4e, 0x44, 
	0x52, 0xc1, 0x53, 0x20, 0x55, 0x4e, 0x41, 0x20, 0x49, 0x53, 0x4c, 0x41, 0x20, 0x41, 0x20, 0x4c, 
	0x41, 0x20, 0x51, 0x55, 0x45, 0x20, 0x56, 0x4f, 0x4c, 0x56, 0x45, 0x52, 0x21, 
};
u8 text_12[] = {
	0x4, 0x1, 0x1, 0x1, 0x0, 0x0, 0x0, 0x0, 0x0, 0x5, 0x0, 0x0, 0x0, 0x0, 0x0, 0x0, 
	0x1, 0x1, 0x1, 0x0, 0x0, 0x0, 0x5, 0x0, 0x1c, 0x0, 0x0, 0x0, 0x0, 0x0, 0x0, 0x1, 
	0x1, 0x1, 0x0, 0x0, 0x0, 0x21, 0x0, 0xb, 0x0, 0x0, 0x0, 0x0, 0x0, 0x0, 0x1, 0x1, 
	0x1, 0x0, 0x0, 0x0, 0x2c, 0x0, 0xd, 0x0, 0x0, 0x0, 0x0, 0x0, 0x0, 0x0, 0x39, 0x44, 
	0x4b, 0x20, 0x54, 0x56, 0x31, 0x39, 0x39, 0x39, 0x20, 0x4e, 0x49, 0x4e, 0x54, 0x45, 0x4e, 0x44, 
	0x4f, 0x2e, 0x20, 0x47, 0x41, 0x4d, 0x45, 0x20, 0x42, 0x59, 0x20, 0x52, 0x41, 0x52, 0x45, 0x2e, 
	0x50, 0x55, 0x4c, 0x53, 0x41, 0x20, 0x53, 0x54, 0x41, 0x52, 0x54, 0x4d, 0x41, 0x4e, 0x44, 0x4f, 
	0x20, 0x41, 0x55, 0x53, 0x45, 0x4e, 0x54, 0x45, 
};
u8 text_13[] = {
	0x3, 0x1, 0x1, 0x1, 0x0, 0x0, 0x0, 0x0, 0x0, 0xd, 0x0, 0x0, 0x0, 0x0, 0x0, 0x0, 
	0x1, 0x1, 0x1, 0x0, 0x0, 0x0, 0xd, 0x0, 0x21, 0x0, 0x0, 0x0, 0x0, 0x0, 0x0, 0x1, 
	0x1, 0x1, 0x0, 0x0, 0x0, 0x2e, 0x0, 0x21, 0x0, 0x0, 0x0, 0x0, 0x0, 0x0, 0x0, 0x4f, 
	0x50, 0x52, 0x45, 0x53, 0x45, 0x4e, 0x54, 0x41, 0x44, 0x4f, 0x20, 0x45, 0x4e, 0x44, 0x4f, 0x4c, 
	0x42, 0x59, 0x20, 0x41, 0x4e, 0x44, 0x20, 0x54, 0x48, 0x45, 0x20, 0x44, 0x4f, 0x55, 0x42, 0x4c, 
	0x45, 0x2d, 0x44, 0x20, 0x53, 0x59, 0x4d, 0x42, 0x4f, 0x4c, 0x20, 0x41, 0x52, 0x45, 0x54, 0x52, 
	0x41, 0x44, 0x45, 0x4d, 0x41, 0x52, 0x4b, 0x53, 0x20, 0x4f, 0x46, 0x20, 0x44, 0x4f, 0x4c, 0x42, 
	0x59, 0x20, 0x4c, 0x41, 0x42, 0x4f, 0x52, 0x41, 0x54, 0x4f, 0x52, 0x49, 0x45, 0x53, 0x2e, 
};
u8 text_14[] = {
	0x5, 0x5, 0x1, 0x1, 0x0, 0x0, 0x0, 0x0, 0x0, 0x88, 0x0, 0x0, 0x0, 0x0, 0x0, 0x0, 
	0x2, 0x1, 0x0, 0x6b, 0x0, 0x0, 0x0, 0x0, 0x0, 0x0, 0x1, 0x1, 0x0, 0x0, 0x0, 0x88, 
	0x0, 0x43, 0x0, 0x0, 0x0, 0x0, 0x0, 0x0, 0x2, 0x1, 0x0, 0x6e, 0x0, 0x0, 0x0, 0x0, 
	0x0, 0x0, 0x1, 0x2, 0x0, 0x0, 0x0, 0xcb, 0x0, 0xc, 0x0, 0x0, 0x0, 0x0, 0x0, 0xd7, 
	0x0, 0x21, 0x0, 0x0, 0x0, 0x0, 0x0, 0x0, 0x1, 0x1, 0x1, 0x0, 0x0, 0x0, 0xf8, 0x0, 
	0x38, 0x0, 0x0, 0x0, 0x0, 0x0, 0x0, 0x1, 0x1, 0x1, 0x0, 0x0, 0x1, 0x30, 0x0, 0x39, 
	0x0, 0x0, 0x0, 0x0, 0x0, 0x0, 0x1, 0x1, 0x1, 0x0, 0x0, 0x1, 0x69, 0x0, 0x30, 0x0, 
	0x0, 0x0, 0x0, 0x0, 0x0, 0x1, 0x1, 0x1, 0x0, 0x0, 0x1, 0x99, 0x0, 0x34, 0x0, 0x0, 
	0x0, 0x0, 0x0, 0x0, 0x1, 0xcd, 0x4f, 0x48, 0x2c, 0x20, 0x53, 0xd3, 0x4c, 0x4f, 0x20, 0x45, 
	0x52, 0x45, 0x53, 0x20, 0x54, 0xda, 0x2c, 0x20, 0x7e, 0x2e, 0x20, 0x42, 0x55, 0x45, 0x4e, 0x4f, 
	0x2c, 0x20, 0x53, 0x49, 0x20, 0x4d, 0x45, 0x20, 0x47, 0x41, 0x4e, 0x41, 0x53, 0x20, 0x41, 0x4c, 
	0x20, 0x46, 0x49, 0x4e, 0x41, 0x4c, 0x20, 0x44, 0x45, 0x4c, 0x20, 0x54, 0x4f, 0x42, 0x4f, 0x47, 
	0xc1, 0x4e, 0x20, 0x1, 0x59, 0x1, 0x20, 0x43, 0x4f, 0x4e, 0x53, 0x49, 0x47, 0x55, 0x45, 0x53, 
	0x20, 0x40, 0x20, 0x4d, 0x4f, 0x4e, 0x45, 0x44, 0x41, 0x53, 0x2c, 0x20, 0x53, 0x55, 0x50, 0x4f, 
	0x4e, 0x47, 0x4f, 0x20, 0x51, 0x55, 0x45, 0x20, 0x50, 0x4f, 0x44, 0x52, 0xc1, 0x53, 0x20, 0x54, 
	0x45, 0x4e, 0x45, 0x52, 0x20, 0x4d, 0x49, 0x20, 0x42, 0x41, 0x4e, 0x41, 0x4e, 0x41, 0x20, 0x44, 
	0x4f, 0x52, 0x41, 0x44, 0x41, 0x2e, 0x20, 0x55, 0x54, 0x49, 0x4c, 0x49, 0x5a, 0x41, 0x50, 0x41, 
	0x52, 0x41, 0x20, 0x4d, 0x41, 0x4e, 0x49, 0x4f, 0x42, 0x52, 0x41, 0x52, 0x2c, 0x20, 0x41, 0x56, 
	0x41, 0x4e, 0x5a, 0x41, 0x20, 0x50, 0x41, 0x52, 0x41, 0x20, 0x41, 0x43, 0x45, 0x4c, 0x45, 0x52, 
	0x41, 0x52, 0x20, 0x59, 0x20, 0x52, 0x45, 0x54, 0x52, 0x4f, 0x43, 0x45, 0x44, 0x45, 0x20, 0x50, 
	0x41, 0x52, 0x41, 0x20, 0x46, 0x52, 0x45, 0x4e, 0x41, 0x52, 0x2e, 0x20, 0x50, 0x55, 0x4c, 0x53, 
	0x41, 0x50, 0x41, 0x52, 0x41, 0x20, 0x53, 0x41, 0x4c, 0x54, 0x41, 0x52, 0x2e, 0xbf, 0x45, 0x53, 
	0x54, 0xc1, 0x53, 0x20, 0x41, 0x20, 0x50, 0x55, 0x4e, 0x54, 0x4f, 0x3f, 0x20, 0xa1, 0x45, 0x4e, 
	0x54, 0x4f, 0x4e, 0x43, 0x45, 0x53, 0x2c, 0x20, 0x56, 0x41, 0x4d, 0x4f, 0x53, 0x21, 0x45, 0x52, 
	0x45, 0x53, 0x20, 0x4d, 0x45, 0x4a, 0x4f, 0x52, 0x20, 0x44, 0x45, 0x20, 0x4c, 0x4f, 0x20, 0x51, 
	0x55, 0x45, 0x20, 0x50, 0x45, 0x4e, 0x53, 0x41, 0x42, 0x41, 0x2c, 0x20, 0x7e, 0x2e, 0x20, 0xa1, 
	0x41, 0x51, 0x55, 0xcd, 0x20, 0x54, 0x49, 0x45, 0x4e, 0x45, 0x53, 0x20, 0x54, 0x55, 0x20, 0x50, 
	0x52, 0x45, 0x4d, 0x49, 0x4f, 0x21, 0x56, 0x41, 0x59, 0x41, 0x2c, 0x20, 0x4d, 0x45, 0x20, 0x54, 
	0x45, 0x4d, 0x4f, 0x20, 0x51, 0x55, 0x45, 0x20, 0x4e, 0x4f, 0x20, 0x54, 0x45, 0x20, 0x53, 0x49, 
	0x52, 0x56, 0x45, 0x20, 0x50, 0x4f, 0x52, 0x51, 0x55, 0x45, 0x20, 0x4e, 0x4f, 0x20, 0x54, 0x49, 
	0x45, 0x4e, 0x45, 0x53, 0x20, 0x40, 0x20, 0x4d, 0x4f, 0x4e, 0x45, 0x44, 0x41, 0x53, 0x2e, 0x4e, 
	0x49, 0x20, 0x43, 0x4f, 0x4e, 0x20, 0xc9, 0x53, 0x41, 0x53, 0x2c, 0x20, 0x7e, 0x2c, 0x20, 0x53, 
	0x45, 0x4e, 0x43, 0x49, 0x4c, 0x4c, 0x41, 0x4d, 0x45, 0x4e, 0x54, 0x45, 0x20, 0x4e, 0x4f, 0x20, 
	0x45, 0x52, 0x45, 0x53, 0x20, 0x4d, 0x55, 0x59, 0x20, 0x56, 0x45, 0x4c, 0x4f, 0x5a, 0x2e, 0xa1, 
	0x56, 0x41, 0x4d, 0x4f, 0x53, 0x2c, 0x20, 0x7e, 0x2c, 0x20, 0x49, 0x4e, 0x54, 0x45, 0x4e, 0x54, 
	0x41, 0x20, 0x4d, 0x41, 0x4e, 0x54, 0x45, 0x4e, 0x45, 0x52, 0x54, 0x45, 0x20, 0x45, 0x4e, 0x20, 
	0x45, 0x4c, 0x20, 0x54, 0x4f, 0x42, 0x4f, 0x47, 0xc1, 0x4e, 0x20, 0x43, 0x4f, 0x4d, 0x4f, 0x20, 
	0x59, 0x4f, 0x21, 
};
u8 text_15[] = {
	0x4, 0x1, 0x1, 0x1, 0x0, 0x0, 0x0, 0x0, 0x0, 0x72, 0x0, 0x0, 0x0, 0x0, 0x0, 0x0, 
	0x1, 0x1, 0x2, 0x0, 0x0, 0x0, 0x72, 0x0, 0x2e, 0x0, 0x0, 0x0, 0x0, 0x0, 0xa0, 0x0, 
	0x64, 0x0, 0x0, 0x0, 0x0, 0x0, 0x0, 0x1, 0x1, 0x1, 0x0, 0x0, 0x1, 0x4, 0x0, 0x5c, 
	0x0, 0x0, 0x0, 0x0, 0x0, 0x0, 0x1, 0x1, 0x1, 0x0, 0x0, 0x1, 0x60, 0x0, 0x41, 0x0, 
	0x0, 0x0, 0x0, 0x0, 0x0, 0x1, 0xa1, 0xa1, 0x41, 0x48, 0x2c, 0x20, 0x4c, 0x41, 0x20, 0x4c, 
	0x49, 0x42, 0x45, 0x52, 0x54, 0x41, 0x44, 0x2e, 0x2e, 0x2e, 0x21, 0x20, 0xa1, 0x47, 0x52, 0x41, 
	0x43, 0x49, 0x41, 0x53, 0x21, 0x20, 0x53, 0x49, 0x20, 0x54, 0x45, 0x20, 0x41, 0x50, 0x45, 0x54, 
	0x45, 0x43, 0x45, 0x20, 0x48, 0x41, 0x43, 0x45, 0x52, 0x20, 0x55, 0x4e, 0x41, 0x20, 0x50, 0x52, 
	0x55, 0x45, 0x42, 0x41, 0x20, 0x44, 0x45, 0x20, 0x54, 0x55, 0x20, 0x48, 0x41, 0x42, 0x49, 0x4c, 
	0x49, 0x44, 0x41, 0x44, 0x20, 0x44, 0x45, 0x20, 0x56, 0x55, 0x45, 0x4c, 0x4f, 0x2c, 0x20, 0x56, 
	0x45, 0x4e, 0x20, 0x41, 0x20, 0x56, 0x45, 0x52, 0x4d, 0x45, 0x20, 0x41, 0x4c, 0x20, 0x4a, 0x45, 
	0x54, 0x20, 0x42, 0x41, 0x52, 0x52, 0x49, 0x4c, 0x2e, 0x4f, 0x48, 0x2c, 0x20, 0x41, 0x51, 0x55, 
	0xcd, 0x20, 0x45, 0x53, 0x54, 0xc1, 0x53, 0x2c, 0x20, 0x7e, 0x2e, 0x20, 0x50, 0x45, 0x4e, 0x53, 
	0xc9, 0x20, 0x51, 0x55, 0x45, 0x20, 0x54, 0x45, 0x20, 0x49, 0x42, 0x41, 0x53, 0x20, 0x41, 0x20, 
	0x50, 0x45, 0x52, 0x44, 0x45, 0x52, 0x2e, 0x53, 0xcd, 0x47, 0x55, 0x45, 0x4d, 0x45, 0x20, 0x41, 
	0x20, 0x4c, 0x4f, 0x20, 0x4c, 0x41, 0x52, 0x47, 0x4f, 0x20, 0x44, 0x45, 0x4c, 0x20, 0x4e, 0x49, 
	0x56, 0x45, 0x4c, 0x20, 0x59, 0x20, 0x43, 0x52, 0x55, 0x5a, 0x41, 0x20, 0x1, 0x54, 0x4f, 0x44, 
	0x4f, 0x53, 0x1, 0x20, 0x4c, 0x4f, 0x53, 0x20, 0x41, 0x4e, 0x49, 0x4c, 0x4c, 0x4f, 0x53, 0x20, 
	0x51, 0x55, 0x45, 0x20, 0x44, 0x45, 0x4a, 0x45, 0x20, 0x44, 0x45, 0x54, 0x52, 0xc1, 0x53, 0x20, 
	0x53, 0x49, 0x20, 0x51, 0x55, 0x49, 0x45, 0x52, 0x45, 0x53, 0x20, 0x47, 0x41, 0x4e, 0x41, 0x52, 
	0x20, 0x55, 0x4e, 0x20, 0x50, 0x52, 0x45, 0x4d, 0x49, 0x4f, 0x2e, 0xa1, 0x43, 0x41, 0x52, 0x41, 
	0x4d, 0x42, 0x41, 0x2c, 0x20, 0x4e, 0x4f, 0x20, 0x50, 0x55, 0x45, 0x44, 0x4f, 0x20, 0x56, 0x4f, 
	0x4c, 0x41, 0x52, 0x20, 0x4d, 0xc1, 0x53, 0x20, 0x44, 0x45, 0x53, 0x50, 0x41, 0x43, 0x49, 0x4f, 
	0x20, 0x59, 0x20, 0x41, 0xda, 0x4e, 0x20, 0x4e, 0x4f, 0x20, 0x4c, 0x4f, 0x20, 0x43, 0x4f, 0x4e, 
	0x53, 0x49, 0x47, 0x55, 0x45, 0x53, 0x21, 0x20, 0x54, 0x45, 0x4e, 0x44, 0x52, 0x45, 0x4d, 0x4f, 
	0x53, 0x20, 0x51, 0x55, 0x45, 0x20, 0x45, 0x4d, 0x50, 0x45, 0x5a, 0x41, 0x52, 0x20, 0x44, 0x45, 
	0x20, 0x4e, 0x55, 0x45, 0x56, 0x4f, 0x2e, 0xa1, 0x45, 0x58, 0x43, 0x45, 0x4c, 0x45, 0x4e, 0x54, 
	0x45, 0x20, 0x56, 0x55, 0x45, 0x4c, 0x4f, 0x2c, 0x20, 0x7e, 0x21, 0x20, 0x41, 0x48, 0x4f, 0x52, 
	0x41, 0x20, 0x56, 0x45, 0x41, 0x4d, 0x4f, 0x53, 0x20, 0x51, 0x55, 0xc9, 0x20, 0x54, 0x45, 0x20, 
	0x50, 0x55, 0x45, 0x44, 0x4f, 0x20, 0x44, 0x41, 0x52, 0x20, 0x43, 0x4f, 0x4d, 0x4f, 0x20, 0x50, 
	0x52, 0x45, 0x4d, 0x49, 0x4f, 0x2e, 0x2e, 0x2e, 
};
u8 text_16[] = {
	0x1a, 0x1, 0x1, 0x2, 0x0, 0x0, 0x0, 0x0, 0x0, 0x27, 0x0, 0x0, 0x0, 0x0, 0x0, 0x27, 
	0x0, 0x2c, 0x0, 0x0, 0x0, 0x0, 0x0, 0x0, 0x1, 0x1, 0x1, 0x0, 0x0, 0x0, 0x53, 0x0, 
	0x2e, 0x0, 0x0, 0x0, 0x0, 0x0, 0x0, 0x5, 0x1, 0x3, 0x0, 0x0, 0x0, 0x81, 0x0, 0x14, 
	0x0, 0x0, 0x0, 0x0, 0x0, 0x95, 0x0, 0x48, 0x0, 0x0, 0x0, 0x0, 0x0, 0xdd, 0x0, 0x7, 
	0x0, 0x0, 0x0, 0x0, 0x0, 0x0, 0x2, 0x1, 0x0, 0x6b, 0x0, 0x0, 0x0, 0x0, 0x0, 0x0, 
	0x1, 0x2, 0x0, 0x0, 0x0, 0xe4, 0x0, 0x34, 0x0, 0x0, 0x0, 0x0, 0x1, 0x18, 0x0, 0x5, 
	0x0, 0x0, 0x0, 0x0, 0x0, 0x0, 0x2, 0x1, 0x0, 0x6e, 0x0, 0x0, 0x0, 0x0, 0x0, 0x0, 
	0x1, 0x2, 0x0, 0x0, 0x1, 0x1d, 0x0, 0x41, 0x0, 0x0, 0x0, 0x0, 0x1, 0x5e, 0x0, 0x1f, 
	0x0, 0x0, 0x0, 0x0, 0x0, 0x0, 0x1, 0x1, 0x1, 0x0, 0x0, 0x1, 0x7d, 0x0, 0x43, 0x0, 
	0x0, 0x0, 0x0, 0x0, 0x0, 0x1, 0x1, 0x2, 0x0, 0x0, 0x1, 0xc0, 0x0, 0x50, 0x0, 0x0, 
	0x0, 0x0, 0x2, 0x10, 0x0, 0x23, 0x0, 0x0, 0x0, 0x0, 0x0, 0x0, 0x5, 0x1, 0x2, 0x0, 
	0x0, 0x2, 0x33, 0x0, 0x41, 0x0, 0x0, 0x0, 0x0, 0x2, 0x74, 0x0, 0x7, 0x0, 0x0, 0x0, 
	0x0, 0x0, 0x0, 0x2, 0x1, 0x0, 0x6b, 0x0, 0x0, 0x0, 0x0, 0x0, 0x0, 0x1, 0x2, 0x0, 
	0x0, 0x2, 0x7b, 0x0, 0x34, 0x0, 0x0, 0x0, 0x0, 0x2, 0xaf, 0x0, 0x5, 0x0, 0x0, 0x0, 
	0x0, 0x0, 0x0, 0x2, 0x1, 0x0, 0x6e, 0x0, 0x0, 0x0, 0x0, 0x0, 0x0, 0x1, 0x3, 0x0, 
	0x0, 0x2, 0xb4, 0x0, 0xc, 0x0, 0x0, 0x0, 0x0, 0x2, 0xc0, 0x0, 0x51, 0x0, 0x0, 0x0, 
	0x0, 0x3, 0x11, 0x0, 0x20, 0x0, 0x0, 0x0, 0x0, 0x0, 0x0, 0x1, 0x1, 0x1, 0x0, 0x0, 
	0x3, 0x31, 0x0, 0x34, 0x0, 0x0, 0x0, 0x0, 0x0, 0x0, 0x1, 0x1, 0x2, 0x0, 0x0, 0x3, 
	0x65, 0x0, 0x31, 0x0, 0x0, 0x0, 0x0, 0x3, 0x96, 0x0, 0x26, 0x0, 0x0, 0x0, 0x0, 0x0, 
	0x0, 0x5, 0x1, 0x2, 0x0, 0x0, 0x3, 0xbc, 0x0, 0x4f, 0x0, 0x0, 0x0, 0x0, 0x4, 0xb, 
	0x0, 0x7, 0x0, 0x0, 0x0, 0x0, 0x0, 0x0, 0x2, 0x1, 0x0, 0x6b, 0x0, 0x0, 0x0, 0x0, 
	0x0, 0x0, 0x1, 0x2, 0x0, 0x0, 0x4, 0x12, 0x0, 0x35, 0x0, 0x0, 0x0, 0x0, 0x4, 0x47, 
	0x0, 0x5, 0x0, 0x0, 0x0, 0x0, 0x0, 0x0, 0x2, 0x1, 0x0, 0x6e, 0x0, 0x0, 0x0, 0x0, 
	0x0, 0x0, 0x1, 0x3, 0x0, 0x0, 0x4, 0x4c, 0x0, 0x1a, 0x0, 0x0, 0x0, 0x0, 0x4, 0x66, 
	0x0, 0x2f, 0x0, 0x0, 0x0, 0x0, 0x4, 0x95, 0x0, 0x25, 0x0, 0x0, 0x0, 0x0, 0x0, 0x0, 
	0x1, 0x1, 0x1, 0x0, 0x0, 0x4, 0xba, 0x0, 0x56, 0x0, 0x0, 0x0, 0x0, 0x0, 0x0, 0x1, 
	0x1, 0x1, 0x0, 0x0, 0x5, 0x10, 0x0, 0x5c, 0x0, 0x0, 0x0, 0x0, 0x0, 0x0, 0x1, 0x1, 
	0x2, 0x0, 0x0, 0x5, 0x6c, 0x0, 0x6a, 0x0, 0x0, 0x0, 0x0, 0x5, 0xd6, 0x0, 0x37, 0x0, 
	0x0, 0x0, 0x0, 0x0, 0x0, 0x1, 0x1, 0x2, 0x0, 0x0, 0x6, 0xd, 0x0, 0x1d, 0x0, 0x0, 
	0x0, 0x0, 0x6, 0x2a, 0x0, 0x27, 0x0, 0x0, 0x0, 0x0, 0x0, 0x0, 0x1, 0x1, 0x2, 0x0, 
	0x0, 0x6, 0x51, 0x0, 0x50, 0x0, 0x0, 0x0, 0x0, 0x6, 0xa1, 0x0, 0x6c, 0x0, 0x0, 0x0, 
	0x0, 0x0, 0x0, 0x1, 0x1, 0x1, 0x0, 0x0, 0x7, 0xd, 0x0, 0x4a, 0x0, 0x0, 0x0, 0x0, 
	0x0, 0x0, 0x1, 0x1, 0x3, 0x0, 0x0, 0x7, 0x57, 0x0, 0x3e, 0x0, 0x0, 0x0, 0x0, 0x7, 
	0x95, 0x0, 0x3e, 0x0, 0x0, 0x0, 0x0, 0x7, 0xd3, 0x0, 0x6b, 0x0, 0x0, 0x0, 0x0, 0x0, 
	0x0, 0x1, 0x1, 0x1, 0x0, 0x0, 0x8, 0x3e, 0x0, 0x52, 0x0, 0x0, 0x0, 0x0, 0x0, 0x0, 
	0x1, 0x1, 0x2, 0x0, 0x0, 0x8, 0x90, 0x0, 0x4f, 0x0, 0x0, 0x0, 0x0, 0x8, 0xdf, 0x0, 
	0x4d, 0x0, 0x0, 0x0, 0x0, 0x0, 0x0, 0x1, 0x1, 0x1, 0x0, 0x0, 0x9, 0x2c, 0x0, 0x29, 
	0x0, 0x0, 0x0, 0x0, 0x0, 0x0, 0x1, 0x1, 0x1, 0x0, 0x0, 0x9, 0x55, 0x0, 0x4e, 0x0, 
	0x0, 0x0, 0x0, 0x0, 0x0, 0x1, 0x1, 0x1, 0x0, 0x0, 0x9, 0xa3, 0x0, 0x48, 0x0, 0x0, 
	0x0, 0x0, 0x0, 0x0, 0x4, 0x1, 0x2, 0x0, 0x0, 0x9, 0xeb, 0x0, 0x35, 0x0, 0x0, 0x0, 
	0x0, 0xa, 0x20, 0x0, 0x21, 0x0, 0x0, 0x0, 0x0, 0x0, 0x0, 0x2, 0x1, 0x0, 0x70, 0x0, 
	0x0, 0x0, 0x0, 0x0, 0x0, 0x1, 0x1, 0x0, 0x0, 0xa, 0x41, 0x0, 0xa, 0x0, 0x0, 0x0, 
	0x0, 0x0, 0x0, 0x2, 0x1, 0x0, 0x73, 0x0, 0x0, 0x0, 0x0, 0x0, 0x0, 0x1, 0x1, 0x1, 
	0x0, 0x0, 0xa, 0x4b, 0x0, 0x64, 0x0, 0x0, 0x0, 0x0, 0x0, 0x0, 0x1, 0x1, 0x1, 0x0, 
	0x0, 0xa, 0xaf, 0x0, 0x4c, 0x0, 0x0, 0x0, 0x0, 0x0, 0x0, 0x1, 0x1, 0x1, 0x0, 0x0, 
	0xa, 0xfb, 0x0, 0x42, 0x0, 0x0, 0x0, 0x0, 0x0, 0x0, 0x1, 0x1, 0x1, 0x0, 0x0, 0xb, 
	0x3d, 0x0, 0x4c, 0x0, 0x0, 0x0, 0x0, 0x0, 0x0, 0xb, 0x89, 0xa1, 0x53, 0x51, 0x55, 0x41, 
	0x57, 0x4b, 0x21, 0x20, 0xbf, 0x51, 0x55, 0xc9, 0x20, 0x43, 0x52, 0x45, 0x45, 0x53, 0x20, 0x51, 
	0x55, 0x45, 0x20, 0x53, 0x4f, 0x59, 0x2c, 0x20, 0x55, 0x4e, 0x20, 0xc1, 0x47, 0x55, 0x49, 0x4c, 
	0x41, 0x3f, 0x45, 0x52, 0x45, 0x53, 0x20, 0x44, 0x45, 0x4d, 0x41, 0x53, 0x49, 0x41, 0x44, 0x4f, 
	0x20, 0x50, 0x45, 0x53, 0x41, 0x44, 0x41, 0x20, 0x50, 0x41, 0x52, 0x41, 0x20, 0x4d, 0xcd, 0x2c, 
	0x20, 0x54, 0x49, 0x4e, 0x59, 0x2e, 0x20, 0xa1, 0x42, 0x57, 0x41, 0x52, 0x4b, 0x21, 0xa1, 0x53, 
	0x51, 0x55, 0x41, 0x57, 0x4b, 0x21, 0x20, 0xa1, 0x41, 0x47, 0xc1, 0x52, 0x52, 0x41, 0x54, 0x45, 
	0x20, 0x46, 0x55, 0x45, 0x52, 0x54, 0x45, 0x2c, 0x20, 0x41, 0x4c, 0x4c, 0xc1, 0x20, 0x56, 0x41, 
	0x4d, 0x4f, 0x53, 0x21, 0x20, 0xa1, 0x42, 0x57, 0x41, 0x52, 0x4b, 0x21, 0xa1, 0x53, 0x51, 0x55, 
	0x41, 0x57, 0x4b, 0x21, 0x20, 0x45, 0x53, 0x43, 0x55, 0x43, 0x48, 0x41, 0x2c, 0x20, 0x7e, 0x2e, 
	0x43, 0x4f, 0x4e, 0x53, 0x49, 0x47, 0x55, 0x45, 0x20, 0x40, 0x20, 0x4d, 0x4f, 0x4e, 0x45, 0x44, 
	0x41, 0x53, 0x20, 0x45, 0x4e, 0x20, 0x45, 0x53, 0x54, 0x41, 0x20, 0x48, 0x45, 0x52, 0x4d, 0x4f, 
	0x53, 0x41, 0x20, 0x43, 0x41, 0x52, 0x52, 0x45, 0x52, 0x41, 0x20, 0x50, 0x41, 0x52, 0x41, 0x20, 
	0x47, 0x41, 0x4e, 0x41, 0x52, 0x20, 0x55, 0x4e, 0x41, 0x20, 0x42, 0x41, 0x4e, 0x41, 0x4e, 0x41, 
	0x20, 0x44, 0x4f, 0x52, 0x41, 0x44, 0x41, 0x2e, 0x55, 0x54, 0x49, 0x4c, 0x49, 0x5a, 0x41, 0x50, 
	0x41, 0x52, 0x41, 0x20, 0x41, 0x43, 0x45, 0x4c, 0x45, 0x52, 0x41, 0x52, 0x2c, 0x20, 0x46, 0x52, 
	0x45, 0x4e, 0x41, 0x52, 0x20, 0x59, 0x20, 0x4d, 0x49, 0x52, 0x41, 0x52, 0x20, 0x41, 0x20, 0x49, 
	0x5a, 0x51, 0x55, 0x49, 0x45, 0x52, 0x44, 0x41, 0x20, 0x4f, 0x20, 0x44, 0x45, 0x52, 0x45, 0x43, 
	0x48, 0x41, 0x2e, 0x50, 0x55, 0x4c, 0x53, 0x41, 0x50, 0x41, 0x52, 0x41, 0x20, 0x53, 0x41, 0x4c, 
	0x54, 0x41, 0x52, 0x2e, 0x20, 0x54, 0x45, 0x4e, 0x20, 0x43, 0x55, 0x49, 0x44, 0x41, 0x44, 0x4f, 
	0x20, 0x43, 0x4f, 0x4e, 0x20, 0x4c, 0x4f, 0x53, 0x20, 0x4f, 0x54, 0x52, 0x4f, 0x53, 0x20, 0x43, 
	0x41, 0x52, 0x52, 0x4f, 0x53, 0x20, 0x59, 0x20, 0x45, 0x4c, 0x20, 0x42, 0x41, 0x52, 0x52, 0x49, 
	0x4c, 0x20, 0x44, 0x45, 0x20, 0x54, 0x4e, 0x54, 0x2e, 0xa1, 0x4e, 0x4f, 0x53, 0x20, 0x56, 0x45, 
	0x4d, 0x4f, 0x53, 0x20, 0x41, 0x20, 0x4c, 0x41, 0x20, 0x53, 0x41, 0x4c, 0x49, 0x44, 0x41, 0x21, 
	0x20, 0xa1, 0x42, 0x57, 0x41, 0x52, 0x4b, 0x21, 0xa1, 0x53, 0x51, 0x55, 0x41, 0x57, 0x4b, 0x21, 
	0x20, 0x45, 0x58, 0x43, 0x45, 0x4c, 0x45, 0x4e, 0x54, 0x45, 0x20, 0x43, 0x41, 0x52, 0x52, 0x45, 
	0x52, 0x41, 0x2c, 0x20, 0xbf, 0x45, 0x48, 0x3f, 0x20, 0xa1, 0x48, 0x41, 0x53, 0x20, 0x47, 0x41, 
	0x4e, 0x41, 0x44, 0x4f, 0x20, 0x55, 0x4e, 0x41, 0x20, 0x42, 0x41, 0x4e, 0x41, 0x4e, 0x41, 0x2c, 
	0x20, 0x7e, 0x21, 0x20, 0xa1, 0x42, 0x57, 0x41, 0x52, 0x4b, 0x21, 0xa1, 0x53, 0x51, 0x55, 0x41, 
	0x57, 0x4b, 0x21, 0x20, 0x4d, 0x45, 0x4e, 0x4f, 0x53, 0x20, 0x44, 0x45, 0x20, 0x40, 0x20, 0x4d, 
	0x4f, 0x4e, 0x45, 0x44, 0x41, 0x53, 0x20, 0x53, 0x49, 0x47, 0x4e, 0x49, 0x46, 0x49, 0x43, 0x41, 
	0x20, 0x51, 0x55, 0x45, 0x20, 0x4e, 0x4f, 0x20, 0x54, 0x45, 0x20, 0x4c, 0x4c, 0x45, 0x56, 0x41, 
	0x52, 0xc1, 0x53, 0x20, 0x55, 0x4e, 0x41, 0x20, 0x42, 0x41, 0x4e, 0x41, 0x4e, 0x41, 0x20, 0x45, 
	0x53, 0x54, 0x41, 0x20, 0x56, 0x45, 0x5a, 0x2c, 0x20, 0x7e, 0x2e, 0x54, 0x45, 0x20, 0x52, 0x45, 
	0x43, 0x4f, 0x4d, 0x49, 0x45, 0x4e, 0x44, 0x4f, 0x20, 0x4d, 0xc1, 0x53, 0x20, 0x50, 0x52, 0xc1, 
	0x43, 0x54, 0x49, 0x43, 0x41, 0x2e, 0x20, 0xa1, 0x42, 0x57, 0x41, 0x52, 0x4b, 0x21, 0xa1, 0x53, 
	0x51, 0x55, 0x41, 0x57, 0x4b, 0x21, 0x20, 0x43, 0x4f, 0x4e, 0x53, 0x49, 0x47, 0x55, 0x45, 0x20, 
	0x53, 0xd3, 0x4c, 0x4f, 0x20, 0x40, 0x20, 0x4d, 0x4f, 0x4e, 0x45, 0x44, 0x41, 0x53, 0x20, 0x59, 
	0x20, 0x45, 0x53, 0x54, 0x41, 0x20, 0x42, 0x41, 0x4e, 0x41, 0x4e, 0x41, 0x20, 0x44, 0x4f, 0x52, 
	0x41, 0x44, 0x41, 0x20, 0x45, 0x53, 0x20, 0x54, 0x55, 0x59, 0x41, 0x2c, 0x20, 0x7e, 0x2e, 0x55, 
	0x54, 0x49, 0x4c, 0x49, 0x5a, 0x41, 0x50, 0x41, 0x52, 0x41, 0x20, 0x41, 0x43, 0x45, 0x4c, 0x45, 
	0x52, 0x41, 0x52, 0x2c, 0x20, 0x46, 0x52, 0x45, 0x4e, 0x41, 0x52, 0x20, 0x59, 0x20, 0x4d, 0x49, 
	0x52, 0x41, 0x52, 0x20, 0x41, 0x20, 0x49, 0x5a, 0x51, 0x55, 0x49, 0x45, 0x52, 0x44, 0x41, 0x20, 
	0x4f, 0x20, 0x44, 0x45, 0x52, 0x45, 0x43, 0x48, 0x41, 0x2e, 0x50, 0x55, 0x4c, 0x53, 0x41, 0x50, 
	0x41, 0x52, 0x41, 0x20, 0x53, 0x41, 0x4c, 0x54, 0x41, 0x52, 0x2e, 0x54, 0x45, 0x4e, 0x20, 0x43, 
	0x55, 0x49, 0x44, 0x41, 0x44, 0x4f, 0x20, 0x43, 0x4f, 0x4e, 0x20, 0x4c, 0x41, 0x53, 0x20, 0x50, 
	0x55, 0x45, 0x52, 0x54, 0x41, 0x53, 0x20, 0x41, 0x43, 0x54, 0x49, 0x56, 0x41, 0x44, 0x41, 0x53, 
	0x20, 0x50, 0x4f, 0x52, 0x20, 0x55, 0x4e, 0x41, 0x20, 0x43, 0x41, 0x4d, 0x50, 0x41, 0x4e, 0x41, 
	0x20, 0x59, 0x20, 0x43, 0x4f, 0x4e, 0x20, 0x4c, 0x4f, 0x53, 0x20, 0x47, 0x4f, 0x4c, 0x50, 0x45, 
	0x53, 0x20, 0x4c, 0x41, 0x54, 0x45, 0x52, 0x41, 0x4c, 0x45, 0x53, 0x2e, 0xa1, 0x51, 0x55, 0x45, 
	0x20, 0x54, 0x45, 0x4e, 0x47, 0x41, 0x53, 0x20, 0x55, 0x4e, 0x20, 0x42, 0x55, 0x45, 0x4e, 0x20, 
	0x44, 0xcd, 0x41, 0x21, 0x20, 0xa1, 0x42, 0x57, 0x41, 0x52, 0x4b, 0x21, 0xa1, 0x53, 0x51, 0x55, 
	0x41, 0x57, 0x4b, 0x21, 0x20, 0x45, 0x52, 0x45, 0x53, 0x20, 0x4d, 0xc1, 0x53, 0x20, 0xc1, 0x47, 
	0x49, 0x4c, 0x20, 0x44, 0x45, 0x20, 0x4c, 0x4f, 0x20, 0x51, 0x55, 0x45, 0x20, 0x50, 0x41, 0x52, 
	0x45, 0x43, 0x45, 0x53, 0x2c, 0x20, 0x7e, 0x2e, 0x20, 0xa1, 0x42, 0x57, 0x41, 0x52, 0x4b, 0x21, 
	0xa1, 0x53, 0x51, 0x55, 0x41, 0x57, 0x4b, 0x21, 0x20, 0x4d, 0x45, 0x20, 0x54, 0x45, 0x4d, 0x4f, 
	0x20, 0x51, 0x55, 0x45, 0x20, 0x4e, 0x4f, 0x20, 0x48, 0x41, 0x59, 0x20, 0x55, 0x4e, 0x20, 0x53, 
	0x45, 0x47, 0x55, 0x4e, 0x44, 0x4f, 0x20, 0x50, 0x52, 0x45, 0x4d, 0x49, 0x4f, 0x2c, 0x20, 0x7e, 
	0x2e, 0x53, 0x4f, 0x4e, 0x20, 0x40, 0x20, 0x4d, 0x4f, 0x4e, 0x45, 0x44, 0x41, 0x53, 0x20, 0x4f, 
	0x20, 0x4e, 0x4f, 0x20, 0x48, 0x41, 0x59, 0x20, 0x42, 0x41, 0x4e, 0x41, 0x4e, 0x41, 0x2e, 0x20, 
	0xa1, 0x42, 0x57, 0x41, 0x52, 0x4b, 0x21, 0xa1, 0x53, 0x51, 0x55, 0x41, 0x57, 0x4b, 0x21, 0x20, 
	0x53, 0x4f, 0x42, 0x52, 0x45, 0x56, 0x49, 0x56, 0x45, 0x20, 0x41, 0x20, 0x4c, 0x41, 0x20, 0x50, 
	0x52, 0x55, 0x45, 0x42, 0x41, 0x20, 0x44, 0x45, 0x4c, 0x20, 0x45, 0x53, 0x50, 0xcd, 0x52, 0x49, 
	0x54, 0x55, 0x20, 0x59, 0x20, 0x43, 0x4f, 0x4e, 0x53, 0x49, 0x47, 0x55, 0x45, 0x20, 0x40, 0x20, 
	0x4d, 0x4f, 0x4e, 0x45, 0x44, 0x41, 0x53, 0x20, 0x50, 0x41, 0x52, 0x41, 0x20, 0x47, 0x41, 0x4e, 
	0x41, 0x52, 0x2c, 0x20, 0x7e, 0x2e, 0x55, 0x54, 0x49, 0x4c, 0x49, 0x5a, 0x41, 0x50, 0x41, 0x52, 
	0x41, 0x20, 0x41, 0x43, 0x45, 0x4c, 0x45, 0x52, 0x41, 0x52, 0x2c, 0x20, 0x46, 0x52, 0x45, 0x4e, 
	0x41, 0x52, 0x20, 0x59, 0x20, 0x53, 0x41, 0x4c, 0x54, 0x41, 0x52, 0x20, 0x41, 0x20, 0x49, 0x5a, 
	0x51, 0x55, 0x49, 0x45, 0x52, 0x44, 0x41, 0x20, 0x4f, 0x20, 0x44, 0x45, 0x52, 0x45, 0x43, 0x48, 
	0x41, 0x2e, 0x50, 0x55, 0x4c, 0x53, 0x41, 0x50, 0x41, 0x52, 0x41, 0x20, 0x53, 0x41, 0x4c, 0x54, 
	0x41, 0x52, 0x20, 0x48, 0x41, 0x43, 0x49, 0x41, 0x20, 0x44, 0x45, 0x4c, 0x41, 0x4e, 0x54, 0x45, 
	0x2e, 0x54, 0x45, 0x4e, 0x20, 0x43, 0x55, 0x49, 0x44, 0x41, 0x44, 0x4f, 0x20, 0x43, 0x4f, 0x4e, 
	0x20, 0x4c, 0x41, 0x53, 0x20, 0x4c, 0xc1, 0x50, 0x49, 0x44, 0x41, 0x53, 0x20, 0x59, 0x20, 0x43, 
	0x4f, 0x4e, 0x20, 0x4c, 0x4f, 0x53, 0x20, 0x44, 0x45, 0x4d, 0x4f, 0x4e, 0x49, 0x4f, 0x53, 0x2e, 
	0xa1, 0x56, 0x45, 0x4e, 0x47, 0x41, 0x2c, 0x20, 0x7e, 0x2c, 0x20, 0x54, 0xda, 0x20, 0x50, 0x55, 
	0x45, 0x44, 0x45, 0x53, 0x20, 0x48, 0x41, 0x43, 0x45, 0x52, 0x4c, 0x4f, 0x21, 0x20, 0xa1, 0x42, 
	0x57, 0x41, 0x52, 0x4b, 0x21, 0xa1, 0x53, 0x51, 0x55, 0x41, 0x57, 0x4b, 0x21, 0x20, 0xa1, 0x52, 
	0xc1, 0x50, 0x49, 0x44, 0x4f, 0x2c, 0x20, 0x54, 0x4f, 0x4d, 0x41, 0x20, 0x45, 0x53, 0x54, 0x41, 
	0x20, 0x42, 0x41, 0x4e, 0x41, 0x4e, 0x41, 0x2c, 0x20, 0x51, 0x55, 0x49, 0x45, 0x52, 0x4f, 0x20, 
	0x53, 0x41, 0x4c, 0x49, 0x52, 0x20, 0x44, 0x45, 0x20, 0x45, 0x53, 0x54, 0x45, 0x20, 0x45, 0x53, 
	0x50, 0x45, 0x4c, 0x55, 0x5a, 0x4e, 0x41, 0x4e, 0x54, 0x45, 0x20, 0x41, 0x47, 0x55, 0x4a, 0x45, 
	0x52, 0x4f, 0x21, 0x20, 0xa1, 0x42, 0x57, 0x41, 0x52, 0x4b, 0x21, 0xa1, 0x42, 0x57, 0x41, 0x52, 
	0x4b, 0x21, 0x20, 0x50, 0x4f, 0x52, 0x20, 0x46, 0x41, 0x56, 0x4f, 0x52, 0x2c, 0x20, 0x43, 0x4f, 
	0x4e, 0x53, 0x49, 0x47, 0x55, 0x45, 0x20, 0x32, 0x35, 0x20, 0x4d, 0x4f, 0x4e, 0x45, 0x44, 0x41, 
	0x53, 0x20, 0x4c, 0x41, 0x20, 0x50, 0x52, 0xd3, 0x58, 0x49, 0x4d, 0x41, 0x20, 0x56, 0x45, 0x5a, 
	0x2c, 0x20, 0x7e, 0x2c, 0x20, 0x4d, 0x45, 0x20, 0x45, 0x53, 0x54, 0x4f, 0x59, 0x20, 0x41, 0x53, 
	0x55, 0x53, 0x54, 0x41, 0x4e, 0x44, 0x4f, 0x20, 0x41, 0x51, 0x55, 0xcd, 0x2e, 0x2e, 0x2e, 0x20, 
	0xa1, 0x42, 0x57, 0x41, 0x52, 0x4b, 0x21, 0xa1, 0x53, 0x51, 0x55, 0x41, 0x57, 0x4b, 0x21, 0x20, 
	0x41, 0x48, 0x4f, 0x52, 0x41, 0x20, 0x51, 0x55, 0x45, 0x20, 0x59, 0x41, 0x20, 0x48, 0x41, 0x53, 
	0x20, 0x43, 0x41, 0x4c, 0x45, 0x4e, 0x54, 0x41, 0x44, 0x4f, 0x2c, 0x20, 0xbf, 0x51, 0x55, 0xc9, 
	0x20, 0x54, 0x41, 0x4c, 0x20, 0x53, 0x49, 0x20, 0x49, 0x4e, 0x54, 0x45, 0x4e, 0x54, 0x41, 0x53, 
	0x20, 0x47, 0x41, 0x4e, 0x41, 0x52, 0x20, 0x55, 0x4e, 0x20, 0x50, 0x52, 0x45, 0x4d, 0x49, 0x4f, 
	0x20, 0x45, 0x53, 0x50, 0x45, 0x43, 0x49, 0x41, 0x4c, 0x20, 0x43, 0x4f, 0x4d, 0x50, 0x4c, 0x45, 
	0x54, 0xc1, 0x4e, 0x44, 0x4f, 0x4c, 0x4f, 0x20, 0x44, 0x45, 0x20, 0x4e, 0x55, 0x45, 0x56, 0x4f, 
	0x3f, 0x53, 0xd3, 0x4c, 0x4f, 0x20, 0x4e, 0x45, 0x43, 0x45, 0x53, 0x49, 0x54, 0x41, 0x53, 0x20, 
	0x32, 0x20, 0x4d, 0x4f, 0x4e, 0x45, 0x44, 0x41, 0x53, 0x20, 0x50, 0x41, 0x52, 0x41, 0x20, 0x4a, 
	0x55, 0x47, 0x41, 0x52, 0x20, 0x44, 0x45, 0x20, 0x4e, 0x55, 0x45, 0x56, 0x4f, 0x2e, 0x2e, 0x2e, 
	0x20, 0xa1, 0x42, 0x57, 0x41, 0x52, 0x4b, 0x21, 0xa1, 0x53, 0x51, 0x55, 0x41, 0x57, 0x4b, 0x21, 
	0x20, 0xa1, 0x44, 0x4b, 0x2c, 0x20, 0x44, 0x4b, 0x2c, 0x20, 0x56, 0x45, 0x4e, 0x20, 0x52, 0xc1, 
	0x50, 0x49, 0x44, 0x4f, 0x21, 0xa1, 0x53, 0x45, 0x20, 0x48, 0x41, 0x4e, 0x20, 0x49, 0x44, 0x4f, 
	0x21, 0x20, 0xa1, 0x53, 0x45, 0x20, 0x48, 0x41, 0x4e, 0x20, 0x49, 0x44, 0x4f, 0x20, 0x54, 0x4f, 
	0x44, 0x4f, 0x53, 0x21, 0x20, 0xa1, 0x42, 0x57, 0x41, 0x52, 0x4b, 0x21, 0xa1, 0x53, 0x51, 0x55, 
	0x41, 0x57, 0x4b, 0x21, 0x20, 0xa1, 0x54, 0x55, 0x20, 0x50, 0x52, 0x45, 0x43, 0x49, 0x4f, 0x53, 
	0x4f, 0x20, 0x54, 0x45, 0x53, 0x4f, 0x52, 0x4f, 0x20, 0x44, 0x45, 0x20, 0x42, 0x41, 0x4e, 0x41, 
	0x4e, 0x41, 0x53, 0x20, 0x59, 0x20, 0x54, 0x4f, 0x44, 0x4f, 0x53, 0x20, 0x4c, 0x4f, 0x53, 0x20, 
	0x4f, 0x54, 0x52, 0x4f, 0x53, 0x20, 0x4b, 0x4f, 0x4e, 0x47, 0x20, 0x48, 0x41, 0x4e, 0x20, 0x44, 
	0x45, 0x53, 0x41, 0x50, 0x41, 0x52, 0x45, 0x43, 0x49, 0x44, 0x4f, 0x21, 0xa1, 0x4e, 0x4f, 0x20, 
	0x4c, 0x4f, 0x53, 0x20, 0x45, 0x4e, 0x43, 0x55, 0x45, 0x4e, 0x54, 0x52, 0x4f, 0x20, 0x45, 0x4e, 
	0x20, 0x4e, 0x49, 0x4e, 0x47, 0xda, 0x4e, 0x20, 0x53, 0x49, 0x54, 0x49, 0x4f, 0x2c, 0x20, 0x44, 
	0x4b, 0x21, 0x20, 0xa1, 0x53, 0x45, 0x52, 0xc1, 0x20, 0x4d, 0x45, 0x4a, 0x4f, 0x52, 0x20, 0x51, 
	0x55, 0x45, 0x20, 0x56, 0x41, 0x59, 0x41, 0x53, 0x20, 0x41, 0x20, 0x43, 0x4f, 0x4e, 0x54, 0x41, 
	0x52, 0x4c, 0x45, 0x20, 0x4c, 0x41, 0x53, 0x20, 0x4d, 0x41, 0x4c, 0x41, 0x53, 0x20, 0x4e, 0x4f, 
	0x54, 0x49, 0x43, 0x49, 0x41, 0x53, 0x20, 0x41, 0x20, 0x43, 0x52, 0x41, 0x4e, 0x4b, 0x59, 0x21, 
	0x20, 0xa1, 0x42, 0x57, 0x41, 0x52, 0x4b, 0x21, 0xa1, 0x53, 0x51, 0x55, 0x41, 0x57, 0x4b, 0x21, 
	0x20, 0x44, 0x41, 0x54, 0x45, 0x20, 0x50, 0x52, 0x49, 0x53, 0x41, 0x2c, 0x20, 0x44, 0x4b, 0x2e, 
	0x20, 0xa1, 0x56, 0x45, 0x20, 0x50, 0x4f, 0x52, 0x20, 0x4c, 0x41, 0x20, 0x50, 0xd3, 0x43, 0x49, 
	0x4d, 0x41, 0x20, 0x44, 0x45, 0x20, 0x43, 0x52, 0x41, 0x4e, 0x4b, 0x59, 0x20, 0x59, 0x20, 0x56, 
	0xc1, 0x4d, 0x4f, 0x4e, 0x4f, 0x53, 0x20, 0x59, 0x41, 0x21, 0x20, 0xa1, 0x42, 0x57, 0x41, 0x52, 
	0x4b, 0x21, 0xa1, 0x53, 0x51, 0x55, 0x41, 0x57, 0x4b, 0x21, 0x20, 0xa1, 0x48, 0x41, 0x20, 0x56, 
	0x55, 0x45, 0x4c, 0x54, 0x4f, 0x2c, 0x20, 0x44, 0x4b, 0x21, 0x20, 0xa1, 0x4c, 0x41, 0x20, 0x49, 
	0x53, 0x4c, 0x41, 0x20, 0x44, 0x45, 0x4c, 0x20, 0x52, 0x45, 0x59, 0x20, 0x4b, 0x2e, 0x52, 0x4f, 
	0x4f, 0x4c, 0x20, 0x45, 0x53, 0x54, 0xc1, 0x20, 0x50, 0x4f, 0x52, 0x20, 0x41, 0x48, 0xcd, 0x21, 
	0xa1, 0x44, 0x45, 0x42, 0x45, 0x20, 0x44, 0x45, 0x20, 0x53, 0x45, 0x52, 0x20, 0x45, 0x4c, 0x20, 
	0x51, 0x55, 0x45, 0x20, 0x52, 0x4f, 0x42, 0xd3, 0x20, 0x54, 0x55, 0x53, 0x20, 0x42, 0x41, 0x4e, 
	0x41, 0x4e, 0x41, 0x53, 0x20, 0x59, 0x20, 0x52, 0x41, 0x50, 0x54, 0xd3, 0x20, 0x41, 0x20, 0x4c, 
	0x4f, 0x53, 0x20, 0x4f, 0x54, 0x52, 0x4f, 0x53, 0x20, 0x4b, 0x4f, 0x4e, 0x47, 0x21, 0x48, 0x45, 
	0x20, 0x45, 0x43, 0x48, 0x41, 0x44, 0x4f, 0x20, 0x55, 0x4e, 0x20, 0x52, 0xc1, 0x50, 0x49, 0x44, 
	0x4f, 0x20, 0x56, 0x49, 0x53, 0x54, 0x41, 0x5a, 0x4f, 0x2c, 0x20, 0x50, 0x45, 0x52, 0x4f, 0x20, 
	0x4c, 0x41, 0x20, 0xda, 0x4e, 0x49, 0x43, 0x41, 0x20, 0x5a, 0x4f, 0x4e, 0x41, 0x20, 0x51, 0x55, 
	0x45, 0x20, 0x4e, 0x4f, 0x20, 0x48, 0x41, 0x20, 0x53, 0x49, 0x44, 0x4f, 0x20, 0x42, 0x4c, 0x4f, 
	0x51, 0x55, 0x45, 0x41, 0x44, 0x41, 0x20, 0x45, 0x53, 0x20, 0x45, 0x53, 0x41, 0x20, 0x49, 0x53, 
	0x4c, 0x41, 0x20, 0x43, 0x4f, 0x4e, 0x20, 0x55, 0x4e, 0x41, 0x20, 0x43, 0x55, 0x45, 0x56, 0x41, 
	0x2e, 0x20, 0xa1, 0x42, 0x57, 0x41, 0x52, 0x4b, 0x21, 0xa1, 0x53, 0x51, 0x55, 0x41, 0x57, 0x4b, 
	0x21, 0x20, 0xa1, 0x42, 0x49, 0x45, 0x4e, 0x20, 0x48, 0x45, 0x43, 0x48, 0x4f, 0x2c, 0x20, 0x44, 
	0x4b, 0x2c, 0x20, 0x50, 0x41, 0x52, 0x45, 0x43, 0x45, 0x20, 0x55, 0x4e, 0x41, 0x20, 0x44, 0x45, 
	0x20, 0x4c, 0x41, 0x53, 0x20, 0x4c, 0x4c, 0x41, 0x56, 0x45, 0x53, 0x20, 0x44, 0x45, 0x20, 0x4c, 
	0x41, 0x20, 0x4a, 0x41, 0x55, 0x4c, 0x41, 0x20, 0x44, 0x45, 0x20, 0x4b, 0x2e, 0x4c, 0x55, 0x4d, 
	0x53, 0x59, 0x21, 0x20, 0xa1, 0x42, 0x57, 0x41, 0x52, 0x4b, 0x21, 0xa1, 0x53, 0x51, 0x55, 0x41, 
	0x57, 0x4b, 0x21, 0x20, 0xa1, 0x4c, 0x4f, 0x53, 0x20, 0x53, 0x45, 0x43, 0x55, 0x41, 0x43, 0x45, 
	0x53, 0x20, 0x44, 0x45, 0x20, 0x4b, 0x2e, 0x52, 0x4f, 0x4f, 0x4c, 0x20, 0x48, 0x41, 0x4e, 0x20, 
	0x45, 0x53, 0x43, 0x4f, 0x4e, 0x44, 0x49, 0x44, 0x4f, 0x20, 0x32, 0x35, 0x20, 0x42, 0x41, 0x4e, 
	0x41, 0x4e, 0x41, 0x53, 0x20, 0x44, 0x4f, 0x52, 0x41, 0x44, 0x41, 0x53, 0x20, 0x45, 0x4e, 0x20, 
	0x45, 0x53, 0x54, 0x45, 0x20, 0xc1, 0x52, 0x45, 0x41, 0x2c, 0x50, 0x45, 0x52, 0x4f, 0x20, 0x53, 
	0xd3, 0x4c, 0x4f, 0x20, 0x50, 0x4f, 0x44, 0x52, 0xc1, 0x53, 0x20, 0x45, 0x4e, 0x43, 0x4f, 0x4e, 
	0x54, 0x52, 0x41, 0x52, 0x20, 0x35, 0x20, 0x44, 0x45, 0x20, 0x45, 0x4c, 0x4c, 0x41, 0x53, 0x20, 
	0x53, 0x49, 0x4e, 0x20, 0x4c, 0x41, 0x20, 0x41, 0x59, 0x55, 0x44, 0x41, 0x20, 0x44, 0x45, 0x20, 
	0x4c, 0x4f, 0x53, 0x20, 0x4f, 0x54, 0x52, 0x4f, 0x53, 0x20, 0x4b, 0x4f, 0x4e, 0x47, 0x21, 0x20, 
	0xa1, 0x42, 0x57, 0x41, 0x52, 0x4b, 0x21, 0xa1, 0x53, 0x51, 0x55, 0x41, 0x57, 0x4b, 0x21, 0x20, 
	0x45, 0x4e, 0x43, 0x4f, 0x4e, 0x54, 0x52, 0xc9, 0x20, 0x4f, 0x54, 0x52, 0x41, 0x20, 0x42, 0x41, 
	0x4e, 0x41, 0x4e, 0x41, 0x2c, 0x20, 0x7e, 0x2e, 0x20, 0xa1, 0x42, 0x57, 0x41, 0x52, 0x4b, 0x21, 
	0xa1, 0x53, 0x51, 0x55, 0x41, 0x57, 0x4b, 0x21, 0x20, 0x48, 0x4f, 0x4c, 0x41, 0x2c, 0x20, 0x7e, 
	0x2c, 0x20, 0x54, 0x41, 0x4d, 0x42, 0x49, 0xc9, 0x4e, 0x20, 0x54, 0x49, 0x45, 0x4e, 0x45, 0x53, 
	0x20, 0x51, 0x55, 0x45, 0x20, 0x45, 0x4e, 0x43, 0x4f, 0x4e, 0x54, 0x52, 0x41, 0x52, 0x20, 0x41, 
	0x51, 0x55, 0xcd, 0x20, 0x35, 0x20, 0x42, 0x41, 0x4e, 0x41, 0x4e, 0x41, 0x53, 0x20, 0x44, 0x4f, 
	0x52, 0x41, 0x44, 0x41, 0x53, 0x2e, 0x20, 0xa1, 0x42, 0x57, 0x41, 0x52, 0x4b, 0x21, 0xa1, 0x53, 
	0x51, 0x55, 0x41, 0x57, 0x4b, 0x21, 0x20, 0x44, 0x45, 0x42, 0x45, 0x52, 0xcd, 0x41, 0x53, 0x20, 
	0x49, 0x52, 0x20, 0x41, 0x20, 0x56, 0x45, 0x52, 0x20, 0x41, 0x20, 0x43, 0x52, 0x41, 0x4e, 0x4b, 
	0x59, 0x20, 0x41, 0x4e, 0x54, 0x45, 0x53, 0x20, 0x44, 0x45, 0x20, 0x53, 0x41, 0x4c, 0x49, 0x52, 
	0x20, 0x44, 0x45, 0x20, 0x45, 0x53, 0x54, 0x41, 0x20, 0x5a, 0x4f, 0x4e, 0x41, 0x2e, 0x20, 0xa1, 
	0x42, 0x57, 0x41, 0x52, 0x4b, 0x21, 0xa1, 0x53, 0x51, 0x55, 0x41, 0x57, 0x4b, 0x21, 0x20, 0x45, 
	0x53, 0x54, 0x41, 0x20, 0x48, 0x41, 0x42, 0x49, 0x4c, 0x49, 0x44, 0x41, 0x44, 0x20, 0x55, 0x54, 
	0x49, 0x4c, 0x49, 0x5a, 0x41, 0x20, 0x54, 0x55, 0x53, 0x20, 0x43, 0x4f, 0x43, 0x4f, 0x53, 0x20, 
	0x44, 0x45, 0x20, 0x43, 0x52, 0x49, 0x53, 0x54, 0x41, 0x4c, 0x2e, 0x43, 0x41, 0x4e, 0x43, 0x45, 
	0x4c, 0x41, 0x20, 0x45, 0x4c, 0x20, 0x4d, 0x4f, 0x56, 0x49, 0x4d, 0x49, 0x45, 0x4e, 0x54, 0x4f, 
	0x20, 0x50, 0x52, 0x45, 0x53, 0x49, 0x4f, 0x4e, 0x41, 0x4e, 0x44, 0x4f, 0x59, 0x20, 0x50, 0x55, 
	0x4c, 0x53, 0x41, 0x4e, 0x44, 0x4f, 0xa1, 0x53, 0x51, 0x55, 0x41, 0x57, 0x4b, 0x21, 0x20, 0x4d, 
	0x49, 0x52, 0x41, 0x20, 0x4c, 0x4f, 0x20, 0x51, 0x55, 0x45, 0x20, 0x48, 0x45, 0x20, 0x45, 0x4e, 
	0x43, 0x4f, 0x4e, 0x54, 0x52, 0x41, 0x44, 0x4f, 0x20, 0x50, 0x41, 0x52, 0x41, 0x20, 0x54, 0x49, 
	0x2c, 0x20, 0x7e, 0x2e, 0x20, 0xa1, 0x45, 0x53, 0x20, 0x55, 0x4e, 0x4f, 0x20, 0x44, 0x45, 0x20, 
	0x4c, 0x4f, 0x53, 0x20, 0x42, 0x41, 0x52, 0x52, 0x49, 0x4c, 0x45, 0x53, 0x20, 0x45, 0x53, 0x50, 
	0x45, 0x43, 0x49, 0x41, 0x4c, 0x45, 0x53, 0x20, 0x44, 0x45, 0x20, 0x43, 0x52, 0x41, 0x4e, 0x4b, 
	0x59, 0x21, 0x20, 0xa1, 0x42, 0x57, 0x41, 0x52, 0x4b, 0x21, 0xa1, 0x53, 0x51, 0x55, 0x41, 0x57, 
	0x4b, 0x21, 0x20, 0x4d, 0x49, 0x52, 0x41, 0x20, 0x45, 0x53, 0x54, 0x4f, 0x2c, 0x20, 0x7e, 0x2e, 
	0x20, 0xa1, 0x45, 0x53, 0x20, 0x55, 0x4e, 0x4f, 0x20, 0x44, 0x45, 0x20, 0x4c, 0x4f, 0x53, 0x20, 
	0x42, 0x41, 0x52, 0x52, 0x49, 0x4c, 0x45, 0x53, 0x20, 0x45, 0x53, 0x50, 0x45, 0x43, 0x49, 0x41, 
	0x4c, 0x45, 0x53, 0x20, 0x44, 0x45, 0x20, 0x43, 0x52, 0x41, 0x4e, 0x4b, 0x59, 0x21, 0x20, 0xa1, 
	0x42, 0x57, 0x41, 0x52, 0x4b, 0x21, 0x56, 0x41, 0x59, 0x41, 0x2c, 0x20, 0x7e, 0x2c, 0x20, 0x48, 
	0x41, 0x53, 0x20, 0x43, 0x4f, 0x47, 0x49, 0x44, 0x4f, 0x20, 0x55, 0x4e, 0x41, 0x20, 0x4d, 0x4f, 
	0x4e, 0x45, 0x44, 0x41, 0x20, 0x45, 0x53, 0x50, 0x45, 0x43, 0x49, 0x41, 0x4c, 0x2e, 0x20, 0x44, 
	0x41, 0x20, 0x35, 0x20, 0x4d, 0x4f, 0x4e, 0x45, 0x44, 0x41, 0x53, 0x20, 0x41, 0x20, 0x43, 0x41, 
	0x44, 0x41, 0x20, 0x4b, 0x4f, 0x4e, 0x47, 0x2e, 0xa1, 0x53, 0x51, 0x55, 0x41, 0x57, 0x4b, 0x21, 
	0x20, 0x51, 0x55, 0x49, 0x5a, 0xc1, 0x20, 0x44, 0x45, 0x42, 0x41, 0x53, 0x20, 0x49, 0x4e, 0x54, 
	0x45, 0x4e, 0x54, 0x41, 0x52, 0x4c, 0x4f, 0x20, 0x45, 0x4e, 0x20, 0x4f, 0x54, 0x52, 0x4f, 0x20, 
	0x4c, 0x55, 0x47, 0x41, 0x52, 0x2c, 0x20, 0x4f, 0x20, 0x45, 0x4e, 0x43, 0x4f, 0x4e, 0x54, 0x52, 
	0x41, 0x52, 0x20, 0x41, 0x20, 0x51, 0x55, 0x49, 0x45, 0x4e, 0x20, 0x54, 0x45, 0x20, 0x41, 0x59, 
	0x55, 0x44, 0x45, 0x2e, 
};
u8 text_17[] = {
	0x5, 0x1, 0x1, 0x2, 0x0, 0x0, 0x0, 0x0, 0x0, 0x30, 0x0, 0x0, 0x0, 0x0, 0x0, 0x30, 
	0x0, 0x50, 0x0, 0x0, 0x0, 0x0, 0x0, 0x0, 0x1, 0x1, 0x1, 0x0, 0x0, 0x0, 0x80, 0x0, 
	0x3c, 0x0, 0x0, 0x0, 0x0, 0x0, 0x0, 0x1, 0x1, 0x2, 0x0, 0x0, 0x0, 0xbc, 0x0, 0x3a, 
	0x0, 0x0, 0x0, 0x0, 0x0, 0xf6, 0x0, 0x34, 0x0, 0x0, 0x0, 0x0, 0x0, 0x0, 0x1, 0x1, 
	0x2, 0x0, 0x0, 0x1, 0x2a, 0x0, 0x33, 0x0, 0x0, 0x0, 0x0, 0x1, 0x5d, 0x0, 0x32, 0x0, 
	0x0, 0x0, 0x0, 0x0, 0x0, 0x7, 0x1, 0x3, 0x0, 0x0, 0x1, 0x8f, 0x0, 0x49, 0x0, 0x0, 
	0x0, 0x0, 0x1, 0xd8, 0x0, 0x40, 0x0, 0x0, 0x0, 0x0, 0x2, 0x18, 0x0, 0xf, 0x0, 0x0, 
	0x0, 0x0, 0x0, 0x0, 0x2, 0x1, 0x0, 0x70, 0x0, 0x0, 0x0, 0x0, 0x0, 0x0, 0x1, 0x1, 
	0x0, 0x0, 0x2, 0x27, 0x0, 0x13, 0x0, 0x0, 0x0, 0x0, 0x0, 0x0, 0x2, 0x1, 0x0, 0x6b, 
	0x0, 0x0, 0x0, 0x0, 0x0, 0x0, 0x1, 0x1, 0x0, 0x0, 0x2, 0x3a, 0x0, 0x1c, 0x0, 0x0, 
	0x0, 0x0, 0x0, 0x0, 0x2, 0x1, 0x0, 0x6e, 0x0, 0x0, 0x0, 0x0, 0x0, 0x0, 0x1, 0x1, 
	0x0, 0x0, 0x2, 0x56, 0x0, 0x30, 0x0, 0x0, 0x0, 0x0, 0x0, 0x0, 0x2, 0x86, 0xa1, 0x4f, 
	0x48, 0x2c, 0x20, 0x4e, 0x4f, 0x21, 0x20, 0xa1, 0x51, 0x55, 0xc9, 0x20, 0x56, 0x45, 0x52, 0x47, 
	0xdc, 0x45, 0x4e, 0x5a, 0x41, 0x20, 0x53, 0x45, 0x52, 0x20, 0x47, 0x41, 0x4e, 0x41, 0x44, 0x4f, 
	0x20, 0x50, 0x4f, 0x52, 0x20, 0x55, 0x4e, 0x20, 0x53, 0x49, 0x4d, 0x49, 0x4f, 0x21, 0x54, 0x45, 
	0x20, 0x44, 0x41, 0x52, 0xc9, 0x20, 0x45, 0x53, 0x54, 0x45, 0x20, 0x50, 0x52, 0x45, 0x4d, 0x49, 
	0x4f, 0x20, 0x53, 0x49, 0x20, 0x4d, 0x45, 0x20, 0x50, 0x52, 0x4f, 0x4d, 0x45, 0x54, 0x45, 0x53, 
	0x20, 0x4e, 0x4f, 0x20, 0x44, 0x45, 0x43, 0xcd, 0x52, 0x53, 0x45, 0x4c, 0x4f, 0x20, 0x41, 0x20, 
	0x4c, 0x4f, 0x53, 0x20, 0x4f, 0x54, 0x52, 0x4f, 0x53, 0x20, 0x43, 0x4f, 0x43, 0x48, 0x45, 0x53, 
	0x20, 0x45, 0x4e, 0x20, 0x4c, 0x4f, 0x53, 0x20, 0x42, 0x4f, 0x58, 0x45, 0x53, 0x2e, 0x44, 0x45, 
	0x4d, 0x41, 0x53, 0x49, 0x41, 0x44, 0x4f, 0x20, 0x44, 0x45, 0x53, 0x50, 0x41, 0x43, 0x49, 0x4f, 
	0x2c, 0x20, 0x7e, 0x2c, 0x20, 0xa1, 0x54, 0x4f, 0x44, 0x41, 0x56, 0xcd, 0x41, 0x20, 0x53, 0x4f, 
	0x59, 0x20, 0x45, 0x4c, 0x20, 0x52, 0x45, 0x59, 0x20, 0x44, 0x45, 0x20, 0x45, 0x53, 0x54, 0x45, 
	0x20, 0x43, 0x49, 0x52, 0x43, 0x55, 0x49, 0x54, 0x4f, 0x21, 0x45, 0x52, 0x45, 0x53, 0x20, 0x4d, 
	0x55, 0x59, 0x20, 0x56, 0x45, 0x4c, 0x4f, 0x5a, 0x2c, 0x20, 0x7e, 0x2c, 0x20, 0x50, 0x45, 0x52, 
	0x4f, 0x20, 0x4e, 0x4f, 0x20, 0x48, 0x41, 0x53, 0x20, 0x43, 0x4f, 0x47, 0x49, 0x44, 0x4f, 0x20, 
	0x53, 0x55, 0x46, 0x49, 0x43, 0x49, 0x45, 0x4e, 0x54, 0x45, 0x53, 0x20, 0x4d, 0x4f, 0x4e, 0x45, 
	0x44, 0x41, 0x53, 0x2e, 0x43, 0x4f, 0x52, 0x52, 0x41, 0x4d, 0x4f, 0x53, 0x20, 0x44, 0x45, 0x20, 
	0x4e, 0x55, 0x45, 0x56, 0x4f, 0x2e, 0x2e, 0x2e, 0x20, 0xa1, 0x54, 0x4f, 0x44, 0x41, 0x56, 0xcd, 
	0x41, 0x20, 0x54, 0x45, 0x4e, 0x47, 0x4f, 0x20, 0x45, 0x4c, 0x20, 0x54, 0x41, 0x4e, 0x51, 0x55, 
	0x45, 0x20, 0x4c, 0x4c, 0x45, 0x4e, 0x4f, 0x21, 0x56, 0x41, 0x59, 0x41, 0x2c, 0x20, 0x53, 0x45, 
	0x20, 0x53, 0x55, 0x50, 0x4f, 0x4e, 0x45, 0x20, 0x51, 0x55, 0x45, 0x20, 0x45, 0x53, 0x54, 0x4f, 
	0x20, 0x45, 0x53, 0x20, 0x55, 0x4e, 0x41, 0x20, 0x43, 0x41, 0x52, 0x52, 0x45, 0x52, 0x41, 0x2c, 
	0x20, 0xbf, 0x53, 0x41, 0x42, 0x45, 0x53, 0x3f, 0x2e, 0x2e, 0x2e, 0x54, 0x45, 0x4e, 0x44, 0x52, 
	0x45, 0x4d, 0x4f, 0x53, 0x20, 0x51, 0x55, 0x45, 0x20, 0x45, 0x4d, 0x50, 0x45, 0x5a, 0x41, 0x52, 
	0x20, 0x44, 0x45, 0x20, 0x4e, 0x55, 0x45, 0x56, 0x4f, 0x20, 0x50, 0x41, 0x52, 0x41, 0x20, 0x51, 
	0x55, 0x45, 0x20, 0x53, 0x45, 0x41, 0x20, 0x4a, 0x55, 0x53, 0x54, 0x4f, 0x2e, 0xa1, 0x42, 0x55, 
	0x45, 0x4e, 0x20, 0x45, 0x53, 0x54, 0x49, 0x4c, 0x4f, 0x2c, 0x20, 0x7e, 0x21, 0x20, 0x56, 0x41, 
	0x4d, 0x4f, 0x53, 0x20, 0x41, 0x20, 0x43, 0x4f, 0x52, 0x52, 0x45, 0x52, 0x20, 0x50, 0x4f, 0x52, 
	0x20, 0x45, 0x53, 0x54, 0x45, 0x20, 0x54, 0x52, 0x4f, 0x46, 0x45, 0x4f, 0x20, 0x42, 0x41, 0x4e, 
	0x41, 0x4e, 0x41, 0x20, 0x44, 0x4f, 0x52, 0x41, 0x44, 0x41, 0x2c, 0x20, 0xbf, 0x4e, 0x4f, 0x20, 
	0x43, 0x52, 0x45, 0x45, 0x53, 0x3f, 0x50, 0x41, 0x52, 0x41, 0x20, 0x56, 0x45, 0x4e, 0x43, 0x45, 
	0x52, 0x20, 0x54, 0x45, 0x4e, 0x44, 0x52, 0xc1, 0x53, 0x20, 0x51, 0x55, 0x45, 0x20, 0x47, 0x41, 
	0x4e, 0x41, 0x52, 0x20, 0x45, 0x4e, 0x20, 0x32, 0x20, 0x56, 0x55, 0x45, 0x4c, 0x54, 0x41, 0x53, 
	0x20, 0x59, 0x20, 0x52, 0x45, 0x43, 0x4f, 0x47, 0x45, 0x52, 0x20, 0x31, 0x30, 0x20, 0x4d, 0x4f, 
	0x4e, 0x45, 0x44, 0x41, 0x53, 0x2e, 0x50, 0x52, 0x55, 0x45, 0x42, 0x41, 0x20, 0x41, 0x20, 0x50, 
	0x55, 0x4c, 0x53, 0x41, 0x52, 0x50, 0x41, 0x52, 0x41, 0x20, 0x41, 0x43, 0x45, 0x4c, 0x45, 0x52, 
	0x41, 0x52, 0x20, 0x59, 0x20, 0x55, 0x53, 0x41, 0x50, 0x41, 0x52, 0x41, 0x20, 0x43, 0x41, 0x4d, 
	0x42, 0x49, 0x41, 0x52, 0x20, 0x4c, 0x41, 0x53, 0x20, 0x56, 0xcd, 0x41, 0x53, 0x2e, 0x20, 0x50, 
	0x55, 0x4c, 0x53, 0x41, 0x50, 0x41, 0x52, 0x41, 0x20, 0x48, 0x41, 0x43, 0x45, 0x52, 0x20, 0x54, 
	0x52, 0x41, 0x4d, 0x50, 0x41, 0x53, 0x2e, 0x20, 0xbf, 0x45, 0x53, 0x54, 0xc1, 0x53, 0x20, 0x41, 
	0x20, 0x50, 0x55, 0x4e, 0x54, 0x4f, 0x3f, 0x20, 0xa1, 0x41, 0x4c, 0x4c, 0xc1, 0x20, 0x56, 0x41, 
	0x4d, 0x4f, 0x53, 0x21, 
};
u8 text_18[] = {
	0x6, 0x1, 0x1, 0x1, 0x0, 0x0, 0x0, 0x0, 0x0, 0x55, 0x0, 0x0, 0x0, 0x0, 0x0, 0x0, 
	0x1, 0x1, 0x1, 0x0, 0x0, 0x0, 0x55, 0x0, 0x29, 0x0, 0x0, 0x0, 0x0, 0x0, 0x0, 0x1, 
	0x1, 0x1, 0x0, 0x0, 0x0, 0x7e, 0x0, 0x38, 0x0, 0x0, 0x0, 0x0, 0x0, 0x0, 0x1, 0x1, 
	0x1, 0x0, 0x0, 0x0, 0xb6, 0x0, 0x40, 0x0, 0x0, 0x0, 0x0, 0x0, 0x0, 0x1, 0x1, 0x1, 
	0x0, 0x0, 0x0, 0xf6, 0x0, 0x40, 0x0, 0x0, 0x0, 0x0, 0x0, 0x0, 0x1, 0x1, 0x1, 0x0, 
	0x0, 0x1, 0x36, 0x0, 0x1c, 0x0, 0x0, 0x0, 0x0, 0x0, 0x0, 0x1, 0x52, 0xa1, 0x52, 0x41, 
	0x59, 0x4f, 0x53, 0x20, 0x59, 0x20, 0x43, 0x45, 0x4e, 0x54, 0x45, 0x4c, 0x4c, 0x41, 0x53, 0x21, 
	0x20, 0x48, 0x41, 0x43, 0xcd, 0x41, 0x20, 0x4d, 0x55, 0x43, 0x48, 0x4f, 0x20, 0x54, 0x49, 0x45, 
	0x4d, 0x50, 0x4f, 0x20, 0x51, 0x55, 0x45, 0x20, 0x4e, 0x4f, 0x20, 0x50, 0x45, 0x52, 0x44, 0xcd, 
	0x41, 0x2c, 0x20, 0x47, 0x52, 0x55, 0x4d, 0x45, 0x54, 0x45, 0x2c, 0x20, 0x50, 0x45, 0x52, 0x4f, 
	0x20, 0x54, 0x45, 0x20, 0x4c, 0x4f, 0x20, 0x48, 0x41, 0x53, 0x20, 0x47, 0x41, 0x4e, 0x41, 0x44, 
	0x4f, 0x2e, 0xa1, 0x41, 0x4a, 0xc1, 0x21, 0x20, 0xa1, 0x45, 0x53, 0x4f, 0x20, 0x46, 0x55, 0x45, 
	0x20, 0x44, 0x45, 0x4d, 0x41, 0x53, 0x49, 0x41, 0x44, 0x4f, 0x20, 0x46, 0xc1, 0x43, 0x49, 0x4c, 
	0x2c, 0x20, 0x4d, 0x41, 0x52, 0x49, 0x4e, 0x45, 0x52, 0x4f, 0x21, 0xa1, 0x41, 0x4a, 0xc1, 0x21, 
	0x20, 0xa1, 0x4f, 0x4c, 0x56, 0x49, 0x44, 0x41, 0x53, 0x54, 0x45, 0x20, 0x54, 0x52, 0x41, 0x45, 
	0x52, 0x20, 0x53, 0x55, 0x46, 0x49, 0x43, 0x49, 0x45, 0x4e, 0x54, 0x45, 0x20, 0x54, 0x45, 0x53, 
	0x4f, 0x52, 0x4f, 0x2c, 0x20, 0x50, 0x45, 0x52, 0x52, 0x4f, 0x20, 0x53, 0x41, 0x52, 0x4e, 0x4f, 
	0x53, 0x4f, 0x21, 0xa1, 0x41, 0x4a, 0xc1, 0x21, 0x20, 0xa1, 0x45, 0x53, 0x54, 0xc1, 0x53, 0x20, 
	0x50, 0x45, 0x52, 0x44, 0x49, 0x45, 0x4e, 0x44, 0x4f, 0x20, 0x44, 0x45, 0x4d, 0x41, 0x53, 0x49, 
	0x41, 0x44, 0x41, 0x53, 0x20, 0x50, 0x55, 0x45, 0x52, 0x54, 0x41, 0x53, 0x2c, 0x20, 0x52, 0x41, 
	0x54, 0x41, 0x20, 0x44, 0x45, 0x20, 0x41, 0x4c, 0x43, 0x41, 0x4e, 0x54, 0x41, 0x52, 0x49, 0x4c, 
	0x4c, 0x41, 0x21, 0x2, 0x56, 0x41, 0x59, 0x41, 0x2, 0x2c, 0x20, 0x7e, 0x2c, 0x20, 0x4e, 0x45, 
	0x43, 0x45, 0x53, 0x49, 0x54, 0x41, 0x52, 0xcd, 0x41, 0x53, 0x20, 0x31, 0x30, 0x30, 0x20, 0x53, 
	0x4b, 0x55, 0x4c, 0x4c, 0x54, 0x55, 0x4c, 0x41, 0x53, 0x20, 0x50, 0x41, 0x52, 0x41, 0x20, 0x52, 
	0x45, 0x41, 0x4c, 0x49, 0x5a, 0x41, 0x52, 0x20, 0x4c, 0x41, 0x20, 0x43, 0x41, 0x52, 0x52, 0x45, 
	0x52, 0x41, 0x21, 0xa1, 0x4a, 0x45, 0x2c, 0x20, 0x4a, 0x45, 0x21, 0x20, 0xa1, 0x45, 0x53, 0x54, 
	0x4f, 0x20, 0x45, 0x53, 0x20, 0x4d, 0x55, 0x59, 0x20, 0x46, 0xc1, 0x43, 0x49, 0x4c, 0x21, 
};
u8 text_19[] = {
	0x19, 0x1, 0x1, 0x2, 0x0, 0x0, 0x0, 0x0, 0x0, 0x46, 0x0, 0x0, 0x0, 0x0, 0x0, 0x46, 
	0x0, 0x25, 0x0, 0x0, 0x0, 0x0, 0x0, 0x0, 0x3, 0x1, 0x1, 0x0, 0x0, 0x0, 0x6b, 0x0, 
	0x6, 0x0, 0x0, 0x0, 0x0, 0x0, 0x0, 0x2, 0x1, 0x0, 0x70, 0x0, 0x0, 0x0, 0x0, 0x0, 
	0x0, 0x1, 0x2, 0x0, 0x0, 0x0, 0x71, 0x0, 0x2c, 0x0, 0x0, 0x0, 0x0, 0x0, 0x9d, 0x0, 
	0x2b, 0x0, 0x0, 0x0, 0x0, 0x0, 0x0, 0x3, 0x1, 0x1, 0x0, 0x0, 0x0, 0xc8, 0x0, 0x47, 
	0x0, 0x0, 0x0, 0x0, 0x0, 0x0, 0x2, 0x1, 0x0, 0x70, 0x0, 0x0, 0x0, 0x0, 0x0, 0x0, 
	0x1, 0x1, 0x0, 0x0, 0x1, 0xf, 0x0, 0x20, 0x0, 0x0, 0x0, 0x0, 0x0, 0x0, 0x1, 0x1, 
	0x2, 0x0, 0x0, 0x1, 0x2f, 0x0, 0x2f, 0x0, 0x0, 0x0, 0x0, 0x1, 0x5e, 0x0, 0x55, 0x0, 
	0x0, 0x0, 0x0, 0x0, 0x0, 0x2, 0x1, 0x1, 0x0, 0x0, 0x1, 0xb3, 0x0, 0x34, 0x0, 0x0, 
	0x0, 0x0, 0x0, 0x0, 0x2, 0x1, 0x0, 0x3c, 0x0, 0x0, 0x0, 0x0, 0x0, 0x0, 0x1, 0x1, 
	0x1, 0x0, 0x0, 0x1, 0xe7, 0x0, 0x3c, 0x0, 0x0, 0x0, 0x0, 0x0, 0x0, 0x1, 0x1, 0x4, 
	0x0, 0x0, 0x2, 0x23, 0x0, 0x4b, 0x0, 0x0, 0x0, 0x0, 0x2, 0x6e, 0x0, 0x6d, 0x0, 0x0, 
	0x0, 0x0, 0x2, 0xdb, 0x0, 0x63, 0x0, 0x0, 0x0, 0x0, 0x3, 0x3e, 0x0, 0x60, 0x0, 0x0, 
	0x0, 0x0, 0x0, 0x0, 0x1, 0x1, 0x1, 0x0, 0x0, 0x3, 0x9e, 0x0, 0x39, 0x0, 0x0, 0x0, 
	0x0, 0x0, 0x0, 0x1, 0x1, 0x2, 0x0, 0x0, 0x3, 0xd7, 0x0, 0x47, 0x0, 0x0, 0x0, 0x0, 
	0x4, 0x1e, 0x0, 0x49, 0x0, 0x0, 0x0, 0x0, 0x0, 0x0, 0x1, 0x1, 0x1, 0x0, 0x0, 0x4, 
	0x67, 0x0, 0x40, 0x0, 0x0, 0x0, 0x0, 0x0, 0x0, 0x1, 0x1, 0x1, 0x0, 0x0, 0x4, 0xa7, 
	0x0, 0x51, 0x0, 0x0, 0x0, 0x0, 0x0, 0x0, 0x1, 0x1, 0x5, 0x0, 0x0, 0x4, 0xf8, 0x0, 
	0x14, 0x0, 0x0, 0x0, 0x0, 0x5, 0xc, 0x0, 0x27, 0x0, 0x0, 0x0, 0x0, 0x5, 0x33, 0x0, 
	0x72, 0x0, 0x0, 0x0, 0x0, 0x5, 0xa5, 0x0, 0x4f, 0x0, 0x0, 0x0, 0x0, 0x5, 0xf4, 0x0, 
	0xf, 0x0, 0x0, 0x0, 0x0, 0x0, 0x0, 0x1, 0x1, 0x1, 0x0, 0x0, 0x6, 0x3, 0x0, 0x14, 
	0x0, 0x0, 0x0, 0x0, 0x0, 0x0, 0x1, 0x1, 0x1, 0x0, 0x0, 0x6, 0x17, 0x0, 0x1f, 0x0, 
	0x0, 0x0, 0x0, 0x0, 0x0, 0x1, 0x1, 0x1, 0x0, 0x0, 0x6, 0x36, 0x0, 0x5e, 0x0, 0x0, 
	0x0, 0x0, 0x0, 0x0, 0x1, 0x1, 0x1, 0x0, 0x0, 0x6, 0x94, 0x0, 0x46, 0x0, 0x0, 0x0, 
	0x0, 0x0, 0x0, 0x1, 0x1, 0x1, 0x0, 0x0, 0x6, 0xda, 0x0, 0x44, 0x0, 0x0, 0x0, 0x0, 
	0x0, 0x0, 0x1, 0x1, 0x1, 0x0, 0x0, 0x7, 0x1e, 0x0, 0x46, 0x0, 0x0, 0x0, 0x0, 0x0, 
	0x0, 0x1, 0x1, 0x1, 0x0, 0x0, 0x7, 0x64, 0x0, 0x4a, 0x0, 0x0, 0x0, 0x0, 0x0, 0x0, 
	0x1, 0x1, 0x1, 0x0, 0x0, 0x7, 0xae, 0x0, 0x4e, 0x0, 0x0, 0x0, 0x0, 0x0, 0x0, 0x1, 
	0x1, 0x4, 0x0, 0x0, 0x7, 0xfc, 0x0, 0x14, 0x0, 0x0, 0x0, 0x0, 0x8, 0x10, 0x0, 0x2a, 
	0x0, 0x0, 0x0, 0x0, 0x8, 0x3a, 0x0, 0x53, 0x0, 0x0, 0x0, 0x0, 0x8, 0x8d, 0x0, 0x25, 
	0x0, 0x0, 0x0, 0x0, 0x0, 0x0, 0x1, 0x1, 0x4, 0x0, 0x0, 0x8, 0xb2, 0x0, 0x1e, 0x0, 
	0x0, 0x0, 0x0, 0x8, 0xd0, 0x0, 0x4c, 0x0, 0x0, 0x0, 0x0, 0x9, 0x1c, 0x0, 0x4f, 0x0, 
	0x0, 0x0, 0x0, 0x9, 0x6b, 0x0, 0x43, 0x0, 0x0, 0x0, 0x0, 0x0, 0x0, 0x1, 0x1, 0x1, 
	0x0, 0x0, 0x9, 0xae, 0x0, 0x4b, 0x0, 0x0, 0x0, 0x0, 0x0, 0x0, 0x9, 0x1, 0x1, 0x0, 
	0x0, 0x9, 0xf9, 0x0, 0x24, 0x0, 0x0, 0x0, 0x0, 0x0, 0x0, 0x2, 0x1, 0x0, 0x70, 0x0, 
	0x0, 0x0, 0x0, 0x0, 0x0, 0x1, 0x1, 0x0, 0x0, 0xa, 0x1d, 0x0, 0x10, 0x0, 0x0, 0x0, 
	0x0, 0x0, 0x0, 0x2, 0x1, 0x0, 0x73, 0x0, 0x0, 0x0, 0x0, 0x0, 0x0, 0x1, 0x1, 0x0, 
	0x0, 0xa, 0x2d, 0x0, 0xe, 0x0, 0x0, 0x0, 0x0, 0x0, 0x0, 0x2, 0x1, 0x0, 0x70, 0x0, 
	0x0, 0x0, 0x0, 0x0, 0x0, 0x1, 0x1, 0x0, 0x0, 0xa, 0x3b, 0x0, 0x10, 0x0, 0x0, 0x0, 
	0x0, 0x0, 0x0, 0x2, 0x1, 0x0, 0x6f, 0x0, 0x0, 0x0, 0x0, 0x0, 0x0, 0x1, 0x1, 0x0, 
	0x0, 0xa, 0x4b, 0x0, 0x16, 0x0, 0x0, 0x0, 0x0, 0x0, 0x0, 0x4, 0x1, 0x1, 0x0, 0x0, 
	0xa, 0x61, 0x0, 0x27, 0x0, 0x0, 0x0, 0x0, 0x0, 0x0, 0x2, 0x1, 0x0, 0x70, 0x0, 0x0, 
	0x0, 0x0, 0x0, 0x0, 0x1, 0x1, 0x0, 0x0, 0xa, 0x88, 0x0, 0x10, 0x0, 0x0, 0x0, 0x0, 
	0x0, 0x0, 0x2, 0x1, 0x0, 0x73, 0x0, 0x0, 0x0, 0x0, 0x0, 0x0, 0xa, 0x98, 0x54, 0x45, 
	0x4e, 0x44, 0x52, 0xc1, 0x53, 0x20, 0x51, 0x55, 0x45, 0x20, 0x48, 0x41, 0x42, 0x4c, 0x41, 0x52, 
	0x20, 0x43, 0x4f, 0x4e, 0x20, 0x45, 0x4c, 0x20, 0x56, 0x49, 0x45, 0x4a, 0x4f, 0x20, 0x43, 0x52, 
	0x41, 0x4e, 0x4b, 0x59, 0x20, 0x41, 0x4e, 0x54, 0x45, 0x53, 0x20, 0x44, 0x45, 0x20, 0x50, 0x4f, 
	0x44, 0x45, 0x52, 0x20, 0x55, 0x53, 0x41, 0x52, 0x20, 0x45, 0x53, 0x54, 0x41, 0x20, 0x43, 0x48, 
	0x41, 0x50, 0x41, 0x2e, 0x54, 0x45, 0x20, 0x45, 0x4e, 0x53, 0x45, 0xd1, 0x41, 0x52, 0xc9, 0x20, 
	0x44, 0xd3, 0x4e, 0x44, 0x45, 0x20, 0x50, 0x55, 0x45, 0x44, 0x45, 0x53, 0x20, 0x45, 0x4e, 0x43, 
	0x4f, 0x4e, 0x54, 0x52, 0x41, 0x52, 0x4c, 0x4f, 0x2e, 0xa1, 0x50, 0x55, 0x4c, 0x53, 0x41, 0x50, 
	0x41, 0x52, 0x41, 0x20, 0x56, 0x49, 0x41, 0x4a, 0x41, 0x52, 0x20, 0x41, 0x20, 0x4c, 0x41, 0x20, 
	0x41, 0x52, 0x45, 0x4e, 0x41, 0x20, 0x44, 0x45, 0x20, 0x42, 0x41, 0x54, 0x41, 0x4c, 0x4c, 0x41, 
	0x20, 0x44, 0x45, 0x20, 0x4b, 0x2e, 0x52, 0x4f, 0x4f, 0x4c, 0x21, 0x47, 0x4f, 0x4c, 0x50, 0x45, 
	0x41, 0x20, 0x41, 0x20, 0x53, 0x55, 0x53, 0x20, 0x4d, 0x41, 0x54, 0x4f, 0x4e, 0x45, 0x53, 0x20, 
	0x50, 0x41, 0x52, 0x41, 0x20, 0x47, 0x41, 0x4e, 0x41, 0x52, 0x20, 0x55, 0x4e, 0x41, 0x20, 0x43, 
	0x4f, 0x52, 0x4f, 0x4e, 0x41, 0x2e, 0x45, 0x4e, 0x43, 0x55, 0x45, 0x4e, 0x54, 0x52, 0x41, 0x20, 
	0x55, 0x4e, 0x41, 0x20, 0x43, 0x48, 0x41, 0x50, 0x41, 0x20, 0x43, 0x4f, 0x4e, 0x20, 0x45, 0x4c, 
	0x20, 0x4d, 0x49, 0x53, 0x4d, 0x4f, 0x20, 0x4e, 0xda, 0x4d, 0x45, 0x52, 0x4f, 0x20, 0x44, 0x45, 
	0x4e, 0x54, 0x52, 0x4f, 0x20, 0x44, 0x45, 0x20, 0x4c, 0x41, 0x20, 0x4d, 0x49, 0x53, 0x4d, 0x41, 
	0x20, 0x5a, 0x4f, 0x4e, 0x41, 0x20, 0x59, 0x20, 0x50, 0x55, 0x4c, 0x53, 0x41, 0x50, 0x41, 0x52, 
	0x41, 0x20, 0x42, 0x41, 0x4e, 0x41, 0x4e, 0x41, 0x50, 0x4f, 0x52, 0x54, 0x41, 0x52, 0x54, 0x45, 
	0x20, 0x45, 0x4e, 0x54, 0x52, 0x45, 0x20, 0x45, 0x4c, 0x4c, 0x41, 0x53, 0x2e, 0x56, 0x45, 0x4e, 
	0x47, 0x41, 0x2c, 0x20, 0x44, 0x4b, 0x2c, 0x20, 0x56, 0x45, 0x41, 0x4d, 0x4f, 0x53, 0x20, 0x53, 
	0x49, 0x20, 0x54, 0x4f, 0x44, 0x41, 0x56, 0xcd, 0x41, 0x20, 0x54, 0x49, 0x45, 0x4e, 0x45, 0x53, 
	0x20, 0x45, 0x53, 0x45, 0x20, 0x45, 0x53, 0x54, 0x49, 0x4c, 0x4f, 0x2e, 0x53, 0x55, 0x42, 0x45, 
	0x20, 0x41, 0x4c, 0x20, 0xc1, 0x52, 0x42, 0x4f, 0x4c, 0x20, 0x59, 0x20, 0x55, 0x54, 0x49, 0x4c, 
	0x49, 0x5a, 0x41, 0x20, 0x4c, 0x41, 0x53, 0x20, 0x4c, 0x49, 0x41, 0x4e, 0x41, 0x53, 0x20, 0x43, 
	0x4f, 0x4c, 0x47, 0x41, 0x4e, 0x54, 0x45, 0x53, 0x20, 0x50, 0x41, 0x52, 0x41, 0x20, 0x4c, 0x4c, 
	0x45, 0x47, 0x41, 0x52, 0x20, 0x41, 0x4c, 0x20, 0x49, 0x4e, 0x54, 0x45, 0x52, 0x52, 0x55, 0x50, 
	0x54, 0x4f, 0x52, 0x20, 0x44, 0x45, 0x20, 0x4c, 0x41, 0x20, 0x50, 0x55, 0x45, 0x52, 0x54, 0x41, 
	0x2e, 0x43, 0x4f, 0x4e, 0x53, 0x49, 0x47, 0x55, 0x45, 0x20, 0x37, 0x35, 0x20, 0x4f, 0x20, 0x4d, 
	0xc1, 0x53, 0x2c, 0x20, 0x44, 0x4b, 0x2c, 0x20, 0x59, 0x20, 0x47, 0x41, 0x4e, 0x41, 0x52, 0xc1, 
	0x53, 0x20, 0x55, 0x4e, 0x41, 0x20, 0x4d, 0x45, 0x44, 0x41, 0x4c, 0x4c, 0x41, 0x20, 0x42, 0x41, 
	0x4e, 0x41, 0x4e, 0x41, 0x2e, 0xbf, 0x4e, 0x4f, 0x20, 0x54, 0x45, 0x20, 0x50, 0x41, 0x52, 0x45, 
	0x43, 0x45, 0x20, 0x51, 0x55, 0x45, 0x20, 0x45, 0x53, 0x41, 0x53, 0x20, 0x45, 0x53, 0x54, 0x41, 
	0x43, 0x41, 0x53, 0x20, 0x45, 0x53, 0x54, 0xc1, 0x4e, 0x20, 0x55, 0x4e, 0x20, 0x50, 0x4f, 0x43, 
	0x4f, 0x20, 0x53, 0x55, 0x45, 0x4c, 0x54, 0x41, 0x53, 0x2c, 0x20, 0x4c, 0x41, 0x4e, 0x4b, 0x59, 
	0x3f, 0xbf, 0x51, 0x55, 0xc9, 0x20, 0x54, 0x41, 0x4c, 0x2c, 0x20, 0x7e, 0x3f, 0x20, 0x50, 0x4f, 
	0x44, 0x45, 0x4d, 0x4f, 0x53, 0x20, 0x41, 0x59, 0x55, 0x44, 0x41, 0x52, 0x54, 0x45, 0x20, 0x41, 
	0x20, 0x41, 0x56, 0x41, 0x4e, 0x5a, 0x41, 0x52, 0x20, 0x45, 0x4e, 0x20, 0x54, 0x55, 0x20, 0x4d, 
	0x49, 0x53, 0x49, 0xd3, 0x4e, 0x2c, 0x20, 0x50, 0x45, 0x52, 0x4f, 0x20, 0x48, 0x41, 0x59, 0x20, 
	0x55, 0x4e, 0x20, 0x50, 0x52, 0x4f, 0x42, 0x4c, 0x45, 0x4d, 0x41, 0x2e, 0x51, 0x55, 0x49, 0x45, 
	0x52, 0x4f, 0x20, 0x41, 0x4c, 0x43, 0x41, 0x4e, 0x5a, 0x41, 0x52, 0x20, 0x4c, 0x41, 0x20, 0x4c, 
	0x4c, 0x41, 0x56, 0x45, 0x20, 0x51, 0x55, 0x45, 0x20, 0x45, 0x53, 0x54, 0xc1, 0x20, 0x45, 0x4e, 
	0x43, 0x49, 0x4d, 0x41, 0x20, 0x44, 0x45, 0x20, 0x4d, 0x49, 0x20, 0x43, 0x41, 0x42, 0x45, 0x5a, 
	0x41, 0x20, 0x50, 0x41, 0x52, 0x41, 0x20, 0x41, 0x42, 0x52, 0x49, 0x52, 0x54, 0x45, 0x20, 0x45, 
	0x53, 0x54, 0x41, 0x20, 0x50, 0x55, 0x45, 0x52, 0x54, 0x41, 0x2c, 0x20, 0x50, 0x45, 0x52, 0x4f, 
	0x2e, 0x2e, 0x2e, 0x20, 0xa1, 0x48, 0x45, 0x20, 0x43, 0x4f, 0x4d, 0x49, 0x44, 0x4f, 0x20, 0x44, 
	0x45, 0x4d, 0x41, 0x53, 0x49, 0x41, 0x44, 0x4f, 0x21, 0x43, 0x52, 0x45, 0x4f, 0x20, 0x51, 0x55, 
	0x45, 0x20, 0x53, 0x49, 0x20, 0x41, 0x4c, 0x49, 0x4d, 0x45, 0x4e, 0x54, 0x41, 0x53, 0x20, 0x41, 
	0x20, 0x4d, 0x49, 0x20, 0x43, 0x4f, 0x4d, 0x50, 0x41, 0xd1, 0x45, 0x52, 0x4f, 0x20, 0x53, 0x43, 
	0x4f, 0x46, 0x46, 0x2c, 0x20, 0xc9, 0x4c, 0x20, 0x53, 0x45, 0x52, 0xcd, 0x41, 0x20, 0x43, 0x41, 
	0x50, 0x41, 0x5a, 0x20, 0x44, 0x45, 0x20, 0x52, 0x45, 0x53, 0x4f, 0x4c, 0x56, 0x45, 0x52, 0x20, 
	0x4d, 0x49, 0x20, 0x50, 0x45, 0x51, 0x55, 0x45, 0xd1, 0x4f, 0x20, 0x50, 0x52, 0x4f, 0x42, 0x4c, 
	0x45, 0x4d, 0x41, 0x20, 0x44, 0x45, 0x20, 0x50, 0x45, 0x53, 0x4f, 0x2e, 0x41, 0x53, 0xcd, 0x20, 
	0x51, 0x55, 0x45, 0x20, 0x53, 0x49, 0x20, 0x54, 0x49, 0x45, 0x4e, 0x45, 0x53, 0x20, 0x41, 0x4c, 
	0x47, 0x55, 0x4e, 0x41, 0x20, 0x53, 0x41, 0x42, 0x52, 0x4f, 0x53, 0x41, 0x20, 0x42, 0x41, 0x4e, 
	0x41, 0x4e, 0x41, 0x2c, 0x20, 0x53, 0x49, 0x54, 0xda, 0x41, 0x54, 0x45, 0x20, 0x53, 0x4f, 0x42, 
	0x52, 0x45, 0x20, 0x4e, 0x55, 0x45, 0x53, 0x54, 0x52, 0x41, 0x20, 0x43, 0x48, 0x41, 0x50, 0x41, 
	0x20, 0x59, 0x20, 0x56, 0x45, 0x41, 0x4d, 0x4f, 0x53, 0x20, 0x51, 0x55, 0xc9, 0x20, 0x50, 0x4f, 
	0x44, 0x45, 0x4d, 0x4f, 0x53, 0x20, 0x48, 0x41, 0x43, 0x45, 0x52, 0x2e, 0x4d, 0x4d, 0x4d, 0x2e, 
	0x2e, 0x2e, 0x20, 0x4d, 0x45, 0x20, 0x50, 0x52, 0x45, 0x47, 0x55, 0x4e, 0x54, 0x4f, 0x20, 0x53, 
	0x49, 0x20, 0x4e, 0x45, 0x43, 0x45, 0x53, 0x49, 0x54, 0x41, 0x52, 0xc9, 0x20, 0x4c, 0x41, 0x20, 
	0x41, 0x59, 0x55, 0x44, 0x41, 0x20, 0x44, 0x45, 0x20, 0x43, 0x52, 0x41, 0x4e, 0x4b, 0x59, 0x20, 
	0x41, 0x51, 0x55, 0xcd, 0x2e, 0x53, 0x49, 0x20, 0x48, 0x41, 0x53, 0x20, 0x47, 0x41, 0x4e, 0x41, 
	0x44, 0x4f, 0x20, 0x53, 0x55, 0x46, 0x49, 0x43, 0x49, 0x45, 0x4e, 0x54, 0x45, 0x2c, 0x20, 0x53, 
	0x45, 0x52, 0x45, 0x4d, 0x4f, 0x53, 0x20, 0x43, 0x41, 0x50, 0x41, 0x43, 0x45, 0x53, 0x20, 0x44, 
	0x45, 0x20, 0x41, 0x42, 0x52, 0x49, 0x52, 0x20, 0x45, 0x53, 0x54, 0x41, 0x20, 0x50, 0x55, 0x45, 
	0x52, 0x54, 0x41, 0x20, 0x50, 0x41, 0x52, 0x41, 0x20, 0x54, 0x49, 0x2e, 0x53, 0x49, 0x20, 0x51, 
	0x55, 0x49, 0x45, 0x52, 0x45, 0x53, 0x20, 0x56, 0x4f, 0x4c, 0x56, 0x45, 0x52, 0x20, 0x59, 0x20, 
	0x43, 0x4f, 0x47, 0x45, 0x52, 0x20, 0x41, 0x4c, 0x47, 0x55, 0x4e, 0x41, 0x53, 0x20, 0x4d, 0xc1, 
	0x53, 0x2c, 0x20, 0x56, 0x45, 0x20, 0x41, 0x20, 0x54, 0x52, 0x41, 0x56, 0xc9, 0x53, 0x20, 0x44, 
	0x45, 0x20, 0x4c, 0x41, 0x20, 0x50, 0x55, 0x45, 0x52, 0x54, 0x41, 0x20, 0x44, 0x45, 0x20, 0x4e, 
	0x49, 0x56, 0x45, 0x4c, 0x2e, 0x53, 0x49, 0x20, 0x51, 0x55, 0x49, 0x45, 0x52, 0x45, 0x53, 0x20, 
	0x53, 0x41, 0x4c, 0x49, 0x52, 0x20, 0x44, 0x45, 0x20, 0x45, 0x53, 0x54, 0x45, 0x20, 0x4e, 0x49, 
	0x56, 0x45, 0x4c, 0x2c, 0x20, 0x43, 0x52, 0x55, 0x5a, 0x41, 0x20, 0x4c, 0x41, 0x20, 0x50, 0x55, 
	0x45, 0x52, 0x54, 0x41, 0x20, 0x51, 0x55, 0x45, 0x20, 0x44, 0x49, 0x43, 0x45, 0x20, 0x53, 0x41, 
	0x4c, 0x49, 0x44, 0x41, 0x2e, 0x56, 0x41, 0x59, 0x41, 0x2e, 0x2e, 0x2e, 0x20, 0xbf, 0x4e, 0x4f, 
	0x20, 0x4d, 0x45, 0x20, 0x44, 0x49, 0x4a, 0x4f, 0x20, 0x43, 0x52, 0x41, 0x4e, 0x4b, 0x59, 0x20, 
	0x51, 0x55, 0x45, 0x20, 0x4d, 0x45, 0x20, 0x45, 0x4e, 0x53, 0x41, 0xd1, 0x41, 0x52, 0xcd, 0x41, 
	0x20, 0x41, 0x4c, 0x47, 0x4f, 0x20, 0x45, 0x53, 0x50, 0x45, 0x43, 0x49, 0x41, 0x4c, 0x20, 0x50, 
	0x4f, 0x52, 0x20, 0x31, 0x35, 0x20, 0x4d, 0x45, 0x44, 0x41, 0x4c, 0x4c, 0x41, 0x53, 0x20, 0x42, 
	0x41, 0x4e, 0x41, 0x4e, 0x41, 0x3f, 0xa1, 0x44, 0x41, 0x4d, 0x41, 0x53, 0x20, 0x59, 0x20, 0x43, 
	0x41, 0x42, 0x41, 0x4c, 0x4c, 0x45, 0x52, 0x4f, 0x53, 0x21, 0xa1, 0x42, 0x49, 0x45, 0x4e, 0x56, 
	0x45, 0x4e, 0x49, 0x44, 0x4f, 0x53, 0x20, 0x41, 0x4c, 0x20, 0x4d, 0x41, 0x59, 0x4f, 0x52, 0x20, 
	0x45, 0x56, 0x45, 0x4e, 0x54, 0x4f, 0x20, 0x44, 0x45, 0x4c, 0x20, 0x4a, 0x55, 0x45, 0x47, 0x4f, 
	0x21, 0x4c, 0x45, 0x53, 0x20, 0x4f, 0x46, 0x52, 0x45, 0x43, 0x45, 0x4d, 0x4f, 0x53, 0x20, 0x44, 
	0x4f, 0x43, 0x45, 0x20, 0x52, 0x4f, 0x55, 0x4e, 0x44, 0x53, 0x20, 0x44, 0x45, 0x20, 0x54, 0x52, 
	0x45, 0x53, 0x20, 0x4d, 0x49, 0x4e, 0x55, 0x54, 0x4f, 0x53, 0x20, 0x44, 0x45, 0x20, 0x42, 0x4f, 
	0x58, 0x45, 0x4f, 0x20, 0x50, 0x41, 0x52, 0x41, 0x20, 0x45, 0x4c, 0x20, 0x41, 0xda, 0x4e, 0x20, 
	0x4e, 0x4f, 0x20, 0x44, 0x49, 0x53, 0x50, 0x55, 0x54, 0x41, 0x44, 0x4f, 0x20, 0x54, 0x4f, 0x52, 
	0x4e, 0x45, 0x4f, 0x20, 0x44, 0x45, 0x20, 0x50, 0x45, 0x53, 0x4f, 0x53, 0x20, 0x50, 0x45, 0x53, 
	0x41, 0x44, 0x4f, 0x53, 0x20, 0x44, 0x45, 0x20, 0x49, 0x53, 0x4c, 0x41, 0x53, 0x20, 0x4b, 0x4f, 
	0x4e, 0x47, 0x2e, 0x54, 0x52, 0x41, 0xcd, 0x44, 0x4f, 0x53, 0x20, 0x48, 0x41, 0x53, 0x54, 0x41, 
	0x20, 0x41, 0x51, 0x55, 0xcd, 0x20, 0x45, 0x53, 0x54, 0x41, 0x20, 0x54, 0x41, 0x52, 0x44, 0x45, 
	0x20, 0x50, 0x4f, 0x52, 0x20, 0x52, 0x41, 0x52, 0x45, 0x20, 0x59, 0x20, 0x4e, 0x49, 0x4e, 0x54, 
	0x45, 0x4e, 0x44, 0x4f, 0x20, 0x45, 0x4e, 0x20, 0x41, 0x53, 0x4f, 0x43, 0x49, 0x41, 0x43, 0x49, 
	0xd3, 0x4e, 0x20, 0x43, 0x4f, 0x4e, 0x20, 0x4b, 0x2e, 0x52, 0x4f, 0x4f, 0x4c, 0x20, 0x53, 0x2e, 
	0x41, 0x2e, 0xa1, 0x50, 0x52, 0x45, 0x53, 0x45, 0x4e, 0x54, 0x41, 0x4d, 0x4f, 0x53, 0x2e, 0x2e, 
	0x2e, 0x41, 0x20, 0x4c, 0x41, 0x20, 0x46, 0x41, 0x4d, 0x49, 0x4c, 0x49, 0x41, 0x20, 0x4b, 0x4f, 
	0x4e, 0x47, 0x2e, 0x2e, 0x2e, 0x43, 0x4f, 0x4e, 0x54, 0x52, 0x41, 0x20, 0x45, 0x4c, 0x20, 0x52, 
	0x45, 0x59, 0x20, 0x4b, 0x52, 0x55, 0x53, 0x48, 0x41, 0x41, 0x41, 0x41, 0x20, 0x4b, 0x2e, 0x52, 
	0x4f, 0x4f, 0x4c, 0x21, 0xa1, 0x4e, 0x4f, 0x20, 0x48, 0x41, 0x59, 0x20, 0xc1, 0x52, 0x42, 0x49, 
	0x54, 0x52, 0x4f, 0x53, 0x20, 0x45, 0x4e, 0x20, 0x45, 0x4c, 0x20, 0x52, 0x49, 0x4e, 0x47, 0x20, 
	0x59, 0x20, 0x4c, 0x4f, 0x53, 0x20, 0x43, 0x4f, 0x4e, 0x54, 0x52, 0x4f, 0x4c, 0x41, 0x44, 0x4f, 
	0x52, 0x45, 0x53, 0x20, 0x44, 0x45, 0x20, 0x54, 0x49, 0x45, 0x4d, 0x50, 0x4f, 0x20, 0x41, 0x43, 
	0x54, 0x55, 0x41, 0x52, 0xc1, 0x4e, 0x20, 0x44, 0x45, 0x20, 0x46, 0x4f, 0x52, 0x4d, 0x41, 0x20, 
	0x4a, 0x55, 0x53, 0x54, 0x41, 0x20, 0x45, 0x20, 0x49, 0x4d, 0x50, 0x41, 0x52, 0x43, 0x49, 0x41, 
	0x4c, 0x21, 0x43, 0x4f, 0x4e, 0x20, 0x55, 0x4e, 0x20, 0x50, 0x45, 0x53, 0x4f, 0x20, 0x44, 0x45, 
	0x20, 0x34, 0x30, 0x30, 0x20, 0x53, 0xd3, 0x4c, 0x49, 0x44, 0x4f, 0x53, 0x20, 0x4b, 0x49, 0x4c, 
	0x4f, 0x53, 0x2c, 0x20, 0x4c, 0x45, 0x53, 0x20, 0x50, 0x52, 0x45, 0x53, 0x45, 0x4e, 0x54, 0x4f, 
	0x20, 0x41, 0x4c, 0x20, 0x50, 0x52, 0x49, 0x4d, 0x41, 0x54, 0x45, 0x20, 0x50, 0x52, 0x49, 0x4e, 
	0x43, 0x49, 0x50, 0x41, 0x4c, 0x2e, 0x2e, 0x2e, 0x59, 0x20, 0x41, 0x48, 0x4f, 0x52, 0x41, 0x2c, 
	0x20, 0x42, 0x41, 0x49, 0x4c, 0x41, 0x4e, 0x44, 0x4f, 0x20, 0x45, 0x4e, 0x20, 0x45, 0x4c, 0x20, 
	0x52, 0x49, 0x4e, 0x47, 0x2c, 0x20, 0x4e, 0x4f, 0x53, 0x20, 0x45, 0x53, 0x50, 0x45, 0x52, 0x41, 
	0x20, 0x45, 0x4c, 0x20, 0x43, 0x41, 0x4d, 0x50, 0x45, 0xd3, 0x4e, 0x20, 0x44, 0x45, 0x20, 0x43, 
	0x48, 0x49, 0x4d, 0x50, 0x41, 0x4e, 0x43, 0xc9, 0x53, 0x2e, 0x2e, 0x2e, 0x4a, 0x41, 0x43, 0x54, 
	0xc1, 0x4e, 0x44, 0x4f, 0x53, 0x45, 0x20, 0x44, 0x45, 0x20, 0x50, 0x4f, 0x53, 0x45, 0x45, 0x52, 
	0x20, 0x45, 0x4c, 0x20, 0x4d, 0x41, 0x59, 0x4f, 0x52, 0x20, 0x41, 0x4c, 0x43, 0x41, 0x4e, 0x43, 
	0x45, 0x20, 0x41, 0x43, 0x54, 0x55, 0x41, 0x4c, 0x20, 0x45, 0x4e, 0x20, 0x45, 0x4c, 0x20, 0x4d, 
	0x55, 0x4e, 0x44, 0x4f, 0x2c, 0x20, 0x41, 0x51, 0x55, 0xcd, 0x20, 0x45, 0x53, 0x54, 0xc1, 0x2e, 
	0x2e, 0x2e, 0x41, 0x43, 0x4c, 0x41, 0x4d, 0x41, 0x44, 0x41, 0x20, 0x44, 0x45, 0x53, 0x44, 0x45, 
	0x20, 0x53, 0x55, 0x20, 0x53, 0x41, 0x4c, 0x49, 0x44, 0x41, 0x20, 0x44, 0x45, 0x20, 0x49, 0x53, 
	0x4c, 0x41, 0x53, 0x20, 0x44, 0x4b, 0x2c, 0x20, 0x41, 0x51, 0x55, 0xcd, 0x20, 0x45, 0x53, 0x54, 
	0xc1, 0x20, 0x4c, 0x41, 0x20, 0x43, 0x48, 0x49, 0x43, 0x41, 0x20, 0x44, 0x45, 0x20, 0x4c, 0x41, 
	0x53, 0x20, 0x43, 0x4f, 0x4c, 0x45, 0x54, 0x41, 0x53, 0x2e, 0x2e, 0x2e, 0x45, 0x4c, 0x45, 0x56, 
	0x41, 0x4e, 0x44, 0x4f, 0x20, 0x4c, 0x4f, 0x53, 0x20, 0x4c, 0xcd, 0x4d, 0x49, 0x54, 0x45, 0x53, 
	0x20, 0x48, 0x41, 0x53, 0x54, 0x41, 0x20, 0x55, 0x4e, 0x4f, 0x53, 0x20, 0x50, 0x4f, 0x44, 0x45, 
	0x52, 0x4f, 0x53, 0x4f, 0x53, 0x20, 0x31, 0x30, 0x30, 0x30, 0x20, 0x4b, 0x49, 0x4c, 0x4f, 0x53, 
	0x2c, 0x20, 0x45, 0x53, 0x20, 0x55, 0x4e, 0x20, 0x44, 0x55, 0x52, 0x4f, 0x20, 0x47, 0x4f, 0x4c, 
	0x50, 0x45, 0x41, 0x44, 0x4f, 0x52, 0x2e, 0x2e, 0x2e, 0x20, 0xa1, 0x44, 0x41, 0x4d, 0x41, 0x53, 
	0x20, 0x59, 0x20, 0x43, 0x41, 0x42, 0x41, 0x4c, 0x4c, 0x45, 0x52, 0x4f, 0x53, 0x21, 0xa1, 0x45, 
	0x53, 0x54, 0x41, 0x20, 0x4e, 0x4f, 0x43, 0x48, 0x45, 0x20, 0x54, 0x45, 0x4e, 0x45, 0x4d, 0x4f, 
	0x53, 0x20, 0x41, 0x51, 0x55, 0xcd, 0x20, 0x55, 0x4e, 0x20, 0x43, 0x4c, 0x41, 0x52, 0x4f, 0x20, 
	0x47, 0x41, 0x4e, 0x41, 0x44, 0x4f, 0x52, 0x21, 0xa1, 0xa1, 0x43, 0x4f, 0x4e, 0x20, 0x55, 0x4e, 
	0x41, 0x20, 0x49, 0x4e, 0x43, 0x55, 0x45, 0x53, 0x54, 0x49, 0x4f, 0x4e, 0x41, 0x42, 0x4c, 0x45, 
	0x20, 0x56, 0x49, 0x43, 0x54, 0x4f, 0x52, 0x49, 0x41, 0x20, 0x41, 0x20, 0x4c, 0x4f, 0x53, 0x20, 
	0x50, 0x55, 0x4e, 0x54, 0x4f, 0x53, 0x2c, 0x20, 0x53, 0x45, 0x20, 0x50, 0x52, 0x45, 0x53, 0x45, 
	0x4e, 0x54, 0x41, 0x20, 0x43, 0x4f, 0x4d, 0x4f, 0x20, 0x45, 0x4c, 0x20, 0xda, 0x4e, 0x49, 0x43, 
	0x4f, 0x20, 0x43, 0x41, 0x4d, 0x50, 0x45, 0xd3, 0x4e, 0x21, 0x21, 0x44, 0x41, 0x4d, 0x41, 0x53, 
	0x20, 0x59, 0x20, 0x43, 0x41, 0x42, 0x41, 0x4c, 0x4c, 0x45, 0x52, 0x4f, 0x53, 0x2c, 0x20, 0x41, 
	0x51, 0x55, 0xcd, 0x20, 0x4c, 0x4f, 0x20, 0x54, 0x49, 0x45, 0x4e, 0x45, 0x4e, 0x2e, 0x2e, 0x2e, 
	0xa1, 0x54, 0x45, 0x4e, 0x44, 0x52, 0xc1, 0x53, 0x20, 0x51, 0x55, 0x45, 0x20, 0x48, 0x41, 0x43, 
	0x45, 0x52, 0x4c, 0x4f, 0x20, 0x4d, 0x45, 0x4a, 0x4f, 0x52, 0x2c, 0x20, 0x7e, 0x21, 0x45, 0x4e, 
	0x20, 0x4d, 0x49, 0x53, 0x20, 0x54, 0x49, 0x45, 0x4d, 0x50, 0x4f, 0x53, 0x20, 0x48, 0x41, 0x42, 
	0x52, 0xcd, 0x41, 0x20, 0x41, 0x43, 0x41, 0x42, 0x41, 0x44, 0x4f, 0x20, 0x43, 0x4f, 0x4e, 0x20, 
	0x45, 0x53, 0x41, 0x20, 0x56, 0x49, 0x45, 0x4a, 0x41, 0x20, 0x42, 0x4f, 0x4c, 0x41, 0x20, 0x44, 
	0x45, 0x20, 0x53, 0x45, 0x42, 0x4f, 0x20, 0x45, 0x4e, 0x20, 0x45, 0x4c, 0x20, 0x50, 0x52, 0x49, 
	0x4d, 0x45, 0x52, 0x20, 0x52, 0x4f, 0x55, 0x4e, 0x44, 0x2e, 0xa1, 0xa1, 0x41, 0x48, 0x4f, 0x52, 
	0x41, 0x20, 0x56, 0x55, 0x45, 0x4c, 0x56, 0x45, 0x20, 0x41, 0x4c, 0x20, 0x52, 0x49, 0x4e, 0x47, 
	0x2c, 0x20, 0x7e, 0x2c, 0x20, 0x59, 0x20, 0x45, 0x4e, 0x53, 0xc9, 0xd1, 0x41, 0x4c, 0x45, 0x20, 
	0x44, 0x45, 0x20, 0x51, 0x55, 0xc9, 0x20, 0x50, 0x41, 0x53, 0x54, 0x41, 0x20, 0x45, 0x53, 0x54, 
	0xc1, 0x20, 0x48, 0x45, 0x43, 0x48, 0x41, 0x20, 0x4c, 0x41, 0x20, 0x46, 0x41, 0x4d, 0x49, 0x4c, 
	0x49, 0x41, 0x20, 0x4b, 0x4f, 0x4e, 0x47, 0x21, 0x21, 0x44, 0x45, 0x53, 0x4c, 0x55, 0x4d, 0x42, 
	0x52, 0x41, 0x20, 0x41, 0x20, 0x4b, 0x2e, 0x52, 0x4f, 0x4f, 0x4c, 0x20, 0x43, 0x4f, 0x4e, 0x20, 
	0x55, 0x4e, 0x20, 0x50, 0x4f, 0x43, 0x4f, 0x20, 0x44, 0x45, 0x20, 0x4c, 0x41, 0x20, 0x4d, 0x41, 
	0x47, 0x49, 0x41, 0x20, 0x44, 0x45, 0x4c, 0x20, 0x56, 0x49, 0x45, 0x4a, 0x4f, 0x20, 0x43, 0x52, 
	0x41, 0x4e, 0x4b, 0x59, 0x2c, 0x20, 0x41, 0x53, 0xcd, 0x2e, 0x2e, 0x2e, 0x44, 0x4b, 0x2c, 0x20, 
	0x52, 0x45, 0xda, 0x4e, 0x45, 0x20, 0x54, 0x41, 0x4e, 0x54, 0x41, 0x53, 0x20, 0x42, 0x41, 0x4e, 
	0x41, 0x4e, 0x41, 0x53, 0x20, 0x43, 0x4f, 0x4d, 0x4f, 0x20, 0x50, 0x55, 0x45, 0x44, 0x41, 0x53, 
	0x20, 0x41, 0x4e, 0x54, 0x45, 0x53, 0x20, 0x44, 0x45, 0x20, 0x43, 0x52, 0x55, 0x5a, 0x41, 0x52, 
	0x20, 0x55, 0x4e, 0x4f, 0x20, 0x44, 0x45, 0x20, 0x45, 0x53, 0x54, 0x4f, 0x53, 0x20, 0x50, 0x4f, 
	0x52, 0x54, 0x41, 0x4c, 0x45, 0x53, 0x2e, 0x50, 0x41, 0x52, 0x41, 0x20, 0x56, 0x4f, 0x4c, 0x56, 
	0x45, 0x52, 0x20, 0x41, 0x20, 0x53, 0x45, 0x52, 0x20, 0x44, 0x4b, 0x2c, 0x20, 0x50, 0x55, 0x4c, 
	0x53, 0x41, 0x20, 0x59, 0x20, 0x4d, 0x41, 0x4e, 0x54, 0xc9, 0x4e, 0x59, 0x20, 0x45, 0x4e, 0x54, 
	0x4f, 0x4e, 0x43, 0x45, 0x53, 0x20, 0x50, 0x55, 0x4c, 0x53, 0x41, 0x50, 0x55, 0x4c, 0x53, 0x41, 
	0x20, 0x59, 0x20, 0x4d, 0x41, 0x4e, 0x54, 0xc9, 0x4e, 0x59, 0x20, 0x45, 0x4e, 0x54, 0x4f, 0x4e, 
	0x43, 0x45, 0x53, 0x20, 0x50, 0x55, 0x4c, 0x53, 0x41, 0x50, 0x41, 0x52, 0x41, 0x20, 0x43, 0x41, 
	0x52, 0x47, 0x41, 0x52, 0x20, 0x45, 0x4c, 0x20, 0x41, 0x54, 0x41, 0x51, 0x55, 0x45, 0x2e, 0x50, 
	0x41, 0x52, 0x41, 0x20, 0x56, 0x4f, 0x4c, 0x56, 0x45, 0x52, 0x20, 0x41, 0x20, 0x53, 0x45, 0x52, 
	0x20, 0x4c, 0x41, 0x4e, 0x4b, 0x59, 0x2c, 0x20, 0x50, 0x55, 0x4c, 0x53, 0x41, 0x20, 0x59, 0x20, 
	0x4d, 0x41, 0x4e, 0x54, 0xc9, 0x4e, 0x59, 0x20, 0x45, 0x4e, 0x54, 0x4f, 0x4e, 0x43, 0x45, 0x53, 
	0x20, 0x50, 0x55, 0x4c, 0x53, 0x41, 
};
u8 text_20[] = {
	0x6, 0x1, 0x1, 0x3, 0x0, 0x0, 0x0, 0x0, 0x0, 0x37, 0x0, 0x0, 0x0, 0x0, 0x0, 0x37, 
	0x0, 0x4b, 0x0, 0x0, 0x0, 0x0, 0x0, 0x82, 0x0, 0x2b, 0x0, 0x0, 0x0, 0x0, 0x0, 0x0, 
	0x1, 0x1, 0x1, 0x0, 0x0, 0x0, 0xad, 0x0, 0x45, 0x0, 0x0, 0x0, 0x0, 0x0, 0x0, 0x1, 
	0x1, 0x2, 0x0, 0x0, 0x0, 0xf2, 0x0, 0x66, 0x0, 0x0, 0x0, 0x0, 0x1, 0x58, 0x0, 0x7e, 
	0x0, 0x0, 0x0, 0x0, 0x0, 0x0, 0x1, 0x1, 0x1, 0x0, 0x0, 0x1, 0xd6, 0x0, 0x5c, 0x0, 
	0x0, 0x0, 0x0, 0x0, 0x0, 0x1, 0x1, 0x1, 0x0, 0x0, 0x2, 0x32, 0x0, 0x48, 0x0, 0x0, 
	0x0, 0x0, 0x0, 0x0, 0x1, 0x1, 0x1, 0x0, 0x0, 0x2, 0x7a, 0x0, 0x51, 0x0, 0x0, 0x0, 
	0x0, 0x0, 0x0, 0x2, 0xcb, 0x56, 0x41, 0x59, 0x41, 0x2c, 0x20, 0x56, 0x41, 0x59, 0x41, 0x2c, 
	0x20, 0x7e, 0x2c, 0x20, 0x48, 0x45, 0x20, 0x4f, 0xcd, 0x44, 0x4f, 0x20, 0x51, 0x55, 0x45, 0x20, 
	0x45, 0x52, 0x45, 0x53, 0x20, 0x55, 0x4e, 0x20, 0x45, 0x58, 0x43, 0x45, 0x4c, 0x45, 0x4e, 0x54, 
	0x45, 0x20, 0x43, 0x4f, 0x52, 0x52, 0x45, 0x44, 0x4f, 0x52, 0x2e, 0x20, 0xbf, 0x54, 0x45, 0x20, 
	0x41, 0x50, 0x45, 0x54, 0x45, 0x43, 0x45, 0x20, 0x44, 0x41, 0x52, 0x20, 0x55, 0x4e, 0x41, 0x20, 
	0x43, 0x4c, 0xc1, 0x53, 0x49, 0x43, 0x41, 0x20, 0x43, 0x41, 0x52, 0x52, 0x45, 0x52, 0x41, 0x20, 
	0x44, 0x45, 0x20, 0x4f, 0x42, 0x53, 0x54, 0xc1, 0x43, 0x55, 0x4c, 0x4f, 0x53, 0x20, 0x41, 0x4c, 
	0x52, 0x45, 0x44, 0x45, 0x44, 0x4f, 0x52, 0x20, 0x44, 0x45, 0x20, 0x4d, 0x49, 0x20, 0x43, 0x49, 
	0x52, 0x43, 0x55, 0x49, 0x54, 0x4f, 0x3f, 0xa1, 0x45, 0x4c, 0x20, 0x50, 0x52, 0x49, 0x4d, 0x45, 
	0x52, 0x4f, 0x20, 0x51, 0x55, 0x45, 0x20, 0x56, 0x55, 0x45, 0x4c, 0x56, 0x41, 0x20, 0x41, 0x51, 
	0x55, 0xcd, 0x20, 0x47, 0x41, 0x4e, 0x41, 0x20, 0x45, 0x4c, 0x20, 0x54, 0x52, 0x4f, 0x46, 0x45, 
	0x4f, 0x21, 0xa1, 0x45, 0x53, 0x54, 0x4f, 0x59, 0x20, 0x4c, 0x49, 0x53, 0x54, 0x4f, 0x20, 0x50, 
	0x41, 0x52, 0x41, 0x20, 0x54, 0x49, 0x20, 0x45, 0x53, 0x54, 0x41, 0x20, 0x56, 0x45, 0x5a, 0x2c, 
	0x20, 0x7e, 0x21, 0x20, 0x4e, 0x4f, 0x53, 0x20, 0x4a, 0x55, 0x47, 0x41, 0x4d, 0x4f, 0x53, 0x20, 
	0x45, 0x4c, 0x20, 0x54, 0x52, 0x4f, 0x46, 0x45, 0x4f, 0x20, 0x41, 0x20, 0x44, 0x4f, 0x53, 0x2c, 
	0x20, 0xbf, 0x56, 0x41, 0x4c, 0x45, 0x3f, 0xa1, 0x55, 0x46, 0x21, 0x20, 0x4e, 0x4f, 0x20, 0x45, 
	0x53, 0x54, 0xc1, 0x20, 0x4d, 0x41, 0x4c, 0x20, 0x50, 0x41, 0x52, 0x41, 0x20, 0x55, 0x4e, 0x20, 
	0x50, 0x41, 0x43, 0xcd, 0x46, 0x49, 0x43, 0x4f, 0x20, 0x4d, 0x4f, 0x4e, 0x4f, 0x2e, 0x20, 0x59, 
	0x4f, 0x20, 0x4e, 0x4f, 0x20, 0x49, 0x42, 0x41, 0x20, 0x45, 0x4e, 0x20, 0x53, 0x45, 0x52, 0x49, 
	0x4f, 0x2c, 0x20, 0x41, 0x53, 0xcd, 0x20, 0x51, 0x55, 0x45, 0x20, 0x41, 0xda, 0x4e, 0x20, 0x4e, 
	0x4f, 0x20, 0x54, 0x45, 0x20, 0x50, 0x55, 0x45, 0x44, 0x45, 0x53, 0x20, 0x4c, 0x4c, 0x45, 0x56, 
	0x41, 0x52, 0x20, 0x45, 0x4c, 0x20, 0x54, 0x52, 0x4f, 0x46, 0x45, 0x4f, 0x2e, 0x4e, 0x45, 0x43, 
	0x45, 0x53, 0x49, 0x54, 0x4f, 0x20, 0x52, 0x45, 0x43, 0x55, 0x50, 0x45, 0x52, 0x41, 0x52, 0x20, 
	0x45, 0x4c, 0x20, 0x52, 0x45, 0x53, 0x55, 0x45, 0x4c, 0x4c, 0x4f, 0x20, 0x41, 0x4e, 0x54, 0x45, 
	0x53, 0x20, 0x44, 0x45, 0x20, 0x51, 0x55, 0x45, 0x20, 0x48, 0x41, 0x47, 0x41, 0x4d, 0x4f, 0x53, 
	0x20, 0x4c, 0x41, 0x20, 0x47, 0x52, 0x41, 0x4e, 0x20, 0x43, 0x41, 0x52, 0x52, 0x45, 0x52, 0x41, 
	0x2c, 0x20, 0x41, 0x53, 0xcd, 0x20, 0x51, 0x55, 0x45, 0x20, 0x4c, 0x4c, 0xc9, 0x56, 0x41, 0x54, 
	0x45, 0x20, 0x45, 0x53, 0x54, 0x45, 0x20, 0x50, 0x52, 0x45, 0x4d, 0x49, 0x4f, 0x20, 0x44, 0x45, 
	0x20, 0x43, 0x4f, 0x4e, 0x53, 0x4f, 0x4c, 0x41, 0x43, 0x49, 0xd3, 0x4e, 0x2e, 0x20, 0xa1, 0x48, 
	0x41, 0x53, 0x54, 0x41, 0x20, 0x4c, 0x55, 0x45, 0x47, 0x4f, 0x21, 0x55, 0x46, 0x2e, 0x2e, 0x2e, 
	0x20, 0x47, 0x4c, 0x55, 0x50, 0x2e, 0x2e, 0x2e, 0x20, 0x56, 0x41, 0x59, 0x41, 0x2e, 0x20, 0xa1, 
	0x52, 0x45, 0x41, 0x4c, 0x4d, 0x45, 0x4e, 0x54, 0x45, 0x20, 0x45, 0x52, 0x45, 0x53, 0x20, 0x55, 
	0x4e, 0x20, 0x45, 0x58, 0x43, 0x45, 0x4c, 0x45, 0x4e, 0x54, 0x45, 0x20, 0x4d, 0x4f, 0x4e, 0x4f, 
	0x20, 0x43, 0x4f, 0x52, 0x52, 0x45, 0x44, 0x4f, 0x52, 0x2c, 0x20, 0x7e, 0x21, 0x20, 0x54, 0x45, 
	0x20, 0x45, 0x4e, 0x54, 0x52, 0x45, 0x47, 0x41, 0x52, 0xc9, 0x20, 0x45, 0x4c, 0x20, 0x54, 0x52, 
	0x4f, 0x46, 0x45, 0x4f, 0x2e, 0x2e, 0x2e, 0xa1, 0x54, 0xcd, 0x4f, 0x2c, 0x20, 0x48, 0x41, 0x20, 
	0x53, 0x49, 0x44, 0x4f, 0x20, 0x4d, 0x55, 0x59, 0x20, 0x44, 0x49, 0x56, 0x45, 0x52, 0x54, 0x49, 
	0x44, 0x4f, 0x21, 0x20, 0xa1, 0x4d, 0x49, 0x20, 0x41, 0x42, 0x55, 0x45, 0x4c, 0x4f, 0x20, 0x50, 
	0x4f, 0x44, 0x52, 0xcd, 0x41, 0x20, 0x43, 0x4f, 0x52, 0x52, 0x45, 0x52, 0x20, 0x4d, 0xc1, 0x53, 
	0x20, 0x52, 0xc1, 0x50, 0x49, 0x44, 0x4f, 0x20, 0x51, 0x55, 0x45, 0x20, 0x54, 0xda, 0x21, 0xa1, 
	0x56, 0x41, 0x59, 0x41, 0x2c, 0x20, 0x47, 0x52, 0x41, 0x43, 0x49, 0x41, 0x53, 0x2c, 0x20, 0x7e, 
	0x21, 0x20, 0x4e, 0x4f, 0x20, 0x54, 0x45, 0x20, 0x50, 0x52, 0x45, 0x4f, 0x43, 0x55, 0x50, 0x45, 
	0x53, 0x20, 0x50, 0x4f, 0x52, 0x20, 0x4d, 0xcd, 0x20, 0x41, 0x48, 0x4f, 0x52, 0x41, 0x2e, 0x2e, 
	0x2e, 0x20, 0xa1, 0x54, 0x45, 0x4e, 0x47, 0x4f, 0x20, 0x4c, 0x41, 0x53, 0x20, 0x43, 0x4f, 0x53, 
	0x41, 0x53, 0x20, 0x42, 0x41, 0x4a, 0x4f, 0x20, 0x43, 0x4f, 0x4e, 0x54, 0x52, 0x4f, 0x4c, 0x21, 
};
u8 text_21[] = {
	0x4, 0x1, 0x1, 0x1, 0x0, 0x0, 0x0, 0x0, 0x0, 0x47, 0x0, 0x0, 0x0, 0x0, 0x0, 0x0, 
	0x1, 0x1, 0x1, 0x0, 0x0, 0x0, 0x47, 0x0, 0x50, 0x0, 0x0, 0x0, 0x0, 0x0, 0x0, 0x1, 
	0x1, 0x1, 0x0, 0x0, 0x0, 0x97, 0x0, 0x2e, 0x0, 0x0, 0x0, 0x0, 0x0, 0x0, 0x1, 0x1, 
	0x1, 0x0, 0x0, 0x0, 0xc5, 0x0, 0x60, 0x0, 0x0, 0x0, 0x0, 0x0, 0x0, 0x1, 0x25, 0xa1, 
	0x48, 0x55, 0x55, 0x21, 0x20, 0x4e, 0x4f, 0x20, 0x48, 0x41, 0x42, 0x4c, 0x4f, 0x20, 0x43, 0x4f, 
	0x4e, 0x20, 0x4e, 0x41, 0x44, 0x49, 0x45, 0x20, 0x51, 0x55, 0x45, 0x20, 0x4e, 0x4f, 0x20, 0x54, 
	0x45, 0x4e, 0x47, 0x41, 0x20, 0x41, 0x4c, 0x41, 0x53, 0x2e, 0x20, 0x56, 0x55, 0x45, 0x4c, 0x56, 
	0x45, 0x20, 0x43, 0x55, 0x41, 0x4e, 0x44, 0x4f, 0x20, 0x50, 0x55, 0x45, 0x44, 0x41, 0x53, 0x20, 
	0x56, 0x4f, 0x4c, 0x41, 0x52, 0x2e, 0xa1, 0x48, 0x55, 0x55, 0x21, 0x20, 0x56, 0x45, 0x41, 0x4d, 
	0x4f, 0x53, 0x20, 0x53, 0x49, 0x20, 0x50, 0x55, 0x45, 0x44, 0x45, 0x53, 0x20, 0x56, 0x4f, 0x4c, 
	0x41, 0x52, 0x20, 0x50, 0x4f, 0x52, 0x20, 0x4d, 0x49, 0x20, 0x43, 0x49, 0x52, 0x43, 0x55, 0x49, 
	0x54, 0x4f, 0x20, 0x44, 0x45, 0x20, 0x41, 0x4e, 0x49, 0x4c, 0x4c, 0x4f, 0x53, 0x20, 0x41, 0x4c, 
	0x52, 0x45, 0x44, 0x45, 0x44, 0x4f, 0x52, 0x20, 0x44, 0x45, 0x20, 0x45, 0x53, 0x54, 0x45, 0x20, 
	0xc1, 0x52, 0x42, 0x4f, 0x4c, 0x2e, 0xa1, 0x48, 0x55, 0x55, 0x21, 0x20, 0xa1, 0x48, 0x55, 0x55, 
	0x21, 0x20, 0xa1, 0x48, 0x55, 0x55, 0x21, 0x20, 0xa1, 0x56, 0x55, 0x45, 0x4c, 0x41, 0x53, 0x20, 
	0x43, 0x4f, 0x4d, 0x4f, 0x20, 0x55, 0x4e, 0x20, 0x50, 0xc1, 0x4a, 0x41, 0x52, 0x4f, 0x20, 0x42, 
	0x4f, 0x42, 0x4f, 0x21, 0xa1, 0x48, 0x55, 0x55, 0x21, 0x20, 0x53, 0x41, 0x42, 0xcd, 0x41, 0x20, 
	0x51, 0x55, 0x45, 0x20, 0x44, 0x45, 0x42, 0xcd, 0x41, 0x20, 0x48, 0x41, 0x42, 0x45, 0x52, 0x20, 
	0x48, 0x45, 0x43, 0x48, 0x4f, 0x20, 0x45, 0x4c, 0x20, 0x43, 0x49, 0x52, 0x43, 0x55, 0x49, 0x54, 
	0x4f, 0x20, 0x4d, 0xc1, 0x53, 0x20, 0x44, 0x55, 0x52, 0x4f, 0x2c, 0x20, 0x50, 0x45, 0x52, 0x4f, 
	0x20, 0x53, 0x55, 0x50, 0x4f, 0x4e, 0x47, 0x4f, 0x20, 0x51, 0x55, 0x45, 0x20, 0x48, 0x41, 0x53, 
	0x20, 0x47, 0x41, 0x4e, 0x41, 0x44, 0x4f, 0x20, 0x55, 0x4e, 0x20, 0x50, 0x52, 0x45, 0x4d, 0x49, 
	0x4f, 0x2e, 0x2e, 0x2e, 
};
u8 text_22[] = {
	0x5, 0x1, 0x1, 0x1, 0x0, 0x0, 0x0, 0x0, 0x0, 0x9c, 0x0, 0x0, 0x0, 0x0, 0x0, 0x0, 
	0x1, 0x1, 0x1, 0x0, 0x0, 0x0, 0x9c, 0x0, 0x84, 0x0, 0x0, 0x0, 0x0, 0x0, 0x0, 0x1, 
	0x1, 0x1, 0x0, 0x0, 0x1, 0x20, 0x0, 0x30, 0x0, 0x0, 0x0, 0x0, 0x0, 0x0, 0x1, 0x1, 
	0x1, 0x0, 0x0, 0x1, 0x50, 0x0, 0x2f, 0x0, 0x0, 0x0, 0x0, 0x0, 0x0, 0x1, 0x1, 0x2, 
	0x0, 0x0, 0x1, 0x7f, 0x0, 0x45, 0x0, 0x0, 0x0, 0x0, 0x1, 0xc4, 0x0, 0x2b, 0x0, 0x0, 
	0x0, 0x0, 0x0, 0x0, 0x1, 0xef, 0xa1, 0x50, 0x4f, 0x52, 0x20, 0x46, 0x41, 0x56, 0x4f, 0x52, 
	0x2c, 0x20, 0x41, 0x59, 0xda, 0x44, 0x41, 0x4d, 0x45, 0x21, 0x20, 0xa1, 0x45, 0x53, 0x4f, 0x53, 
	0x20, 0x48, 0x4f, 0x52, 0x52, 0x49, 0x42, 0x4c, 0x45, 0x53, 0x20, 0x54, 0x4f, 0x4d, 0x41, 0x54, 
	0x45, 0x53, 0x20, 0x53, 0x45, 0x20, 0x48, 0x41, 0x4e, 0x20, 0x43, 0x4f, 0x4d, 0x49, 0x44, 0x4f, 
	0x20, 0x41, 0x20, 0x54, 0x4f, 0x44, 0x41, 0x53, 0x20, 0x4d, 0x49, 0x53, 0x20, 0x41, 0x4d, 0x49, 
	0x47, 0x41, 0x53, 0x20, 0x59, 0x20, 0x53, 0xd3, 0x4c, 0x4f, 0x20, 0x51, 0x55, 0x45, 0x44, 0x4f, 
	0x20, 0x59, 0x4f, 0x21, 0x20, 0x4c, 0x45, 0x20, 0x44, 0x41, 0x52, 0xc9, 0x20, 0x55, 0x4e, 0x41, 
	0x20, 0x48, 0x45, 0x52, 0x4d, 0x4f, 0x53, 0x41, 0x20, 0x42, 0x41, 0x4e, 0x41, 0x4e, 0x41, 0x20, 
	0x41, 0x20, 0x51, 0x55, 0x49, 0x45, 0x4e, 0x20, 0x4c, 0x45, 0x53, 0x20, 0x41, 0x52, 0x52, 0x45, 
	0x47, 0x4c, 0x45, 0x20, 0x4c, 0x41, 0x53, 0x20, 0x43, 0x55, 0x45, 0x4e, 0x54, 0x41, 0x53, 0x2e, 
	0x2e, 0x2e, 0xa1, 0x4f, 0x48, 0x2c, 0x20, 0x51, 0x55, 0xc9, 0x20, 0x41, 0x4c, 0x49, 0x56, 0x49, 
	0x4f, 0x21, 0x20, 0x59, 0x41, 0x20, 0x4e, 0x4f, 0x20, 0x4d, 0x45, 0x20, 0x47, 0x55, 0x53, 0x54, 
	0x41, 0x20, 0x45, 0x53, 0x54, 0x41, 0x52, 0x20, 0x41, 0x51, 0x55, 0xcd, 0x2c, 0x20, 0xbf, 0x53, 
	0x41, 0x42, 0x45, 0x53, 0x3f, 0x2c, 0x20, 0x53, 0x49, 0x45, 0x4d, 0x50, 0x52, 0x45, 0x20, 0x45, 
	0x53, 0x54, 0xc1, 0x20, 0x4c, 0x4c, 0x4f, 0x56, 0x49, 0x45, 0x4e, 0x44, 0x4f, 0x2e, 0x20, 0xa1, 
	0x4c, 0x4c, 0xc9, 0x56, 0x41, 0x4d, 0x45, 0x20, 0x41, 0x20, 0x55, 0x4e, 0x20, 0x42, 0x4f, 0x4e, 
	0x49, 0x54, 0x4f, 0x20, 0x53, 0x49, 0x54, 0x49, 0x4f, 0x20, 0x53, 0x4f, 0x4c, 0x45, 0x41, 0x44, 
	0x4f, 0x20, 0x59, 0x20, 0x4c, 0x41, 0x20, 0x42, 0x41, 0x4e, 0x41, 0x4e, 0x41, 0x20, 0x45, 0x53, 
	0x20, 0x54, 0x55, 0x59, 0x41, 0x21, 0xa1, 0x54, 0x45, 0x4e, 0x20, 0x43, 0x55, 0x49, 0x44, 0x41, 
	0x44, 0x4f, 0x20, 0x41, 0x48, 0x4f, 0x52, 0x41, 0x2c, 0x20, 0x43, 0x48, 0x55, 0x4e, 0x4b, 0x59, 
	0x21, 0x20, 0xa1, 0x4e, 0x4f, 0x20, 0x51, 0x55, 0x49, 0x45, 0x52, 0x4f, 0x20, 0x41, 0x52, 0x41, 
	0xd1, 0x41, 0x52, 0x4d, 0x45, 0x21, 0xa1, 0x4e, 0x4f, 0x2c, 0x20, 0x4e, 0x4f, 0x2c, 0x20, 0x4e, 
	0x4f, 0x21, 0x20, 0xa1, 0x45, 0x53, 0x54, 0x45, 0x20, 0x4c, 0x55, 0x47, 0x41, 0x52, 0x20, 0x4e, 
	0x4f, 0x20, 0x53, 0x45, 0x52, 0x56, 0x49, 0x52, 0xc1, 0x2c, 0x20, 0x4d, 0x45, 0x4e, 0x54, 0x45, 
	0x43, 0x41, 0x54, 0x4f, 0x21, 0xa1, 0x56, 0x41, 0x59, 0x41, 0x2c, 0x20, 0xc9, 0x53, 0x54, 0x41, 
	0x20, 0x45, 0x53, 0x20, 0x55, 0x4e, 0x41, 0x20, 0x5a, 0x4f, 0x4e, 0x41, 0x20, 0x42, 0x4f, 0x4e, 
	0x49, 0x54, 0x41, 0x21, 0x20, 0xa1, 0x4d, 0x45, 0x20, 0x45, 0x4e, 0x43, 0x41, 0x4e, 0x54, 0x41, 
	0x52, 0xcd, 0x41, 0x20, 0x51, 0x55, 0x45, 0x44, 0x41, 0x52, 0x4d, 0x45, 0x20, 0x41, 0x20, 0x56, 
	0x49, 0x56, 0x49, 0x52, 0x20, 0x41, 0x51, 0x55, 0xcd, 0x21, 0xbf, 0x4c, 0x41, 0x20, 0x42, 0x41, 
	0x4e, 0x41, 0x4e, 0x41, 0x2c, 0x20, 0x44, 0x49, 0x43, 0x45, 0x53, 0x3f, 0x20, 0x43, 0x4c, 0x41, 
	0x52, 0x4f, 0x2c, 0x20, 0x41, 0x51, 0x55, 0xcd, 0x20, 0x4c, 0x41, 0x20, 0x54, 0x49, 0x45, 0x4e, 
	0x45, 0x53, 0x2e, 0x2e, 0x2e, 
};
u8 text_23[] = {
	0x4, 0x1, 0x1, 0x2, 0x0, 0x0, 0x0, 0x0, 0x0, 0x7c, 0x0, 0x0, 0x0, 0x0, 0x0, 0x7c, 
	0x0, 0x3d, 0x0, 0x0, 0x0, 0x0, 0x0, 0x0, 0x1, 0x1, 0x1, 0x0, 0x0, 0x0, 0xb9, 0x0, 
	0x52, 0x0, 0x0, 0x0, 0x0, 0x0, 0x0, 0x1, 0x1, 0x1, 0x0, 0x0, 0x1, 0xb, 0x0, 0x4b, 
	0x0, 0x0, 0x0, 0x0, 0x0, 0x0, 0x1, 0x1, 0x1, 0x0, 0x0, 0x1, 0x56, 0x0, 0x5d, 0x0, 
	0x0, 0x0, 0x0, 0x0, 0x0, 0x1, 0xb3, 0xbf, 0x54, 0x45, 0x20, 0x4c, 0x4f, 0x20, 0x50, 0x55, 
	0x45, 0x44, 0x45, 0x53, 0x20, 0x43, 0x52, 0x45, 0x45, 0x52, 0x2c, 0x20, 0x54, 0x49, 0x4e, 0x59, 
	0x3f, 0x20, 0xa1, 0x4c, 0x4f, 0x53, 0x20, 0x52, 0x45, 0x50, 0x54, 0x49, 0x4c, 0x45, 0x53, 0x20, 
	0x48, 0x41, 0x4e, 0x20, 0x52, 0x4f, 0x42, 0x41, 0x44, 0x4f, 0x20, 0x4d, 0x49, 0x53, 0x20, 0x50, 
	0x52, 0x45, 0x43, 0x49, 0x4f, 0x53, 0x41, 0x53, 0x20, 0x50, 0x45, 0x52, 0x4c, 0x41, 0x53, 0x20, 
	0x59, 0x20, 0x4c, 0x41, 0x53, 0x20, 0x48, 0x41, 0x4e, 0x20, 0x45, 0x4e, 0x43, 0x45, 0x52, 0x52, 
	0x41, 0x44, 0x4f, 0x20, 0x45, 0x4e, 0x20, 0x55, 0x4e, 0x20, 0x47, 0x49, 0x47, 0x41, 0x4e, 0x54, 
	0x45, 0x20, 0x43, 0x4f, 0x46, 0x52, 0x45, 0x20, 0x44, 0x45, 0x4c, 0x20, 0x54, 0x45, 0x53, 0x4f, 
	0x52, 0x4f, 0x21, 0x53, 0xc9, 0x20, 0x51, 0x55, 0x45, 0x20, 0x45, 0x53, 0x54, 0xc1, 0x53, 0x20, 
	0x4d, 0x55, 0x59, 0x20, 0x4f, 0x43, 0x55, 0x50, 0x41, 0x44, 0x41, 0x2c, 0x20, 0x50, 0x45, 0x52, 
	0x4f, 0x20, 0x49, 0x4e, 0x54, 0x45, 0x4e, 0x54, 0x41, 0x20, 0x54, 0x52, 0x41, 0xc9, 0x52, 0x4d, 
	0x45, 0x4c, 0x41, 0x53, 0x2c, 0x20, 0x50, 0x4f, 0x52, 0x20, 0x46, 0x41, 0x56, 0x4f, 0x52, 0x2e, 
	0xa1, 0x4f, 0x48, 0x2c, 0x20, 0x4d, 0x49, 0x53, 0x20, 0x45, 0x4e, 0x43, 0x41, 0x4e, 0x54, 0x41, 
	0x44, 0x4f, 0x52, 0x41, 0x53, 0x20, 0x50, 0x45, 0x52, 0x4c, 0x41, 0x53, 0x21, 0x20, 0x45, 0x53, 
	0x50, 0x45, 0x52, 0x4f, 0x20, 0x51, 0x55, 0x45, 0x20, 0x45, 0x53, 0x54, 0x41, 0x20, 0x42, 0x41, 
	0x4e, 0x41, 0x4e, 0x41, 0x20, 0x44, 0x4f, 0x52, 0x41, 0x44, 0x41, 0x20, 0x53, 0x49, 0x52, 0x56, 
	0x41, 0x20, 0x43, 0x4f, 0x4d, 0x4f, 0x20, 0x52, 0x45, 0x43, 0x4f, 0x4d, 0x50, 0x45, 0x4e, 0x53, 
	0x41, 0x21, 0xa1, 0x53, 0x49, 0x47, 0x55, 0x45, 0x20, 0x49, 0x4e, 0x54, 0x45, 0x4e, 0x54, 0xc1, 
	0x4e, 0x44, 0x4f, 0x4c, 0x4f, 0x2c, 0x20, 0x54, 0x49, 0x4e, 0x59, 0x21, 0x20, 0x45, 0x53, 0x54, 
	0x4f, 0x59, 0x20, 0x53, 0x45, 0x47, 0x55, 0x52, 0x4f, 0x20, 0x44, 0x45, 0x20, 0x51, 0x55, 0x45, 
	0x20, 0x48, 0x41, 0x42, 0xcd, 0x41, 0x20, 0x43, 0x49, 0x4e, 0x43, 0x4f, 0x20, 0x50, 0x45, 0x52, 
	0x4c, 0x41, 0x53, 0x20, 0x50, 0x45, 0x52, 0x44, 0x49, 0x44, 0x41, 0x53, 0x2e, 0x4d, 0x49, 0x53, 
	0x20, 0x50, 0x45, 0x52, 0x4c, 0x41, 0x53, 0x20, 0x45, 0x53, 0x54, 0xc1, 0x4e, 0x20, 0x41, 0x20, 
	0x53, 0x41, 0x4c, 0x56, 0x4f, 0x20, 0x41, 0x48, 0x4f, 0x52, 0x41, 0x2c, 0x20, 0x50, 0x45, 0x52, 
	0x4f, 0x20, 0x53, 0x45, 0x47, 0x55, 0x52, 0x4f, 0x20, 0x51, 0x55, 0x45, 0x20, 0x4c, 0x41, 0x53, 
	0x20, 0x56, 0x55, 0x45, 0x4c, 0x56, 0x45, 0x4e, 0x20, 0x41, 0x20, 0x52, 0x4f, 0x42, 0x41, 0x52, 
	0x20, 0x45, 0x53, 0x4f, 0x53, 0x20, 0x52, 0x45, 0x50, 0x54, 0x49, 0x4c, 0x45, 0x53, 0x20, 0x4c, 
	0x41, 0x44, 0x52, 0x4f, 0x4e, 0x45, 0x53, 0x2e, 0x2e, 0x2e, 
};
u8 text_24[] = {
	0x2, 0x1, 0x1, 0x1, 0x0, 0x0, 0x0, 0x0, 0x0, 0x4c, 0x0, 0x0, 0x0, 0x0, 0x0, 0x0, 
	0x1, 0x1, 0x2, 0x0, 0x0, 0x0, 0x4c, 0x0, 0x5f, 0x0, 0x0, 0x0, 0x0, 0x0, 0xab, 0x0, 
	0x41, 0x0, 0x0, 0x0, 0x0, 0x0, 0x0, 0x0, 0xec, 0xa1, 0x43, 0xc1, 0x53, 0x50, 0x49, 0x54, 
	0x41, 0x21, 0x20, 0xbf, 0x51, 0x55, 0xc9, 0x20, 0x51, 0x55, 0x45, 0x52, 0xcd, 0x41, 0x20, 0x44, 
	0x45, 0x43, 0x49, 0x52, 0x20, 0x43, 0x52, 0x41, 0x4e, 0x4b, 0x59, 0x20, 0x43, 0x4f, 0x4e, 0x20, 
	0x45, 0x4e, 0x54, 0x52, 0x45, 0x4e, 0x41, 0x4d, 0x49, 0x45, 0x4e, 0x54, 0x4f, 0x3f, 0x20, 0x44, 
	0x4f, 0x4e, 0x4b, 0x45, 0x59, 0x20, 0x45, 0x53, 0x54, 0xc1, 0x20, 0x43, 0x4f, 0x4e, 0x46, 0x55, 
	0x53, 0x4f, 0x2e, 0x2e, 0x2e, 0xa1, 0x43, 0xc1, 0x53, 0x50, 0x49, 0x54, 0x41, 0x21, 0x20, 0x44, 
	0x4f, 0x4e, 0x4b, 0x45, 0x59, 0x20, 0x4e, 0x4f, 0x20, 0x53, 0x45, 0x20, 0x4c, 0x4f, 0x20, 0x50, 
	0x55, 0x45, 0x44, 0x45, 0x20, 0x43, 0x52, 0x45, 0x45, 0x52, 0x2e, 0x20, 0xbf, 0x45, 0x4c, 0x20, 
	0x52, 0x45, 0x59, 0x20, 0x4b, 0x2e, 0x52, 0x4f, 0x4f, 0x4c, 0x3f, 0x20, 0xa1, 0x41, 0x43, 0x41, 
	0x42, 0x41, 0x4d, 0x4f, 0x53, 0x20, 0x43, 0x4f, 0x4e, 0x20, 0x4b, 0x2e, 0x52, 0x4f, 0x4f, 0x4c, 
	0x20, 0x45, 0x4e, 0x20, 0x45, 0x4c, 0x20, 0xda, 0x4c, 0x54, 0x49, 0x4d, 0x4f, 0x20, 0x4a, 0x55, 
	0x45, 0x47, 0x4f, 0x21, 0xa1, 0x4f, 0x48, 0x2c, 0x20, 0x4e, 0x4f, 0x21, 0x20, 0x41, 0x53, 0xcd, 
	0x20, 0x51, 0x55, 0x45, 0x20, 0x45, 0x53, 0x54, 0x4f, 0x20, 0x45, 0x53, 0x20, 0x4c, 0x4f, 0x20, 
	0x51, 0x55, 0x45, 0x20, 0x43, 0x52, 0x41, 0x4e, 0x4b, 0x59, 0x20, 0x51, 0x55, 0x49, 0x45, 0x52, 
	0x45, 0x20, 0x44, 0x45, 0x43, 0x49, 0x52, 0x20, 0x43, 0x4f, 0x4e, 0x20, 0x52, 0x45, 0x50, 0x54, 
	0x49, 0x4c, 0x2e, 0x2e, 0x2e, 
};
u8 text_25[] = {
	0x5, 0xa, 0x1, 0x1, 0x0, 0x0, 0x0, 0x0, 0x0, 0xe, 0x0, 0x0, 0x0, 0x0, 0x0, 0x0, 
	0x2, 0x1, 0x0, 0x70, 0x0, 0x0, 0x0, 0x0, 0x0, 0x0, 0x1, 0x1, 0x0, 0x0, 0x0, 0xe, 
	0x0, 0x33, 0x0, 0x0, 0x0, 0x0, 0x0, 0x0, 0x2, 0x1, 0x0, 0x6e, 0x0, 0x0, 0x0, 0x0, 
	0x0, 0x0, 0x1, 0x1, 0x0, 0x0, 0x0, 0x41, 0x0, 0x1, 0x0, 0x0, 0x0, 0x0, 0x0, 0x0, 
	0x2, 0x1, 0x0, 0x6f, 0x0, 0x0, 0x0, 0x0, 0x0, 0x0, 0x1, 0x1, 0x0, 0x0, 0x0, 0x42, 
	0x0, 0x24, 0x0, 0x0, 0x0, 0x0, 0x0, 0x0, 0x1, 0x1, 0x0, 0x0, 0x0, 0x66, 0x0, 0x6, 
	0x0, 0x0, 0x0, 0x0, 0x0, 0x0, 0x2, 0x1, 0x0, 0x70, 0x0, 0x0, 0x0, 0x0, 0x0, 0x0, 
	0x1, 0x2, 0x0, 0x0, 0x0, 0x6c, 0x0, 0x2e, 0x0, 0x0, 0x0, 0x0, 0x0, 0x9a, 0x0, 0x3b, 
	0x0, 0x0, 0x0, 0x0, 0x0, 0x0, 0x7, 0x1, 0x1, 0x0, 0x0, 0x0, 0xd5, 0x0, 0xe, 0x0, 
	0x0, 0x0, 0x0, 0x0, 0x0, 0x2, 0x1, 0x0, 0x6e, 0x0, 0x0, 0x0, 0x0, 0x0, 0x0, 0x1, 
	0x1, 0x0, 0x0, 0x0, 0xe3, 0x0, 0x24, 0x0, 0x0, 0x0, 0x0, 0x0, 0x0, 0x2, 0x1, 0x0, 
	0x87, 0x0, 0x0, 0x0, 0x0, 0x0, 0x0, 0x1, 0x1, 0x0, 0x0, 0x1, 0x7, 0x0, 0x2f, 0x0, 
	0x0, 0x0, 0x0, 0x0, 0x0, 0x2, 0x1, 0x0, 0x70, 0x0, 0x0, 0x0, 0x0, 0x0, 0x0, 0x1, 
	0x2, 0x0, 0x0, 0x1, 0x36, 0x0, 0x17, 0x0, 0x0, 0x0, 0x0, 0x1, 0x4d, 0x0, 0x42, 0x0, 
	0x0, 0x0, 0x0, 0x0, 0x0, 0x5, 0x1, 0x1, 0x0, 0x0, 0x1, 0x8f, 0x0, 0x25, 0x0, 0x0, 
	0x0, 0x0, 0x0, 0x0, 0x2, 0x1, 0x0, 0x70, 0x0, 0x0, 0x0, 0x0, 0x0, 0x0, 0x1, 0x1, 
	0x0, 0x0, 0x1, 0xb4, 0x0, 0xe, 0x0, 0x0, 0x0, 0x0, 0x0, 0x0, 0x2, 0x1, 0x0, 0x73, 
	0x0, 0x0, 0x0, 0x0, 0x0, 0x0, 0x1, 0x2, 0x0, 0x0, 0x1, 0xc2, 0x0, 0xf, 0x0, 0x0, 
	0x0, 0x0, 0x1, 0xd1, 0x0, 0x2e, 0x0, 0x0, 0x0, 0x0, 0x0, 0x0, 0x5, 0x1, 0x1, 0x0, 
	0x0, 0x1, 0xff, 0x0, 0xe, 0x0, 0x0, 0x0, 0x0, 0x0, 0x0, 0x2, 0x1, 0x0, 0x6f, 0x0, 
	0x0, 0x0, 0x0, 0x0, 0x0, 0x1, 0x1, 0x0, 0x0, 0x2, 0xd, 0x0, 0x1b, 0x0, 0x0, 0x0, 
	0x0, 0x0, 0x0, 0x2, 0x1, 0x0, 0x6f, 0x0, 0x0, 0x0, 0x0, 0x0, 0x0, 0x1, 0x2, 0x0, 
	0x0, 0x2, 0x28, 0x0, 0x17, 0x0, 0x0, 0x0, 0x0, 0x2, 0x3f, 0x0, 0x2e, 0x0, 0x0, 0x0, 
	0x0, 0x0, 0x0, 0x1, 0x1, 0x1, 0x0, 0x0, 0x2, 0x6d, 0x0, 0x47, 0x0, 0x0, 0x0, 0x0, 
	0x0, 0x0, 0x2, 0xb4, 0xa1, 0x53, 0x51, 0x55, 0x41, 0x4b, 0x57, 0x21, 0x20, 0x50, 0x55, 0x4c, 
	0x53, 0x41, 0x50, 0x41, 0x52, 0x41, 0x20, 0x53, 0x55, 0x4d, 0x45, 0x52, 0x47, 0x49, 0x52, 0x54, 
	0x45, 0x20, 0x45, 0x4e, 0x20, 0x45, 0x4c, 0x20, 0x41, 0x47, 0x55, 0x41, 0x2c, 0x20, 0x45, 0x4e, 
	0x54, 0x4f, 0x4e, 0x43, 0x45, 0x53, 0x20, 0x50, 0x55, 0x4c, 0x53, 0x41, 0x20, 0x59, 0x20, 0x4d, 
	0x41, 0x4e, 0x54, 0xc9, 0x4e, 0x4f, 0x50, 0x41, 0x52, 0x41, 0x20, 0x4e, 0x41, 0x44, 0x41, 0x52, 
	0x20, 0x41, 0x20, 0x44, 0x49, 0x46, 0x45, 0x52, 0x45, 0x4e, 0x54, 0x45, 0x53, 0x20, 0x56, 0x45, 
	0x4c, 0x4f, 0x43, 0x49, 0x44, 0x41, 0x44, 0x45, 0x53, 0x2e, 0x50, 0x55, 0x4c, 0x53, 0x41, 0x52, 
	0x41, 0x43, 0x54, 0x55, 0x41, 0x52, 0xc1, 0x20, 0x43, 0x4f, 0x4d, 0x4f, 0x20, 0x55, 0x4e, 0x20, 
	0x46, 0x52, 0x45, 0x4e, 0x4f, 0x20, 0x50, 0x41, 0x52, 0x41, 0x20, 0x50, 0x41, 0x52, 0x41, 0x52, 
	0x54, 0x45, 0x20, 0x45, 0x4e, 0x20, 0x45, 0x4c, 0x20, 0x41, 0x47, 0x55, 0x41, 0x2e, 0x50, 0x52, 
	0x55, 0xc9, 0x42, 0x41, 0x54, 0x45, 0x20, 0x41, 0x20, 0x54, 0x49, 0x20, 0x4d, 0x49, 0x53, 0x4d, 
	0x4f, 0x20, 0x52, 0x45, 0x43, 0x4f, 0x47, 0x49, 0x45, 0x4e, 0x44, 0x4f, 0x20, 0x4c, 0x41, 0x20, 
	0x4d, 0x4f, 0x4e, 0x45, 0x44, 0x41, 0x20, 0x44, 0x45, 0x4c, 0x20, 0x46, 0x4f, 0x4e, 0x44, 0x4f, 
	0x2e, 0x20, 0xa1, 0x42, 0x57, 0x41, 0x52, 0x4b, 0x21, 0xa1, 0x53, 0x51, 0x55, 0x41, 0x57, 0x4b, 
	0x21, 0x20, 0x50, 0x55, 0x4c, 0x53, 0x41, 0x50, 0x41, 0x52, 0x41, 0x20, 0x53, 0x41, 0x4c, 0x54, 
	0x41, 0x52, 0x20, 0x44, 0x45, 0x20, 0x55, 0x4e, 0x41, 0x20, 0x4c, 0x49, 0x41, 0x4e, 0x41, 0x20, 
	0x41, 0x20, 0x4c, 0x41, 0x20, 0x4f, 0x54, 0x52, 0x41, 0x20, 0x59, 0x50, 0x41, 0x52, 0x41, 0x20, 
	0x44, 0x41, 0x52, 0x54, 0x45, 0x20, 0x4c, 0x41, 0x20, 0x56, 0x55, 0x45, 0x4c, 0x54, 0x41, 0x20, 
	0x43, 0x55, 0x41, 0x4e, 0x44, 0x4f, 0x20, 0x45, 0x53, 0x54, 0xc9, 0x53, 0x20, 0x45, 0x4e, 0x20, 
	0x55, 0x4e, 0x41, 0x20, 0x4c, 0x49, 0x41, 0x4e, 0x41, 0x2e, 0x50, 0x41, 0x52, 0x41, 0x20, 0x43, 
	0x41, 0x45, 0x52, 0x20, 0x44, 0x45, 0x20, 0x55, 0x4e, 0x41, 0x20, 0x4c, 0x49, 0x41, 0x4e, 0x41, 
	0x2e, 0x41, 0x48, 0x4f, 0x52, 0x41, 0x20, 0x56, 0x45, 0x20, 0x59, 0x20, 0x52, 0x45, 0x43, 0x4f, 
	0x47, 0x45, 0x20, 0x4c, 0x41, 0x20, 0x4d, 0x4f, 0x4e, 0x45, 0x44, 0x41, 0x20, 0x51, 0x55, 0x45, 
	0x20, 0x45, 0x53, 0x54, 0xc1, 0x20, 0x44, 0x45, 0x54, 0x52, 0xc1, 0x53, 0x20, 0x44, 0x45, 0x20, 
	0x4c, 0x41, 0x53, 0x20, 0x4c, 0x49, 0x41, 0x4e, 0x41, 0x53, 0x2e, 0x20, 0xa1, 0x42, 0x57, 0x41, 
	0x52, 0x4b, 0x21, 0xa1, 0x53, 0x51, 0x55, 0x41, 0x57, 0x4b, 0x21, 0x20, 0x52, 0x45, 0x43, 0x4f, 
	0x47, 0x45, 0x20, 0x4c, 0x41, 0x53, 0x20, 0x4e, 0x41, 0x52, 0x41, 0x4e, 0x4a, 0x41, 0x53, 0x20, 
	0x59, 0x20, 0x4d, 0x41, 0x4e, 0x54, 0xc9, 0x4e, 0x45, 0x4e, 0x54, 0x4f, 0x4e, 0x43, 0x45, 0x53, 
	0x20, 0x50, 0x55, 0x4c, 0x53, 0x41, 0x50, 0x41, 0x52, 0x41, 0x20, 0x4c, 0x41, 0x4e, 0x5a, 0x41, 
	0x52, 0x4c, 0x41, 0x53, 0x2e, 0x4c, 0x41, 0x4e, 0x5a, 0x41, 0x20, 0x35, 0x20, 0x4e, 0x41, 0x52, 
	0x41, 0x4e, 0x4a, 0x41, 0x53, 0x20, 0x59, 0x20, 0x59, 0x41, 0x20, 0x4c, 0x4f, 0x20, 0x48, 0x41, 
	0x42, 0x52, 0xc1, 0x53, 0x20, 0x48, 0x45, 0x43, 0x48, 0x4f, 0x2e, 0x20, 0xa1, 0x42, 0x57, 0x41, 
	0x52, 0x4b, 0x21, 0xa1, 0x53, 0x51, 0x55, 0x41, 0x57, 0x4b, 0x21, 0x20, 0x50, 0x55, 0x4c, 0x53, 
	0x41, 0x50, 0x41, 0x52, 0x41, 0x20, 0x43, 0x4f, 0x47, 0x45, 0x52, 0x20, 0x55, 0x4e, 0x20, 0x42, 
	0x41, 0x52, 0x52, 0x49, 0x4c, 0x2c, 0x20, 0x50, 0x55, 0x4c, 0x53, 0x41, 0x44, 0x45, 0x20, 0x4e, 
	0x55, 0x45, 0x56, 0x4f, 0x20, 0x50, 0x41, 0x52, 0x41, 0x20, 0x4c, 0x41, 0x4e, 0x5a, 0x41, 0x52, 
	0x4c, 0x4f, 0x2e, 0x52, 0x45, 0x43, 0x4f, 0x47, 0x45, 0x20, 0x59, 0x20, 0x4c, 0x41, 0x4e, 0x5a, 
	0x41, 0x20, 0x35, 0x20, 0x42, 0x41, 0x52, 0x52, 0x49, 0x4c, 0x45, 0x53, 0x20, 0x50, 0x41, 0x52, 
	0x41, 0x20, 0x41, 0x43, 0x41, 0x42, 0x41, 0x52, 0x2e, 0x20, 0xa1, 0x42, 0x57, 0x41, 0x52, 0x4b, 
	0x21, 0xa1, 0x53, 0x51, 0x55, 0x41, 0x57, 0x4b, 0x21, 0x20, 0x44, 0x41, 0x54, 0x45, 0x20, 0x50, 
	0x52, 0x49, 0x53, 0x41, 0x2c, 0x20, 0x44, 0x4b, 0x2e, 0x20, 0xa1, 0x56, 0x45, 0x20, 0x50, 0x4f, 
	0x52, 0x20, 0x4c, 0x41, 0x20, 0x50, 0xd3, 0x43, 0x49, 0x4d, 0x41, 0x20, 0x44, 0x45, 0x20, 0x43, 
	0x52, 0x41, 0x4e, 0x4b, 0x59, 0x20, 0x59, 0x20, 0x56, 0xc1, 0x4d, 0x4f, 0x4e, 0x4f, 0x53, 0x21, 
	0x20, 0xa1, 0x42, 0x57, 0x41, 0x52, 0x4b, 0x21, 
};
u8 text_26[] = {
	0x1c, 0x1, 0x1, 0x1, 0x0, 0x0, 0x0, 0x0, 0x0, 0xc, 0x0, 0x0, 0x0, 0x0, 0x0, 0x0, 
	0x1, 0x1, 0x1, 0x0, 0x0, 0x0, 0xc, 0x0, 0xd, 0x0, 0x0, 0x0, 0x0, 0x0, 0x0, 0x1, 
	0x1, 0x1, 0x0, 0x0, 0x0, 0x19, 0x0, 0x5, 0x0, 0x0, 0x0, 0x0, 0x0, 0x0, 0x1, 0x1, 
	0x1, 0x0, 0x0, 0x0, 0x1e, 0x0, 0x4, 0x0, 0x0, 0x0, 0x0, 0x0, 0x0, 0x1, 0x1, 0x1, 
	0x0, 0x0, 0x0, 0x22, 0x0, 0x5, 0x0, 0x0, 0x0, 0x0, 0x0, 0x0, 0x1, 0x1, 0x1, 0x0, 
	0x0, 0x0, 0x27, 0x0, 0x10, 0x0, 0x0, 0x0, 0x0, 0x0, 0x0, 0x1, 0x1, 0x1, 0x0, 0x0, 
	0x0, 0x37, 0x0, 0x9, 0x0, 0x0, 0x0, 0x0, 0x0, 0x0, 0x1, 0x1, 0x1, 0x0, 0x0, 0x0, 
	0x40, 0x0, 0x10, 0x0, 0x0, 0x0, 0x0, 0x0, 0x0, 0x1, 0x1, 0x1, 0x0, 0x0, 0x0, 0x50, 
	0x0, 0xc, 0x0, 0x0, 0x0, 0x0, 0x0, 0x0, 0x1, 0x1, 0x1, 0x0, 0x0, 0x0, 0x5c, 0x0, 
	0x9, 0x0, 0x0, 0x0, 0x0, 0x0, 0x0, 0x1, 0x1, 0x1, 0x0, 0x0, 0x0, 0x65, 0x0, 0xd, 
	0x0, 0x0, 0x0, 0x0, 0x0, 0x0, 0x1, 0x1, 0x1, 0x0, 0x0, 0x0, 0x72, 0x0, 0x1b, 0x0, 
	0x0, 0x0, 0x0, 0x0, 0x0, 0x1, 0x1, 0x1, 0x0, 0x0, 0x0, 0x8d, 0x0, 0x14, 0x0, 0x0, 
	0x0, 0x0, 0x0, 0x0, 0x1, 0x1, 0x1, 0x0, 0x0, 0x0, 0xa1, 0x0, 0x16, 0x0, 0x0, 0x0, 
	0x0, 0x0, 0x0, 0x1, 0x1, 0x1, 0x0, 0x0, 0x0, 0xb7, 0x0, 0x11, 0x0, 0x0, 0x0, 0x0, 
	0x0, 0x0, 0x1, 0x1, 0x1, 0x0, 0x0, 0x0, 0xc8, 0x0, 0x13, 0x0, 0x0, 0x0, 0x0, 0x0, 
	0x0, 0x1, 0x1, 0x1, 0x0, 0x0, 0x0, 0xdb, 0x0, 0x11, 0x0, 0x0, 0x0, 0x0, 0x0, 0x0, 
	0x1, 0x1, 0x1, 0x0, 0x0, 0x0, 0xec, 0x0, 0x12, 0x0, 0x0, 0x0, 0x0, 0x0, 0x0, 0x1, 
	0x1, 0x1, 0x0, 0x0, 0x0, 0xfe, 0x0, 0x14, 0x0, 0x0, 0x0, 0x0, 0x0, 0x0, 0x1, 0x1, 
	0x1, 0x0, 0x0, 0x1, 0x12, 0x0, 0xf, 0x0, 0x0, 0x0, 0x0, 0x0, 0x0, 0x1, 0x1, 0x1, 
	0x0, 0x0, 0x1, 0x21, 0x0, 0xd, 0x0, 0x0, 0x0, 0x0, 0x0, 0x0, 0x1, 0x1, 0x1, 0x0, 
	0x0, 0x1, 0x2e, 0x0, 0xd, 0x0, 0x0, 0x0, 0x0, 0x0, 0x0, 0x1, 0x1, 0x1, 0x0, 0x0, 
	0x1, 0x3b, 0x0, 0x10, 0x0, 0x0, 0x0, 0x0, 0x0, 0x0, 0x1, 0x1, 0x1, 0x0, 0x0, 0x1, 
	0x4b, 0x0, 0x18, 0x0, 0x0, 0x0, 0x0, 0x0, 0x0, 0x1, 0x1, 0x1, 0x0, 0x0, 0x1, 0x63, 
	0x0, 0x6, 0x0, 0x0, 0x0, 0x0, 0x0, 0x0, 0x1, 0x1, 0x1, 0x0, 0x0, 0x1, 0x69, 0x0, 
	0x3, 0x0, 0x0, 0x0, 0x0, 0x0, 0x0, 0x1, 0x1, 0x1, 0x0, 0x0, 0x1, 0x6c, 0x0, 0xc, 
	0x0, 0x0, 0x0, 0x0, 0x0, 0x0, 0x1, 0x1, 0x1, 0x0, 0x0, 0x1, 0x78, 0x0, 0x5, 0x0, 
	0x0, 0x0, 0x0, 0x0, 0x0, 0x1, 0x7d, 0xa1, 0x42, 0x49, 0x45, 0x4e, 0x20, 0x48, 0x45, 0x43, 
	0x48, 0x4f, 0x21, 0xa1, 0x4d, 0x41, 0x4c, 0x41, 0x20, 0x53, 0x55, 0x45, 0x52, 0x54, 0x45, 0x21, 
	0x4c, 0x4f, 0x47, 0x52, 0x41, 0x43, 0x4f, 0x47, 0x45, 0x53, 0x41, 0x4c, 0x56, 0x41, 0xa1, 0x54, 
	0x49, 0x45, 0x4d, 0x50, 0x4f, 0x20, 0x41, 0x47, 0x4f, 0x54, 0x41, 0x44, 0x4f, 0x21, 0xa1, 0x52, 
	0x45, 0x43, 0x41, 0x52, 0x47, 0x41, 0x21, 0xa1, 0x53, 0x49, 0x47, 0x55, 0x45, 0x20, 0x41, 0x44, 
	0x45, 0x4c, 0x41, 0x4e, 0x54, 0x45, 0x21, 0xa1, 0x44, 0x41, 0x54, 0x45, 0x20, 0x50, 0x52, 0x49, 
	0x53, 0x41, 0x21, 0xa1, 0x53, 0x4f, 0x43, 0x4f, 0x52, 0x52, 0x4f, 0x21, 0xa1, 0x45, 0x4e, 0x48, 
	0x4f, 0x52, 0x41, 0x42, 0x55, 0x45, 0x4e, 0x41, 0x21, 0xa1, 0x42, 0x49, 0x45, 0x4e, 0x21, 0x20, 
	0xa1, 0x53, 0x49, 0x47, 0x55, 0x45, 0x20, 0x49, 0x4e, 0x54, 0x45, 0x4e, 0x54, 0xc1, 0x4e, 0x44, 
	0x4f, 0x4c, 0x4f, 0x21, 0xa1, 0x53, 0x49, 0x47, 0x55, 0x45, 0x20, 0x49, 0x4e, 0x54, 0x45, 0x4e, 
	0x54, 0xc1, 0x4e, 0x44, 0x4f, 0x4c, 0x4f, 0x21, 0xa1, 0x51, 0x55, 0x49, 0x5a, 0xc1, 0x20, 0x4c, 
	0x41, 0x20, 0x50, 0x52, 0xd3, 0x58, 0x49, 0x4d, 0x41, 0x20, 0x56, 0x45, 0x5a, 0x21, 0xa1, 0x4d, 
	0x45, 0x54, 0x41, 0x20, 0x43, 0x4f, 0x4e, 0x53, 0x45, 0x47, 0x55, 0x49, 0x44, 0x41, 0x21, 0xa1, 
	0x46, 0x41, 0x4c, 0x54, 0x41, 0x4e, 0x20, 0x40, 0x20, 0x45, 0x4e, 0x45, 0x4d, 0x49, 0x47, 0x4f, 
	0x53, 0x21, 0xa1, 0x46, 0x41, 0x4c, 0x54, 0x41, 0x20, 0x31, 0x20, 0x45, 0x4e, 0x45, 0x4d, 0x49, 
	0x47, 0x4f, 0x21, 0x40, 0x20, 0xa1, 0x46, 0x41, 0x4c, 0x54, 0x41, 0x4e, 0x20, 0x4d, 0x4f, 0x4e, 
	0x45, 0x44, 0x41, 0x53, 0x21, 0xa1, 0x41, 0xda, 0x4e, 0x20, 0x46, 0x41, 0x4c, 0x54, 0x41, 0x20, 
	0x31, 0x20, 0x4d, 0x4f, 0x4e, 0x45, 0x44, 0x41, 0x21, 0xa1, 0x54, 0x45, 0x20, 0x48, 0x41, 0x4e, 
	0x20, 0x43, 0x4f, 0x47, 0x49, 0x44, 0x4f, 0x21, 0xa1, 0x54, 0x45, 0x20, 0x48, 0x41, 0x4e, 0x20, 
	0x44, 0x41, 0x44, 0x4f, 0x21, 0xa1, 0x42, 0x49, 0x45, 0x4e, 0x20, 0x4a, 0x55, 0x47, 0x41, 0x44, 
	0x4f, 0x21, 0xa1, 0x54, 0x49, 0x45, 0x4d, 0x50, 0x4f, 0x20, 0x41, 0x47, 0x4f, 0x54, 0x41, 0x44, 
	0x4f, 0x21, 0xa1, 0x49, 0x4e, 0x54, 0x45, 0x52, 0x52, 0x55, 0x50, 0x54, 0x4f, 0x52, 0x20, 0x4e, 
	0x4f, 0x20, 0x50, 0x55, 0x4c, 0x53, 0x41, 0x44, 0x4f, 0x21, 0x50, 0x55, 0x4e, 0x54, 0x4f, 0x53, 
	0x4d, 0xc1, 0x53, 0x56, 0x55, 0x45, 0x4c, 0x54, 0x41, 0x20, 0x42, 0x4f, 0x4e, 0x55, 0x53, 0x43, 
	0x4f, 0x4d, 0x42, 0x4f, 
};
u8 text_27[] = {
	0x4, 0x1, 0x1, 0x4, 0x0, 0x0, 0x0, 0x0, 0x0, 0x75, 0x0, 0x0, 0x0, 0x0, 0x0, 0x75, 
	0x0, 0x5d, 0x0, 0x0, 0x0, 0x0, 0x0, 0xd2, 0x0, 0x6e, 0x0, 0x0, 0x0, 0x0, 0x1, 0x40, 
	0x0, 0x35, 0x0, 0x0, 0x0, 0x0, 0x0, 0x0, 0x1, 0x1, 0x1, 0x0, 0x0, 0x1, 0x75, 0x0, 
	0x64, 0x0, 0x0, 0x0, 0x0, 0x0, 0x0, 0x1, 0x1, 0x1, 0x0, 0x0, 0x1, 0xd9, 0x0, 0x28, 
	0x0, 0x0, 0x0, 0x0, 0x0, 0x0, 0x1, 0x1, 0x3, 0x0, 0x0, 0x2, 0x1, 0x0, 0x78, 0x0, 
	0x0, 0x0, 0x0, 0x2, 0x79, 0x0, 0x6f, 0x0, 0x0, 0x0, 0x0, 0x2, 0xe8, 0x0, 0x42, 0x0, 
	0x0, 0x0, 0x0, 0x0, 0x0, 0x3, 0x2a, 0xa1, 0x42, 0x55, 0x2c, 0x20, 0x4a, 0x4f, 0x2c, 0x20, 
	0x4a, 0x4f, 0x21, 0x20, 0x41, 0x48, 0x2c, 0x20, 0x48, 0x4f, 0x4c, 0x41, 0x2e, 0x20, 0x4d, 0x49, 
	0x20, 0x4e, 0x4f, 0x4d, 0x42, 0x52, 0x45, 0x20, 0x45, 0x53, 0x20, 0x4b, 0x2e, 0x4c, 0x55, 0x4d, 
	0x53, 0x59, 0x20, 0x59, 0x20, 0x48, 0x45, 0x20, 0x53, 0x49, 0x44, 0x4f, 0x20, 0x45, 0x4e, 0x43, 
	0x45, 0x52, 0x52, 0x41, 0x44, 0x4f, 0x20, 0x41, 0x51, 0x55, 0xcd, 0x20, 0x50, 0x4f, 0x52, 0x51, 
	0x55, 0x45, 0x20, 0x4e, 0x4f, 0x20, 0x51, 0x55, 0x49, 0x53, 0x45, 0x20, 0x41, 0x50, 0x4c, 0x41, 
	0x53, 0x54, 0x41, 0x52, 0x20, 0x41, 0x4c, 0x47, 0x55, 0x4e, 0x41, 0x53, 0x20, 0x50, 0x45, 0x51, 
	0x55, 0x45, 0xd1, 0x41, 0x53, 0x20, 0x49, 0x53, 0x4c, 0x41, 0x53, 0x2e, 0xbf, 0x50, 0x45, 0x52, 
	0x4f, 0x20, 0x43, 0xd3, 0x4d, 0x4f, 0x20, 0x50, 0x4f, 0x44, 0x52, 0xcd, 0x41, 0x3f, 0x20, 0x55, 
	0x4e, 0x41, 0x53, 0x20, 0x49, 0x53, 0x4c, 0x41, 0x53, 0x20, 0x54, 0x41, 0x4e, 0x20, 0x45, 0x4e, 
	0x43, 0x41, 0x4e, 0x54, 0x41, 0x44, 0x4f, 0x52, 0x41, 0x53, 0x2c, 0x20, 0x4c, 0x4c, 0x45, 0x4e, 
	0x41, 0x53, 0x20, 0x44, 0x45, 0x20, 0x42, 0x4f, 0x4e, 0x49, 0x54, 0x4f, 0x53, 0x20, 0x4d, 0x4f, 
	0x4e, 0x4f, 0x53, 0x2e, 0x20, 0x41, 0x53, 0xcd, 0x20, 0x51, 0x55, 0x45, 0x20, 0x44, 0x49, 0x4a, 
	0x45, 0x20, 0x51, 0x55, 0x45, 0x20, 0x4e, 0x4f, 0x2e, 0x53, 0x4e, 0x49, 0x46, 0x2e, 0x2e, 0x2e, 
	0x20, 0x4b, 0x2e, 0x52, 0x4f, 0x4f, 0x4c, 0x20, 0x44, 0x49, 0x43, 0x45, 0x20, 0x51, 0x55, 0x45, 
	0x20, 0x53, 0x4f, 0x59, 0x20, 0x44, 0x45, 0x4d, 0x41, 0x53, 0x49, 0x41, 0x44, 0x4f, 0x20, 0x42, 
	0x55, 0x45, 0x4e, 0x4f, 0x20, 0x50, 0x41, 0x52, 0x41, 0x20, 0x53, 0x45, 0x52, 0x20, 0x55, 0x4e, 
	0x20, 0x4b, 0x52, 0x45, 0x4d, 0x4c, 0x49, 0x4e, 0x47, 0x20, 0x59, 0x20, 0x4d, 0x45, 0x20, 0x51, 
	0x55, 0x45, 0x44, 0x41, 0x52, 0xc9, 0x20, 0x41, 0x51, 0x55, 0xcd, 0x20, 0x48, 0x41, 0x53, 0x54, 
	0x41, 0x20, 0x51, 0x55, 0x45, 0x20, 0x4d, 0x45, 0x20, 0x48, 0x41, 0x47, 0x41, 0x20, 0x4d, 0xc1, 
	0x53, 0x20, 0x44, 0x55, 0x52, 0x4f, 0x2e, 0x53, 0x4f, 0x42, 0x2e, 0x2e, 0x2e, 0x20, 0x48, 0x41, 
	0x52, 0xcd, 0x41, 0x20, 0x43, 0x55, 0x41, 0x4c, 0x51, 0x55, 0x49, 0x45, 0x52, 0x20, 0x43, 0x4f, 
	0x53, 0x41, 0x20, 0x50, 0x4f, 0x52, 0x20, 0x53, 0x45, 0x52, 0x20, 0x4c, 0x49, 0x42, 0x52, 0x45, 
	0x20, 0x44, 0x45, 0x20, 0x4e, 0x55, 0x45, 0x56, 0x4f, 0x2e, 0x2e, 0x2e, 0x4f, 0x59, 0x45, 0x2c, 
	0x20, 0x4d, 0x4f, 0x4e, 0x49, 0x54, 0x4f, 0x2c, 0x20, 0x51, 0x55, 0x49, 0x5a, 0xc1, 0x20, 0x50, 
	0x55, 0x45, 0x44, 0x41, 0x53, 0x20, 0x41, 0x59, 0x55, 0x44, 0x41, 0x52, 0x20, 0x41, 0x4c, 0x20, 
	0x50, 0x4f, 0x42, 0x52, 0x45, 0x20, 0x56, 0x49, 0x45, 0x4a, 0x4f, 0x20, 0x4b, 0x2e, 0x4c, 0x55, 
	0x4d, 0x53, 0x59, 0x20, 0x41, 0x20, 0x45, 0x53, 0x43, 0x41, 0x50, 0x41, 0x52, 0x2e, 0x20, 0x4f, 
	0x48, 0x2c, 0x20, 0x56, 0x41, 0x4d, 0x4f, 0x53, 0x2c, 0x20, 0x53, 0x45, 0x52, 0xc9, 0x20, 0x54, 
	0x55, 0x20, 0x4d, 0x45, 0x4a, 0x4f, 0x52, 0x20, 0x41, 0x4d, 0x49, 0x47, 0x4f, 0x2e, 0x2e, 0x2e, 
	0xa1, 0x43, 0xc1, 0x53, 0x50, 0x49, 0x54, 0x41, 0x21, 0x20, 0xa1, 0x53, 0xcd, 0x2c, 0x20, 0x44, 
	0x4f, 0x4e, 0x4b, 0x45, 0x59, 0x20, 0x41, 0x59, 0x55, 0x44, 0x41, 0x52, 0xc1, 0x20, 0x41, 0x20, 
	0x4b, 0x2e, 0x4c, 0x55, 0x4d, 0x53, 0x59, 0x21, 0xa1, 0x4f, 0x48, 0x2c, 0x20, 0x4b, 0x2e, 0x4c, 
	0x55, 0x4d, 0x53, 0x59, 0x20, 0x45, 0x53, 0x20, 0x4d, 0x55, 0x59, 0x20, 0x46, 0x45, 0x4c, 0x49, 
	0x5a, 0x20, 0x41, 0x48, 0x4f, 0x52, 0x41, 0x21, 0x20, 0x50, 0x45, 0x52, 0x4f, 0x20, 0x4b, 0x2e, 
	0x52, 0x4f, 0x4f, 0x4c, 0x20, 0x43, 0x4f, 0x47, 0x49, 0xd3, 0x20, 0x4c, 0x41, 0x53, 0x20, 0x4c, 
	0x4c, 0x41, 0x56, 0x45, 0x53, 0x20, 0x44, 0x45, 0x20, 0x45, 0x53, 0x54, 0x41, 0x20, 0x4a, 0x41, 
	0x55, 0x4c, 0x41, 0x20, 0x59, 0x20, 0x53, 0x45, 0x20, 0x4c, 0x41, 0x53, 0x20, 0x44, 0x49, 0x4f, 
	0x20, 0x41, 0x20, 0x4c, 0x4f, 0x53, 0x20, 0x4d, 0x41, 0x59, 0x4f, 0x52, 0x45, 0x53, 0x20, 0x59, 
	0x20, 0x4d, 0xc1, 0x53, 0x20, 0x41, 0x54, 0x45, 0x52, 0x52, 0x41, 0x44, 0x4f, 0x52, 0x45, 0x53, 
	0x53, 0x4f, 0x4c, 0x44, 0x41, 0x44, 0x4f, 0x53, 0x20, 0x44, 0x45, 0x20, 0x53, 0x55, 0x20, 0x45, 
	0x4a, 0xc9, 0x52, 0x43, 0x49, 0x54, 0x4f, 0x2e, 0x20, 0x53, 0x49, 0x20, 0x43, 0x4f, 0x4e, 0x53, 
	0x49, 0x47, 0x55, 0x45, 0x53, 0x20, 0x4f, 0x42, 0x54, 0x45, 0x4e, 0x45, 0x52, 0x20, 0x41, 0x4c, 
	0x47, 0x55, 0x4e, 0x41, 0x20, 0x44, 0x45, 0x20, 0x45, 0x53, 0x54, 0x41, 0x53, 0x20, 0x4c, 0x4c, 
	0x41, 0x56, 0x45, 0x53, 0x2c, 0x20, 0x50, 0x4f, 0x52, 0x20, 0x46, 0x41, 0x56, 0x4f, 0x52, 0x20, 
	0x54, 0x52, 0xc1, 0x45, 0x4c, 0x41, 0x20, 0x50, 0x41, 0x52, 0x41, 0x20, 0x41, 0x42, 0x52, 0x49, 
	0x52, 0x20, 0x4c, 0x41, 0x20, 0x43, 0x45, 0x52, 0x52, 0x41, 0x44, 0x55, 0x52, 0x41, 0x2e, 0x4e, 
	0x4f, 0x20, 0x53, 0x45, 0x20, 0x4c, 0x4f, 0x20, 0x44, 0x49, 0x47, 0x41, 0x53, 0x20, 0x41, 0x20, 
	0x4b, 0x2e, 0x52, 0x4f, 0x4f, 0x4c, 0x2e, 0x2e, 0x2e, 0x20, 0xa1, 0x54, 0x49, 0x45, 0x4e, 0x45, 
	0x20, 0x51, 0x55, 0x45, 0x20, 0x53, 0x45, 0x52, 0x20, 0x4e, 0x55, 0x45, 0x53, 0x54, 0x52, 0x4f, 
	0x20, 0x50, 0x45, 0x51, 0x55, 0x45, 0xd1, 0x4f, 0x20, 0x53, 0x45, 0x43, 0x52, 0x45, 0x54, 0x4f, 
	0x21, 
};
u8 text_28[] = {
	0x3, 0x1, 0x1, 0x1, 0x0, 0x0, 0x0, 0x0, 0x0, 0x41, 0x0, 0x0, 0x0, 0x0, 0x0, 0x0, 
	0x1, 0x1, 0x1, 0x0, 0x0, 0x0, 0x41, 0x0, 0x76, 0x0, 0x0, 0x0, 0x0, 0x0, 0x0, 0xa, 
	0x1, 0x2, 0x0, 0x0, 0x0, 0xb7, 0x0, 0x52, 0x0, 0x0, 0x0, 0x0, 0x1, 0x9, 0x0, 0x47, 
	0x0, 0x0, 0x0, 0x0, 0x0, 0x0, 0x1, 0x1, 0x0, 0x0, 0x1, 0x50, 0x0, 0x5, 0x0, 0x0, 
	0x0, 0x0, 0x0, 0x0, 0x2, 0x1, 0x0, 0x70, 0x0, 0x0, 0x0, 0x0, 0x0, 0x0, 0x1, 0x1, 
	0x0, 0x0, 0x1, 0x55, 0x0, 0x23, 0x0, 0x0, 0x0, 0x0, 0x0, 0x0, 0x2, 0x1, 0x0, 0x6b, 
	0x0, 0x0, 0x0, 0x0, 0x0, 0x0, 0x1, 0x1, 0x0, 0x0, 0x1, 0x78, 0x0, 0x1a, 0x0, 0x0, 
	0x0, 0x0, 0x0, 0x0, 0x2, 0x1, 0x0, 0x87, 0x0, 0x0, 0x0, 0x0, 0x0, 0x0, 0x1, 0x1, 
	0x0, 0x0, 0x1, 0x92, 0x0, 0x16, 0x0, 0x0, 0x0, 0x0, 0x0, 0x0, 0x2, 0x1, 0x0, 0x6e, 
	0x0, 0x0, 0x0, 0x0, 0x0, 0x0, 0x1, 0x1, 0x0, 0x0, 0x1, 0xa8, 0x0, 0x1e, 0x0, 0x0, 
	0x0, 0x0, 0x0, 0x0, 0x1, 0xc6, 0xa1, 0x44, 0x49, 0x41, 0x4e, 0x54, 0x52, 0x45, 0x21, 0x20, 
	0xa1, 0x53, 0xd3, 0x4c, 0x4f, 0x20, 0x45, 0x4c, 0x20, 0x47, 0x52, 0x41, 0x4e, 0x20, 0x4d, 0x4f, 
	0x4e, 0x4f, 0x20, 0x51, 0x55, 0x45, 0x20, 0x4d, 0x45, 0x20, 0x48, 0x41, 0x20, 0x4c, 0x49, 0x42, 
	0x45, 0x52, 0x41, 0x44, 0x4f, 0x20, 0x54, 0x45, 0x4e, 0x44, 0x52, 0xc1, 0x20, 0x4d, 0x49, 0x20, 
	0x54, 0x45, 0x53, 0x4f, 0x52, 0x4f, 0x21, 0xa1, 0x44, 0x49, 0x41, 0x4e, 0x54, 0x52, 0x45, 0x2c, 
	0x20, 0x53, 0x45, 0x20, 0x4d, 0x45, 0x20, 0x45, 0x53, 0x54, 0x52, 0x45, 0x4d, 0x45, 0x43, 0x45, 
	0x4e, 0x20, 0x4c, 0x41, 0x53, 0x20, 0x41, 0x4c, 0x45, 0x54, 0x41, 0x53, 0x21, 0x20, 0xa1, 0x41, 
	0x51, 0x55, 0xcd, 0x20, 0x54, 0x49, 0x45, 0x4e, 0x45, 0x53, 0x2c, 0x20, 0x47, 0x52, 0x55, 0x4d, 
	0x45, 0x54, 0x45, 0x2c, 0x20, 0x55, 0x4e, 0x20, 0x50, 0x4f, 0x43, 0x4f, 0x20, 0x44, 0x45, 0x20, 
	0x4f, 0x52, 0x4f, 0x20, 0x44, 0x45, 0x20, 0x45, 0x53, 0x54, 0x45, 0x20, 0x56, 0x49, 0x45, 0x4a, 
	0x4f, 0x20, 0x4c, 0x4f, 0x42, 0x4f, 0x2c, 0x20, 0x44, 0x49, 0x47, 0x4f, 0x20, 0x46, 0x4f, 0x43, 
	0x41, 0x2c, 0x20, 0x44, 0x45, 0x20, 0x4d, 0x41, 0x52, 0x2e, 0x2e, 0x2e, 0x21, 0xa1, 0x44, 0x49, 
	0x41, 0x4e, 0x54, 0x52, 0x45, 0x21, 0x20, 0xbf, 0x50, 0x4f, 0x52, 0x20, 0x51, 0x55, 0xc9, 0x20, 
	0x4e, 0x4f, 0x20, 0x4e, 0x41, 0x56, 0x45, 0x47, 0x41, 0x53, 0x20, 0x50, 0x4f, 0x52, 0x20, 0x41, 
	0x51, 0x55, 0x45, 0x4c, 0x20, 0x54, 0xda, 0x4e, 0x45, 0x4c, 0x20, 0x59, 0x20, 0x54, 0x45, 0x20, 
	0x55, 0x4e, 0x45, 0x53, 0x20, 0x4d, 0xcd, 0x20, 0x45, 0x4e, 0x20, 0x55, 0x4e, 0x41, 0x20, 0x50, 
	0x45, 0x51, 0x55, 0x45, 0xd1, 0x41, 0x20, 0x43, 0x41, 0x52, 0x52, 0x45, 0x52, 0x41, 0x3f, 0x55, 
	0x4e, 0x20, 0x43, 0x4f, 0x46, 0x52, 0x45, 0x20, 0x44, 0x45, 0x20, 0x4f, 0x52, 0x4f, 0x20, 0x53, 
	0x49, 0x20, 0x47, 0x41, 0x4e, 0x41, 0x53, 0x20, 0x44, 0x4f, 0x53, 0x20, 0x56, 0x55, 0x45, 0x4c, 
	0x54, 0x41, 0x53, 0x20, 0x59, 0x20, 0x52, 0x45, 0x43, 0x4f, 0x47, 0x45, 0x53, 0x20, 0x31, 0x30, 
	0x20, 0x50, 0x49, 0x45, 0x5a, 0x41, 0x53, 0x20, 0x50, 0x4f, 0x52, 0x20, 0x45, 0x4c, 0x20, 0x43, 
	0x41, 0x4d, 0x49, 0x4e, 0x4f, 0x2e, 0x50, 0x55, 0x4c, 0x53, 0x41, 0x50, 0x41, 0x52, 0x41, 0x20, 
	0x53, 0x45, 0x4e, 0x54, 0x41, 0x52, 0x54, 0x45, 0x20, 0x45, 0x4e, 0x20, 0x4c, 0x41, 0x20, 0x42, 
	0x41, 0x52, 0x43, 0x41, 0x20, 0x59, 0x20, 0x55, 0x54, 0x49, 0x4c, 0x49, 0x5a, 0x41, 0x50, 0x41, 
	0x52, 0x41, 0x20, 0x4e, 0x41, 0x56, 0x45, 0x47, 0x41, 0x52, 0x20, 0x45, 0x4e, 0x20, 0x54, 0x55, 
	0x20, 0x47, 0x41, 0x4c, 0x45, 0xd3, 0x4e, 0x2e, 0x4c, 0x4f, 0x20, 0x47, 0x49, 0x52, 0x41, 0x20, 
	0x42, 0x52, 0x55, 0x53, 0x43, 0x41, 0x4d, 0x45, 0x4e, 0x54, 0x45, 0x2c, 0x20, 0x59, 0x54, 0x45, 
	0x20, 0x48, 0x41, 0x43, 0x45, 0x20, 0x42, 0x52, 0x49, 0x4e, 0x43, 0x41, 0x52, 0x20, 0x43, 0x4f, 
	0x4d, 0x4f, 0x20, 0x55, 0x4e, 0x41, 0x20, 0x46, 0x4f, 0x43, 0x41, 0x2e, 
};
u8 text_29[] = {
	0xa, 0x1, 0x1, 0x3, 0x0, 0x0, 0x0, 0x0, 0x0, 0x62, 0x0, 0x0, 0x0, 0x0, 0x0, 0x62, 
	0x0, 0x65, 0x0, 0x0, 0x0, 0x0, 0x0, 0xc7, 0x0, 0x67, 0x0, 0x0, 0x0, 0x0, 0x0, 0x0, 
	0x1, 0x1, 0x1, 0x0, 0x0, 0x1, 0x2e, 0x0, 0x43, 0x0, 0x0, 0x0, 0x0, 0x0, 0x0, 0x1, 
	0x1, 0x1, 0x0, 0x0, 0x1, 0x71, 0x0, 0x3d, 0x0, 0x0, 0x0, 0x0, 0x0, 0x0, 0x1, 0x1, 
	0x2, 0x0, 0x0, 0x1, 0xae, 0x0, 0x4d, 0x0, 0x0, 0x0, 0x0, 0x1, 0xfb, 0x0, 0x24, 0x0, 
	0x0, 0x0, 0x0, 0x0, 0x0, 0x1, 0x1, 0x2, 0x0, 0x0, 0x2, 0x1f, 0x0, 0x38, 0x0, 0x0, 
	0x0, 0x0, 0x2, 0x57, 0x0, 0x4b, 0x0, 0x0, 0x0, 0x0, 0x0, 0x0, 0x1, 0x1, 0x3, 0x0, 
	0x0, 0x2, 0xa2, 0x0, 0x67, 0x0, 0x0, 0x0, 0x0, 0x3, 0x9, 0x0, 0x21, 0x0, 0x0, 0x0, 
	0x0, 0x3, 0x2a, 0x0, 0x1c, 0x0, 0x0, 0x0, 0x0, 0x0, 0x0, 0x1, 0x1, 0x1, 0x0, 0x0, 
	0x3, 0x46, 0x0, 0x74, 0x0, 0x0, 0x0, 0x0, 0x0, 0x0, 0x1, 0x1, 0x2, 0x0, 0x0, 0x3, 
	0xba, 0x0, 0x51, 0x0, 0x0, 0x0, 0x0, 0x4, 0xb, 0x0, 0x5f, 0x0, 0x0, 0x0, 0x0, 0x0, 
	0x0, 0x1, 0x1, 0x3, 0x0, 0x0, 0x4, 0x6a, 0x0, 0x60, 0x0, 0x0, 0x0, 0x0, 0x4, 0xca, 
	0x0, 0xab, 0x0, 0x0, 0x0, 0x0, 0x5, 0x75, 0x0, 0x55, 0x0, 0x0, 0x0, 0x0, 0x0, 0x0, 
	0x1, 0x1, 0x2, 0x0, 0x0, 0x5, 0xca, 0x0, 0x48, 0x0, 0x0, 0x0, 0x0, 0x6, 0x12, 0x0, 
	0x18, 0x0, 0x0, 0x0, 0x0, 0x0, 0x0, 0x6, 0x2a, 0xa1, 0x50, 0x4f, 0x52, 0x20, 0x41, 0x51, 
	0x55, 0xcd, 0x2c, 0x20, 0x45, 0x53, 0x54, 0xda, 0x50, 0x49, 0x44, 0x4f, 0x20, 0x4d, 0x4f, 0x4e, 
	0x4f, 0x21, 0x20, 0x59, 0x4f, 0x20, 0x53, 0x4f, 0x59, 0x20, 0x45, 0x4c, 0x20, 0x50, 0x4f, 0x44, 
	0x45, 0x52, 0x4f, 0x53, 0x4f, 0x20, 0x42, 0x2e, 0x4c, 0x4f, 0x43, 0x4b, 0x45, 0x52, 0x20, 0x59, 
	0x20, 0x4e, 0x4f, 0x20, 0x50, 0x49, 0x45, 0x4e, 0x53, 0x45, 0x53, 0x20, 0x50, 0x4f, 0x52, 0x20, 
	0x55, 0x4e, 0x20, 0x4d, 0x4f, 0x4d, 0x45, 0x4e, 0x54, 0x4f, 0x20, 0x51, 0x55, 0x45, 0x20, 0x56, 
	0x41, 0x53, 0x20, 0x41, 0x20, 0x45, 0x4e, 0x54, 0x52, 0x41, 0x52, 0x41, 0x51, 0x55, 0xcd, 0x20, 
	0x53, 0x49, 0x4e, 0x20, 0x50, 0x41, 0x47, 0x41, 0x52, 0x4d, 0x45, 0x20, 0x41, 0x4c, 0x47, 0x55, 
	0x4e, 0x41, 0x20, 0x44, 0x45, 0x20, 0x54, 0x55, 0x53, 0x20, 0x52, 0x49, 0x44, 0xcd, 0x43, 0x55, 
	0x4c, 0x41, 0x53, 0x20, 0x42, 0x41, 0x4e, 0x41, 0x4e, 0x41, 0x53, 0x20, 0x44, 0x4f, 0x52, 0x41, 
	0x44, 0x41, 0x53, 0x2e, 0x20, 0x53, 0x49, 0x20, 0x44, 0x45, 0x53, 0x4f, 0x42, 0x45, 0x44, 0x45, 
	0x5a, 0x43, 0x4f, 0x20, 0x41, 0x20, 0x45, 0x53, 0x45, 0x20, 0x56, 0x49, 0x45, 0x4a, 0x4f, 0x20, 
	0x47, 0x4f, 0x52, 0x44, 0x4f, 0x20, 0x44, 0x45, 0x20, 0x4b, 0x2e, 0x52, 0x4f, 0x4f, 0x4c, 0x2c, 
	0x4d, 0x45, 0x20, 0x45, 0x53, 0x50, 0x45, 0x52, 0x41, 0x20, 0x55, 0x4e, 0x20, 0x47, 0x52, 0x41, 
	0x4e, 0x20, 0x41, 0x53, 0x45, 0x52, 0x52, 0x41, 0x44, 0x45, 0x52, 0x4f, 0x20, 0x45, 0x4e, 0x20, 
	0x45, 0x4c, 0x20, 0x43, 0x49, 0x45, 0x4c, 0x4f, 0x2c, 0x20, 0x41, 0x53, 0xcd, 0x20, 0x51, 0x55, 
	0x45, 0x20, 0x50, 0x41, 0x47, 0x41, 0x20, 0x50, 0x52, 0x4f, 0x4e, 0x54, 0x4f, 0x20, 0x59, 0x20, 
	0x50, 0x4f, 0x44, 0x52, 0xc9, 0x20, 0x53, 0x41, 0x43, 0x41, 0x52, 0x20, 0x4d, 0x49, 0x20, 0x54, 
	0x4f, 0x4e, 0x45, 0x4c, 0x20, 0x44, 0x45, 0x20, 0x4d, 0x41, 0x44, 0x45, 0x52, 0x41, 0x20, 0x44, 
	0x45, 0x20, 0x41, 0x51, 0x55, 0xcd, 0x2e, 0xbf, 0x45, 0x53, 0x54, 0xc1, 0x53, 0x20, 0x45, 0x4e, 
	0x20, 0x42, 0x41, 0x42, 0x49, 0x41, 0x20, 0x4f, 0x20, 0x51, 0x55, 0xc9, 0x3f, 0x20, 0x4c, 0xc9, 
	0x45, 0x4d, 0x45, 0x20, 0x4c, 0x4f, 0x53, 0x20, 0x4c, 0x41, 0x42, 0x49, 0x4f, 0x53, 0x20, 0x59, 
	0x20, 0x56, 0x45, 0x20, 0x50, 0x4f, 0x52, 0x20, 0x4d, 0xc1, 0x53, 0x2c, 0x20, 0x53, 0x49, 0x4d, 
	0x49, 0x4f, 0x20, 0x50, 0x45, 0x4c, 0x55, 0x44, 0x4f, 0x2e, 0xa1, 0x56, 0x41, 0x4d, 0x4f, 0x53, 
	0x2c, 0x20, 0x4e, 0x4f, 0x20, 0x54, 0x45, 0x4e, 0x47, 0x4f, 0x20, 0x54, 0x4f, 0x44, 0x4f, 0x20, 
	0x45, 0x4c, 0x20, 0x44, 0xcd, 0x41, 0x21, 0x20, 0xa1, 0x44, 0x41, 0x4d, 0x45, 0x20, 0x4c, 0x41, 
	0x53, 0x20, 0x42, 0x41, 0x4e, 0x41, 0x4e, 0x41, 0x53, 0x20, 0x59, 0x20, 0x4d, 0x45, 0x20, 0x4c, 
	0x41, 0x52, 0x47, 0x41, 0x52, 0xc9, 0x21, 0x4f, 0x48, 0x2c, 0x20, 0x45, 0x4e, 0x54, 0x4f, 0x4e, 
	0x43, 0x45, 0x53, 0x20, 0x43, 0x4f, 0x4e, 0x54, 0x49, 0x4e, 0xda, 0x41, 0x2c, 0x20, 0x7e, 0x2e, 
	0x20, 0x56, 0x49, 0x45, 0x4e, 0x44, 0x4f, 0x20, 0x51, 0x55, 0x45, 0x20, 0x48, 0x41, 0x53, 0x20, 
	0x43, 0x4f, 0x4e, 0x53, 0x45, 0x47, 0x55, 0x49, 0x44, 0x4f, 0x20, 0x4d, 0xc1, 0x53, 0x20, 0x44, 
	0x45, 0x20, 0x32, 0x20, 0x42, 0x41, 0x4e, 0x41, 0x4e, 0x41, 0x53, 0x20, 0x44, 0x4f, 0x52, 0x41, 
	0x44, 0x41, 0x53, 0x2c, 0x54, 0x45, 0x20, 0x44, 0x45, 0x4a, 0x41, 0x52, 0xc9, 0x20, 0x50, 0x41, 
	0x53, 0x41, 0x52, 0x20, 0x4d, 0x49, 0x45, 0x4e, 0x54, 0x52, 0x41, 0x53, 0x20, 0x4e, 0x41, 0x44, 
	0x49, 0x45, 0x20, 0x4d, 0x49, 0x52, 0x41, 0x2e, 0xa1, 0x52, 0xc1, 0x50, 0x49, 0x44, 0x4f, 0x2c, 
	0x20, 0x7e, 0x2c, 0x20, 0x4e, 0x41, 0x44, 0x49, 0x45, 0x20, 0x4d, 0x49, 0x52, 0x41, 0x21, 0x20, 
	0x54, 0x49, 0x45, 0x4e, 0x45, 0x53, 0x20, 0x4d, 0xc1, 0x53, 0x20, 0x44, 0x45, 0x20, 0x39, 0x20, 
	0x42, 0x41, 0x4e, 0x41, 0x4e, 0x41, 0x53, 0x20, 0x44, 0x4f, 0x52, 0x41, 0x44, 0x41, 0x53, 0x2c, 
	0x41, 0x53, 0xcd, 0x20, 0x51, 0x55, 0x45, 0x20, 0x54, 0x45, 0x20, 0x44, 0x45, 0x4a, 0x41, 0x52, 
	0xc9, 0x20, 0x50, 0x41, 0x53, 0x41, 0x52, 0x2e, 0x20, 0xa1, 0x50, 0x45, 0x52, 0x4f, 0x20, 0x48, 
	0x41, 0x47, 0x41, 0x53, 0x20, 0x4c, 0x4f, 0x20, 0x51, 0x55, 0x45, 0x20, 0x48, 0x41, 0x47, 0x41, 
	0x53, 0x2c, 0x20, 0x4e, 0x4f, 0x20, 0x53, 0x45, 0x20, 0x4c, 0x4f, 0x20, 0x44, 0x49, 0x47, 0x41, 
	0x53, 0x20, 0x41, 0x20, 0x4b, 0x2e, 0x52, 0x4f, 0x4f, 0x4c, 0x21, 0xa1, 0x4f, 0x59, 0x45, 0x2c, 
	0x20, 0x7e, 0x2c, 0x20, 0x4d, 0x41, 0x4e, 0x54, 0xc9, 0x4e, 0x20, 0x45, 0x53, 0x54, 0x45, 0x20, 
	0x53, 0x45, 0x43, 0x52, 0x45, 0x54, 0x49, 0x54, 0x4f, 0x21, 0x20, 0x50, 0x45, 0x52, 0x4f, 0x20, 
	0x54, 0x49, 0x45, 0x4e, 0x45, 0x53, 0x20, 0x4d, 0xc1, 0x53, 0x20, 0x44, 0x45, 0x20, 0x31, 0x39, 
	0x20, 0x42, 0x41, 0x4e, 0x41, 0x4e, 0x41, 0x53, 0x20, 0x44, 0x4f, 0x52, 0x41, 0x44, 0x41, 0x53, 
	0x2c, 0x20, 0x41, 0x53, 0xcd, 0x20, 0x51, 0x55, 0x45, 0x20, 0x4d, 0x45, 0x20, 0x51, 0x55, 0x49, 
	0x54, 0x41, 0x52, 0xc9, 0x20, 0x44, 0x45, 0x20, 0x54, 0x55, 0x20, 0x43, 0x41, 0x4d, 0x49, 0x4e, 
	0x4f, 0x2e, 0x52, 0x45, 0x43, 0x55, 0x45, 0x52, 0x44, 0x41, 0x2c, 0x20, 0x4e, 0x49, 0x20, 0x55, 
	0x4e, 0x41, 0x20, 0x50, 0x41, 0x4c, 0x41, 0x42, 0x52, 0x41, 0x20, 0x41, 0x20, 0x4e, 0x41, 0x44, 
	0x49, 0x45, 0x2e, 0xa1, 0x45, 0x53, 0x20, 0x4e, 0x55, 0x45, 0x53, 0x54, 0x52, 0x4f, 0x20, 0x50, 
	0x45, 0x51, 0x55, 0x45, 0xd1, 0x4f, 0x20, 0x53, 0x45, 0x43, 0x52, 0x45, 0x54, 0x4f, 0x21, 0xa1, 
	0x4f, 0x48, 0x2c, 0x20, 0x43, 0x4f, 0x4e, 0x54, 0x49, 0x4e, 0xda, 0x41, 0x2c, 0x20, 0x7e, 0x2e, 
	0x20, 0x4e, 0x4f, 0x20, 0x53, 0x45, 0x20, 0x4c, 0x4f, 0x20, 0x44, 0x49, 0x47, 0x41, 0x53, 0x20, 
	0x41, 0x20, 0x4e, 0x41, 0x44, 0x49, 0x45, 0x2c, 0x20, 0x50, 0x45, 0x52, 0x4f, 0x20, 0x56, 0x49, 
	0x45, 0x4e, 0x44, 0x4f, 0x20, 0x51, 0x55, 0x45, 0x20, 0x54, 0x49, 0x45, 0x4e, 0x45, 0x53, 0x20, 
	0x4d, 0xc1, 0x53, 0x20, 0x44, 0x45, 0x20, 0x33, 0x34, 0x20, 0x42, 0x41, 0x4e, 0x41, 0x4e, 0x41, 
	0x53, 0x20, 0x44, 0x4f, 0x52, 0x41, 0x44, 0x41, 0x53, 0x2c, 0x20, 0x4d, 0x45, 0x20, 0x51, 0x55, 
	0x49, 0x54, 0x41, 0x52, 0xc9, 0x20, 0x44, 0x45, 0x20, 0x54, 0x55, 0x20, 0x43, 0x41, 0x4d, 0x49, 
	0x4e, 0x4f, 0x2e, 0x4e, 0x4f, 0x20, 0x50, 0x55, 0x45, 0x44, 0x4f, 0x20, 0x48, 0x41, 0x43, 0x45, 
	0x52, 0x54, 0x45, 0x20, 0x4d, 0xc1, 0x53, 0x20, 0x46, 0x41, 0x56, 0x4f, 0x52, 0x45, 0x53, 0x20, 
	0x44, 0x45, 0x53, 0x50, 0x55, 0xc9, 0x53, 0x20, 0x44, 0x45, 0x20, 0xc9, 0x53, 0x54, 0x45, 0x2c, 
	0x20, 0x7e, 0x2e, 0x20, 0x45, 0x53, 0x54, 0x4f, 0x20, 0x53, 0x45, 0x20, 0x45, 0x53, 0x54, 0xc1, 
	0x20, 0x50, 0x4f, 0x4e, 0x49, 0x45, 0x4e, 0x44, 0x4f, 0x20, 0x50, 0x45, 0x4c, 0x49, 0x47, 0x52, 
	0x4f, 0x53, 0x4f, 0x2e, 0xa1, 0x53, 0x49, 0x47, 0x55, 0x45, 0x2c, 0x20, 0x52, 0xc1, 0x50, 0x49, 
	0x44, 0x4f, 0x21, 0x20, 0x54, 0x49, 0x45, 0x4e, 0x45, 0x53, 0x20, 0x55, 0x4e, 0x41, 0x53, 0x20, 
	0x34, 0x39, 0x20, 0x42, 0x41, 0x4e, 0x41, 0x4e, 0x41, 0x53, 0x20, 0x44, 0x4f, 0x52, 0x41, 0x44, 
	0x41, 0x53, 0x2c, 0x20, 0x41, 0x53, 0xcd, 0x20, 0x51, 0x55, 0x45, 0x20, 0x54, 0x45, 0x20, 0x44, 
	0x45, 0x4a, 0x41, 0x52, 0xc9, 0x20, 0x50, 0x41, 0x53, 0x41, 0x52, 0x20, 0x41, 0x48, 0x4f, 0x52, 
	0x41, 0x20, 0x51, 0x55, 0x45, 0x20, 0x4e, 0x4f, 0x20, 0x48, 0x41, 0x59, 0x20, 0x4e, 0x41, 0x44, 
	0x49, 0x45, 0x2e, 0xa1, 0x43, 0x48, 0x49, 0x53, 0x54, 0x2c, 0x20, 0x7e, 0x21, 0x20, 0x48, 0x41, 
	0x59, 0x20, 0x47, 0x55, 0x41, 0x52, 0x44, 0x49, 0x41, 0x53, 0x20, 0x43, 0x45, 0x52, 0x43, 0x41, 
	0x2e, 0x20, 0x54, 0x45, 0x4e, 0x44, 0x52, 0xc9, 0x20, 0x51, 0x55, 0x45, 0x20, 0x4c, 0x45, 0x56, 
	0x41, 0x4e, 0x54, 0x41, 0x52, 0x20, 0x4c, 0x41, 0x20, 0x56, 0x4f, 0x5a, 0x20, 0x50, 0x41, 0x52, 
	0x41, 0x20, 0x48, 0x41, 0x43, 0x45, 0x52, 0x4c, 0x4f, 0x20, 0x4d, 0xc1, 0x53, 0x20, 0x43, 0x4f, 
	0x4e, 0x56, 0x49, 0x4e, 0x43, 0x45, 0x4e, 0x54, 0x45, 0x20, 0x45, 0x53, 0x54, 0x41, 0x20, 0x56, 
	0x45, 0x5a, 0x2e, 0x45, 0x4a, 0x45, 0x4d, 0x2c, 0x20, 0x45, 0x53, 0x54, 0x4f, 0x2c, 0x20, 0x53, 
	0xcd, 0x2c, 0x20, 0x4b, 0x4f, 0x4e, 0x47, 0x2c, 0x20, 0x48, 0x41, 0x53, 0x20, 0x52, 0x45, 0x43, 
	0x4f, 0x47, 0x49, 0x44, 0x4f, 0x20, 0x53, 0x55, 0x46, 0x49, 0x43, 0x49, 0x45, 0x4e, 0x54, 0x45, 
	0x53, 0x20, 0x42, 0x41, 0x4e, 0x41, 0x4e, 0x41, 0x53, 0x20, 0x44, 0x4f, 0x52, 0x41, 0x44, 0x41, 
	0x53, 0x20, 0x28, 0x42, 0x55, 0x45, 0x4e, 0x4f, 0x2c, 0x20, 0x44, 0x45, 0x20, 0x54, 0x4f, 0x44, 
	0x41, 0x53, 0x20, 0x46, 0x4f, 0x52, 0x4d, 0x41, 0x53, 0x20, 0x54, 0x49, 0x45, 0x4e, 0x45, 0x53, 
	0x20, 0x55, 0x4e, 0x41, 0x53, 0x20, 0x36, 0x34, 0x29, 0x2c, 0x20, 0x41, 0x53, 0xcd, 0x20, 0x51, 
	0x55, 0x45, 0x20, 0x50, 0x55, 0x45, 0x44, 0x4f, 0x20, 0x44, 0x45, 0x4a, 0x41, 0x52, 0x54, 0x45, 
	0x20, 0x50, 0x41, 0x53, 0x41, 0x52, 0x20, 0x41, 0x48, 0x4f, 0x52, 0x41, 0x2c, 0x20, 0x48, 0x41, 
	0x43, 0x49, 0x45, 0x4e, 0x44, 0x4f, 0x20, 0x50, 0x52, 0x4f, 0x50, 0x49, 0x41, 0x4d, 0x45, 0x4e, 
	0x54, 0x45, 0x20, 0x4d, 0x49, 0x20, 0x54, 0x52, 0x41, 0x42, 0x41, 0x4a, 0x4f, 0x2e, 0x41, 0x53, 
	0xcd, 0x20, 0x44, 0x45, 0x42, 0x45, 0x52, 0xcd, 0x41, 0x20, 0x48, 0x41, 0x43, 0x45, 0x52, 0x53, 
	0x45, 0x2e, 0x20, 0x53, 0x49, 0x20, 0x45, 0x53, 0x54, 0x4f, 0x53, 0x20, 0x45, 0x53, 0x43, 0x41, 
	0x4d, 0x4f, 0x53, 0x4f, 0x53, 0x20, 0x4b, 0x52, 0x45, 0x4d, 0x4c, 0x49, 0x4e, 0x47, 0x53, 0x20, 
	0x53, 0x45, 0x20, 0x44, 0x41, 0x4e, 0x20, 0x43, 0x55, 0x45, 0x4e, 0x54, 0x41, 0x20, 0x41, 0x4c, 
	0x47, 0x55, 0x4e, 0x41, 0x20, 0x56, 0x45, 0x5a, 0x20, 0x44, 0x45, 0x20, 0x45, 0x53, 0x54, 0x4f, 
	0x2e, 0x2e, 0x2e, 0x42, 0x55, 0x45, 0x4e, 0x4f, 0x2c, 0x20, 0x45, 0x4c, 0x20, 0x43, 0x41, 0x52, 
	0x54, 0x45, 0x4c, 0x20, 0x44, 0x49, 0x43, 0x45, 0x20, 0x37, 0x39, 0x20, 0x42, 0x41, 0x4e, 0x41, 
	0x4e, 0x41, 0x53, 0x20, 0x44, 0x4f, 0x52, 0x41, 0x44, 0x41, 0x53, 0x2c, 0x20, 0x7e, 0x2c, 0x20, 
	0x41, 0x53, 0xcd, 0x20, 0x51, 0x55, 0x45, 0x20, 0x50, 0x55, 0x45, 0x44, 0x45, 0x53, 0x20, 0x50, 
	0x41, 0x53, 0x41, 0x52, 0x20, 0x41, 0x48, 0x4f, 0x52, 0x41, 0x2e, 0xa1, 0x54, 0x45, 0x4e, 0x20, 
	0x43, 0x55, 0x49, 0x44, 0x41, 0x44, 0x4f, 0x20, 0x41, 0x48, 0xcd, 0x20, 0x44, 0x45, 0x4e, 0x54, 
	0x52, 0x4f, 0x21, 
};
u8 text_30[] = {
	0x4, 0x1, 0x1, 0x3, 0x0, 0x0, 0x0, 0x0, 0x0, 0x93, 0x0, 0x0, 0x0, 0x0, 0x0, 0x93, 
	0x0, 0x41, 0x0, 0x0, 0x0, 0x0, 0x0, 0xd4, 0x0, 0x1c, 0x0, 0x0, 0x0, 0x0, 0x0, 0x0, 
	0x1, 0x1, 0x1, 0x0, 0x0, 0x0, 0xf0, 0x0, 0x47, 0x0, 0x0, 0x0, 0x0, 0x0, 0x0, 0x9, 
	0x1, 0x4, 0x0, 0x0, 0x1, 0x37, 0x0, 0x56, 0x0, 0x0, 0x0, 0x0, 0x1, 0x8d, 0x0, 0x6b, 
	0x0, 0x0, 0x0, 0x0, 0x1, 0xf8, 0x0, 0x39, 0x0, 0x0, 0x0, 0x0, 0x2, 0x31, 0x0, 0x26, 
	0x0, 0x0, 0x0, 0x0, 0x0, 0x0, 0x2, 0x1, 0x0, 0x70, 0x0, 0x0, 0x0, 0x0, 0x0, 0x0, 
	0x1, 0x1, 0x0, 0x0, 0x2, 0x57, 0x0, 0xe, 0x0, 0x0, 0x0, 0x0, 0x0, 0x0, 0x2, 0x1, 
	0x0, 0x71, 0x0, 0x0, 0x0, 0x0, 0x0, 0x0, 0x1, 0x1, 0x0, 0x0, 0x2, 0x65, 0x0, 0x24, 
	0x0, 0x0, 0x0, 0x0, 0x0, 0x0, 0x2, 0x1, 0x0, 0x6f, 0x0, 0x0, 0x0, 0x0, 0x0, 0x0, 
	0x1, 0x2, 0x0, 0x0, 0x2, 0x89, 0x0, 0x56, 0x0, 0x0, 0x0, 0x0, 0x2, 0xdf, 0x0, 0xe, 
	0x0, 0x0, 0x0, 0x0, 0x0, 0x0, 0x2, 0x1, 0x0, 0x6f, 0x0, 0x0, 0x0, 0x0, 0x0, 0x0, 
	0x1, 0x3, 0x0, 0x0, 0x2, 0xed, 0x0, 0x46, 0x0, 0x0, 0x0, 0x0, 0x3, 0x33, 0x0, 0x4f, 
	0x0, 0x0, 0x0, 0x0, 0x3, 0x82, 0x0, 0x53, 0x0, 0x0, 0x0, 0x0, 0x0, 0x0, 0x1, 0x1, 
	0x1, 0x0, 0x0, 0x3, 0xd5, 0x0, 0x43, 0x0, 0x0, 0x0, 0x0, 0x0, 0x0, 0x4, 0x18, 0xa1, 
	0x4f, 0x48, 0x2c, 0x20, 0x53, 0x49, 0x4d, 0x50, 0x4c, 0x45, 0x4d, 0x45, 0x4e, 0x54, 0x45, 0x20, 
	0x4e, 0x4f, 0x20, 0x53, 0xc9, 0x20, 0x51, 0x55, 0xc9, 0x20, 0x48, 0x41, 0x43, 0x45, 0x52, 0x21, 
	0x20, 0xa1, 0x48, 0x55, 0x42, 0x4f, 0x20, 0x55, 0x4e, 0x20, 0x45, 0x4e, 0x4f, 0x52, 0x4d, 0x45, 
	0x20, 0x54, 0x45, 0x4d, 0x42, 0x4c, 0x4f, 0x52, 0x20, 0x48, 0x41, 0x43, 0x45, 0x20, 0x50, 0x4f, 
	0x43, 0x4f, 0x20, 0x51, 0x55, 0x45, 0x20, 0x41, 0x53, 0x55, 0x53, 0x54, 0xd3, 0x20, 0x41, 0x20, 
	0x4d, 0x49, 0x53, 0x20, 0x48, 0x41, 0x44, 0x41, 0x53, 0x20, 0x42, 0x41, 0x4e, 0x41, 0x4e, 0x41, 
	0x20, 0x54, 0x41, 0x4e, 0x54, 0x4f, 0x20, 0x51, 0x55, 0x45, 0x20, 0x45, 0x4e, 0x54, 0x52, 0x41, 
	0x52, 0x4f, 0x4e, 0x20, 0x45, 0x4e, 0x20, 0x50, 0xc1, 0x4e, 0x49, 0x43, 0x4f, 0x20, 0x59, 0x20, 
	0x53, 0x45, 0x20, 0x46, 0x55, 0x45, 0x52, 0x4f, 0x4e, 0x20, 0x56, 0x4f, 0x4c, 0x41, 0x4e, 0x44, 
	0x4f, 0x21, 0x52, 0x45, 0x43, 0x4f, 0x4d, 0x50, 0x45, 0x4e, 0x53, 0x41, 0x52, 0xc9, 0x20, 0x41, 
	0x20, 0x51, 0x55, 0x49, 0x45, 0x4e, 0x20, 0x43, 0x4f, 0x4e, 0x53, 0x49, 0x47, 0x41, 0x20, 0x45, 
	0x4e, 0x43, 0x4f, 0x4e, 0x54, 0x52, 0x41, 0x52, 0x4c, 0x41, 0x53, 0x20, 0x59, 0x20, 0x54, 0x52, 
	0x41, 0xc9, 0x52, 0x4d, 0x45, 0x4c, 0x41, 0x53, 0x20, 0x44, 0x45, 0x20, 0x56, 0x55, 0x45, 0x4c, 
	0x54, 0x41, 0x2e, 0x50, 0x4f, 0x52, 0x20, 0x46, 0x41, 0x56, 0x4f, 0x52, 0x2c, 0x20, 0x41, 0x59, 
	0xda, 0x44, 0x41, 0x4d, 0x45, 0x2c, 0x20, 0x50, 0x45, 0x51, 0x55, 0x45, 0xd1, 0x41, 0x2e, 0x43, 
	0xc1, 0x4c, 0x4d, 0x45, 0x53, 0x45, 0x2c, 0x20, 0x53, 0x52, 0x41, 0x2e, 0x20, 0x48, 0x41, 0x44, 
	0x41, 0x2e, 0x20, 0x4d, 0x49, 0x53, 0x20, 0x41, 0x4d, 0x49, 0x47, 0x4f, 0x53, 0x20, 0x59, 0x20, 
	0x59, 0x4f, 0x20, 0x4c, 0x41, 0x53, 0x20, 0x42, 0x55, 0x53, 0x43, 0x41, 0x52, 0x45, 0x4d, 0x4f, 
	0x53, 0x20, 0x45, 0x4e, 0x20, 0x4e, 0x55, 0x45, 0x53, 0x54, 0x52, 0x41, 0x20, 0x41, 0x56, 0x45, 
	0x4e, 0x54, 0x55, 0x52, 0x41, 0x2e, 0xa1, 0x4f, 0x48, 0x2c, 0x20, 0x47, 0x52, 0x41, 0x43, 0x49, 
	0x41, 0x53, 0x21, 0x20, 0x50, 0x45, 0x52, 0x4f, 0x20, 0x4d, 0x45, 0x20, 0x54, 0x45, 0x4d, 0x4f, 
	0x20, 0x51, 0x55, 0x45, 0x20, 0x4e, 0x4f, 0x20, 0x53, 0x45, 0x52, 0xc9, 0x49, 0x53, 0x20, 0x43, 
	0x41, 0x50, 0x41, 0x43, 0x45, 0x53, 0x20, 0x44, 0x45, 0x20, 0x43, 0x4f, 0x47, 0x45, 0x52, 0x4c, 
	0x41, 0x53, 0x20, 0x53, 0x45, 0x4e, 0x43, 0x49, 0x4c, 0x4c, 0x41, 0x4d, 0x45, 0x4e, 0x54, 0x45, 
	0x20, 0x45, 0x4e, 0x20, 0x45, 0x4c, 0x20, 0x41, 0x49, 0x52, 0x45, 0x2e, 0x45, 0x4c, 0x20, 0xda, 
	0x4e, 0x49, 0x43, 0x4f, 0x20, 0x4d, 0x4f, 0x44, 0x4f, 0x20, 0x44, 0x45, 0x20, 0x43, 0x41, 0x5a, 
	0x41, 0x52, 0x20, 0x48, 0x41, 0x44, 0x41, 0x53, 0x20, 0x42, 0x41, 0x4e, 0x41, 0x4e, 0x41, 0x20, 
	0x45, 0x53, 0x20, 0x45, 0x4e, 0x43, 0x45, 0x52, 0x52, 0x41, 0x52, 0x4c, 0x41, 0x53, 0x20, 0x44, 
	0x45, 0x4e, 0x54, 0x52, 0x4f, 0x20, 0x44, 0x45, 0x20, 0x55, 0x4e, 0x41, 0x53, 0x20, 0x46, 0x4f, 
	0x54, 0x4f, 0x47, 0x52, 0x41, 0x46, 0xcd, 0x41, 0x53, 0x20, 0x45, 0x53, 0x50, 0x45, 0x43, 0x49, 
	0x41, 0x4c, 0x45, 0x53, 0x20, 0x44, 0x45, 0x20, 0x50, 0x49, 0x45, 0x4c, 0x20, 0x44, 0x45, 0x20, 
	0x42, 0x41, 0x4e, 0x41, 0x4e, 0x41, 0x2e, 0x54, 0x4f, 0x4d, 0x41, 0x20, 0x4d, 0x49, 0x20, 0x43, 
	0xc1, 0x4d, 0x41, 0x52, 0x41, 0x20, 0x4d, 0xc1, 0x47, 0x49, 0x43, 0x41, 0x2c, 0x20, 0x59, 0x41, 
	0x20, 0x54, 0x49, 0x45, 0x4e, 0x45, 0x20, 0x41, 0x4c, 0x47, 0x55, 0x4e, 0x41, 0x53, 0x20, 0x50, 
	0x45, 0x4c, 0xcd, 0x43, 0x55, 0x4c, 0x41, 0x53, 0x20, 0x44, 0x45, 0x4e, 0x54, 0x52, 0x4f, 0x2e, 
	0x50, 0x41, 0x52, 0x41, 0x20, 0x41, 0x43, 0x54, 0x49, 0x56, 0x41, 0x52, 0x20, 0x4c, 0x41, 0x20, 
	0x43, 0xc1, 0x4d, 0x41, 0x52, 0x41, 0x2c, 0x20, 0x50, 0x55, 0x4c, 0x53, 0x41, 0x20, 0x59, 0x20, 
	0x4d, 0x41, 0x4e, 0x54, 0xc9, 0x4e, 0x45, 0x4e, 0x54, 0x4f, 0x4e, 0x43, 0x45, 0x53, 0x20, 0x50, 
	0x55, 0x4c, 0x53, 0x41, 0x54, 0x4f, 0x4d, 0x41, 0x20, 0x55, 0x4e, 0x41, 0x20, 0x46, 0x4f, 0x54, 
	0x4f, 0x47, 0x52, 0x41, 0x46, 0xcd, 0x41, 0x20, 0x44, 0x45, 0x20, 0x48, 0x41, 0x44, 0x41, 0x20, 
	0x50, 0x55, 0x4c, 0x53, 0x41, 0x4e, 0x44, 0x4f, 0x43, 0x4f, 0x4d, 0x4f, 0x20, 0x53, 0x45, 0xd1, 
	0x41, 0x4c, 0x20, 0x44, 0x45, 0x20, 0x4e, 0x55, 0x45, 0x53, 0x54, 0x52, 0x41, 0x20, 0x41, 0x4d, 
	0x49, 0x53, 0x54, 0x41, 0x44, 0x2c, 0x20, 0x4f, 0x53, 0x20, 0x45, 0x4e, 0x53, 0x45, 0xd1, 0x41, 
	0x52, 0xc9, 0x20, 0x41, 0x20, 0x54, 0x49, 0x20, 0x59, 0x20, 0x41, 0x20, 0x54, 0x55, 0x53, 0x20, 
	0x41, 0x4d, 0x49, 0x47, 0x4f, 0x53, 0x20, 0x55, 0x4e, 0x41, 0x20, 0x48, 0x41, 0x42, 0x49, 0x4c, 
	0x49, 0x44, 0x41, 0x44, 0x20, 0x45, 0x53, 0x50, 0x45, 0x43, 0x49, 0x41, 0x4c, 0x2e, 0x50, 0x55, 
	0x4c, 0x53, 0x41, 0x20, 0x59, 0x20, 0x4d, 0x41, 0x4e, 0x54, 0xc9, 0x4e, 0x50, 0x41, 0x52, 0x41, 
	0x20, 0x43, 0x41, 0x52, 0x47, 0x41, 0x52, 0x20, 0x45, 0x53, 0x54, 0x45, 0x20, 0x4d, 0x4f, 0x56, 
	0x49, 0x4d, 0x49, 0x45, 0x4e, 0x54, 0x4f, 0x20, 0x59, 0x20, 0x45, 0x4e, 0x54, 0x4f, 0x4e, 0x43, 
	0x45, 0x53, 0x20, 0x53, 0x55, 0x45, 0x4c, 0x54, 0x41, 0x20, 0x45, 0x4c, 0x20, 0x42, 0x4f, 0x54, 
	0xd3, 0x4e, 0x20, 0x50, 0x41, 0x52, 0x41, 0x20, 0x41, 0x43, 0x54, 0x49, 0x56, 0x41, 0x52, 0x4c, 
	0x4f, 0x2e, 0x41, 0x44, 0x45, 0x4d, 0xc1, 0x53, 0x20, 0x44, 0x45, 0x20, 0x50, 0x52, 0x4f, 0x54, 
	0x45, 0x47, 0x45, 0x52, 0x54, 0x45, 0x2c, 0x20, 0x54, 0x41, 0x4d, 0x42, 0x49, 0xc9, 0x4e, 0x20, 
	0x50, 0x55, 0x45, 0x44, 0x45, 0x20, 0x53, 0x45, 0x52, 0x20, 0x55, 0x53, 0x41, 0x44, 0x4f, 0x20, 
	0x50, 0x41, 0x52, 0x41, 0x20, 0x44, 0x45, 0x53, 0x45, 0x4e, 0x54, 0x45, 0x52, 0x52, 0x41, 0x52, 
	0x20, 0x4f, 0x42, 0x4a, 0x45, 0x54, 0x4f, 0x53, 0x20, 0x4f, 0x43, 0x55, 0x4c, 0x54, 0x4f, 0x53, 
	0x2e, 0x53, 0x49, 0x4e, 0x20, 0x45, 0x4d, 0x42, 0x41, 0x52, 0x47, 0x4f, 0x2c, 0x20, 0x4e, 0x45, 
	0x43, 0x45, 0x53, 0x49, 0x54, 0x41, 0x20, 0x55, 0x4e, 0x20, 0x43, 0x4f, 0x43, 0x4f, 0x20, 0x44, 
	0x45, 0x20, 0x43, 0x52, 0x49, 0x53, 0x54, 0x41, 0x4c, 0x20, 0x50, 0x41, 0x52, 0x41, 0x20, 0x46, 
	0x55, 0x4e, 0x43, 0x49, 0x4f, 0x4e, 0x41, 0x52, 0x2c, 0x20, 0x41, 0x53, 0xcd, 0x20, 0x51, 0x55, 
	0x45, 0x20, 0xda, 0x53, 0x41, 0x4c, 0x4f, 0x20, 0x43, 0x4f, 0x4e, 0x20, 0x43, 0x55, 0x49, 0x44, 
	0x41, 0x44, 0x4f, 0x2e, 0xa1, 0x42, 0x49, 0x45, 0x4e, 0x20, 0x48, 0x45, 0x43, 0x48, 0x4f, 0x2c, 
	0x20, 0x7e, 0x2c, 0x20, 0x48, 0x41, 0x53, 0x20, 0x52, 0x45, 0x53, 0x43, 0x41, 0x54, 0x41, 0x44, 
	0x4f, 0x20, 0x41, 0x20, 0x54, 0x4f, 0x44, 0x41, 0x53, 0x20, 0x4c, 0x41, 0x53, 0x20, 0x48, 0x41, 
	0x44, 0x41, 0x53, 0x21, 0x20, 0x41, 0x48, 0x4f, 0x52, 0x41, 0x20, 0x56, 0x45, 0x4e, 0x20, 0x41, 
	0x20, 0x56, 0x45, 0x52, 0x4d, 0x45, 0x2e, 
};
u8 text_31[] = {
	0x2, 0x1, 0x1, 0x1, 0x0, 0x0, 0x0, 0x0, 0x0, 0x57, 0x0, 0x0, 0x0, 0x0, 0x0, 0x0, 
	0x1, 0x1, 0x1, 0x0, 0x0, 0x0, 0x57, 0x0, 0x4f, 0x0, 0x0, 0x0, 0x0, 0x0, 0x0, 0x0, 
	0xa6, 0x56, 0x41, 0x59, 0x41, 0x2c, 0x20, 0x45, 0x53, 0x54, 0x45, 0x20, 0x53, 0x55, 0x45, 0x4c, 
	0x4f, 0x20, 0x50, 0x41, 0x52, 0x45, 0x43, 0x45, 0x20, 0x55, 0x4e, 0x20, 0x50, 0x4f, 0x43, 0x4f, 
	0x20, 0xc1, 0x52, 0x49, 0x44, 0x4f, 0x2e, 0x20, 0x4d, 0x45, 0x20, 0x50, 0x52, 0x45, 0x47, 0x55, 
	0x4e, 0x54, 0x4f, 0x20, 0x53, 0x49, 0x20, 0x50, 0x55, 0x45, 0x44, 0x4f, 0x20, 0x45, 0x4e, 0x43, 
	0x4f, 0x4e, 0x54, 0x52, 0x41, 0x52, 0x20, 0x41, 0x4c, 0x47, 0x4f, 0x20, 0x51, 0x55, 0x45, 0x20, 
	0x50, 0x4c, 0x41, 0x4e, 0x54, 0x41, 0x52, 0x2e, 0x4f, 0x48, 0x2c, 0x20, 0x4d, 0x49, 0x52, 0x41, 
	0x2c, 0x20, 0x54, 0x45, 0x4e, 0x47, 0x4f, 0x20, 0x55, 0x4e, 0x20, 0x48, 0x45, 0x52, 0x4d, 0x4f, 
	0x53, 0x4f, 0x20, 0x54, 0x41, 0x4c, 0x4c, 0x4f, 0x20, 0x59, 0x20, 0x41, 0x4c, 0x47, 0x55, 0x4e, 
	0x41, 0x53, 0x20, 0x48, 0x4f, 0x4a, 0x41, 0x53, 0x2e, 0x20, 0xa1, 0x53, 0x55, 0x42, 0x45, 0x20, 
	0x59, 0x20, 0x52, 0x45, 0x43, 0x4f, 0x47, 0x45, 0x20, 0x54, 0x55, 0x20, 0x52, 0x45, 0x43, 0x4f, 
	0x4d, 0x50, 0x45, 0x4e, 0x53, 0x41, 0x21, 
};
u8 text_32[] = {
	0x1, 0x1, 0x1, 0x1, 0x0, 0x0, 0x0, 0x0, 0x0, 0x32, 0x0, 0x0, 0x0, 0x0, 0x0, 0x0, 
	0x0, 0x32, 0xa1, 0x41, 0x59, 0xda, 0x44, 0x41, 0x4d, 0x45, 0x2c, 0x20, 0x4c, 0x41, 0x4e, 0x4b, 
	0x59, 0x21, 0x20, 0xa1, 0x4f, 0x44, 0x49, 0x4f, 0x20, 0x53, 0x45, 0x52, 0x20, 0x45, 0x4e, 0x4a, 
	0x41, 0x55, 0x4c, 0x41, 0x44, 0x4f, 0x20, 0x44, 0x45, 0x20, 0x45, 0x53, 0x54, 0x45, 0x20, 0x4d, 
	0x4f, 0x44, 0x4f, 0x21, 
};
u8 text_33[] = {
	0x4, 0x1, 0x1, 0x2, 0x0, 0x0, 0x0, 0x0, 0x0, 0x68, 0x0, 0x0, 0x0, 0x0, 0x0, 0x68, 
	0x0, 0x43, 0x0, 0x0, 0x0, 0x0, 0x0, 0x0, 0x1, 0x1, 0x1, 0x0, 0x0, 0x0, 0xab, 0x0, 
	0x53, 0x0, 0x0, 0x0, 0x0, 0x0, 0x0, 0x1, 0x1, 0x1, 0x0, 0x0, 0x0, 0xfe, 0x0, 0x6e, 
	0x0, 0x0, 0x0, 0x0, 0x0, 0x0, 0x1, 0x1, 0x1, 0x0, 0x0, 0x1, 0x6c, 0x0, 0x42, 0x0, 
	0x0, 0x0, 0x0, 0x0, 0x0, 0x1, 0xae, 0x42, 0x55, 0x45, 0x4e, 0x4f, 0x2c, 0x20, 0x7e, 0x2c, 
	0x20, 0x4e, 0x4f, 0x20, 0x45, 0x53, 0x20, 0x4d, 0x55, 0x59, 0x20, 0x44, 0x49, 0x56, 0x45, 0x52, 
	0x54, 0x49, 0x44, 0x4f, 0x20, 0x45, 0x53, 0x54, 0x41, 0x52, 0x20, 0x4d, 0x45, 0x54, 0x49, 0x44, 
	0x4f, 0x20, 0x45, 0x4e, 0x20, 0x45, 0x53, 0x54, 0x45, 0x20, 0x49, 0x47, 0x4c, 0xda, 0x2c, 0x20, 
	0x41, 0x53, 0xcd, 0x20, 0x51, 0x55, 0x45, 0x20, 0x4d, 0x45, 0x20, 0x49, 0x4e, 0x56, 0x45, 0x4e, 
	0x54, 0xc9, 0x20, 0x55, 0x4e, 0x20, 0x4a, 0x55, 0x45, 0x47, 0x4f, 0x20, 0x50, 0x41, 0x52, 0x41, 
	0x20, 0x50, 0x41, 0x53, 0x41, 0x52, 0x20, 0x45, 0x4c, 0x20, 0x52, 0x41, 0x54, 0x4f, 0x2e, 0x53, 
	0x49, 0x20, 0x4e, 0x4f, 0x20, 0x4a, 0x55, 0x45, 0x47, 0x4f, 0x20, 0x50, 0x52, 0x4f, 0x4e, 0x54, 
	0x4f, 0x2c, 0x20, 0x4d, 0x4f, 0x52, 0x49, 0x52, 0xc9, 0x20, 0x44, 0x45, 0x20, 0x41, 0x42, 0x55, 
	0x52, 0x52, 0x49, 0x4d, 0x49, 0x45, 0x4e, 0x54, 0x4f, 0x2e, 0x20, 0xbf, 0x51, 0x55, 0xc9, 0x20, 
	0x54, 0x45, 0x20, 0x50, 0x41, 0x52, 0x45, 0x43, 0x45, 0x2c, 0x20, 0x43, 0x4f, 0x4c, 0x45, 0x47, 
	0x41, 0x3f, 0xbf, 0x56, 0x45, 0x53, 0x20, 0x45, 0x53, 0x41, 0x53, 0x20, 0x42, 0x41, 0x4c, 0x44, 
	0x4f, 0x53, 0x41, 0x53, 0x3f, 0x20, 0x56, 0x55, 0x45, 0x4c, 0x56, 0x45, 0x20, 0x54, 0x41, 0x4e, 
	0x54, 0x41, 0x53, 0x20, 0x43, 0x4f, 0x4d, 0x4f, 0x20, 0x50, 0x55, 0x45, 0x44, 0x41, 0x53, 0x20, 
	0x50, 0x41, 0x52, 0x41, 0x20, 0x56, 0x45, 0x52, 0x20, 0x45, 0x4c, 0x20, 0x53, 0xcd, 0x4d, 0x42, 
	0x4f, 0x4c, 0x4f, 0x20, 0x44, 0x4b, 0x2e, 0x20, 0xa1, 0x59, 0x55, 0x50, 0x49, 0x2c, 0x20, 0x56, 
	0x41, 0x4d, 0x4f, 0x53, 0x21, 0x4f, 0x48, 0x20, 0x4e, 0x4f, 0x2c, 0x20, 0x48, 0x45, 0x20, 0x54, 
	0x41, 0x52, 0x44, 0x41, 0x44, 0x4f, 0x20, 0x44, 0xcd, 0x41, 0x53, 0x20, 0x45, 0x4e, 0x20, 0x50, 
	0x45, 0x4e, 0x53, 0x41, 0x52, 0x20, 0x45, 0x53, 0x54, 0x45, 0x20, 0x4a, 0x55, 0x45, 0x47, 0x4f, 
	0x20, 0x59, 0x20, 0x4d, 0x45, 0x20, 0x48, 0x41, 0x53, 0x20, 0x47, 0x41, 0x4e, 0x41, 0x44, 0x4f, 
	0x2e, 0x20, 0x59, 0x41, 0x20, 0x4e, 0x4f, 0x20, 0x45, 0x52, 0x45, 0x53, 0x20, 0x4d, 0x49, 0x20, 
	0x41, 0x4d, 0x49, 0x47, 0x4f, 0x2e, 0x20, 0x54, 0x4f, 0x4d, 0x41, 0x20, 0x54, 0x55, 0x53, 0x20, 
	0x47, 0x41, 0x4e, 0x41, 0x4e, 0x43, 0x49, 0x41, 0x53, 0x20, 0x59, 0x20, 0x56, 0x45, 0x54, 0x45, 
	0x2e, 0x2e, 0x2e, 0x4d, 0x45, 0x20, 0x47, 0x55, 0x53, 0x54, 0x41, 0x20, 0x45, 0x53, 0x54, 0x45, 
	0x20, 0x4a, 0x55, 0x45, 0x47, 0x4f, 0x2e, 0x20, 0xa1, 0x51, 0x55, 0xc9, 0x20, 0x44, 0x49, 0x56, 
	0x45, 0x52, 0x54, 0x49, 0x44, 0x4f, 0x21, 0x20, 0xbf, 0x4a, 0x55, 0x47, 0x41, 0x4d, 0x4f, 0x53, 
	0x20, 0x44, 0x45, 0x20, 0x4e, 0x55, 0x45, 0x56, 0x4f, 0x2c, 0x20, 0x50, 0x4f, 0x52, 0x20, 0x46, 
	0x41, 0x56, 0x4f, 0x52, 0x3f, 
};
u8 text_34[] = {
	0x5, 0x1, 0x1, 0x2, 0x0, 0x0, 0x0, 0x0, 0x0, 0x4e, 0x0, 0x0, 0x0, 0x0, 0x0, 0x4e, 
	0x0, 0x3f, 0x0, 0x0, 0x0, 0x0, 0x0, 0x0, 0x1, 0x1, 0x2, 0x0, 0x0, 0x0, 0x8d, 0x0, 
	0x22, 0x0, 0x0, 0x0, 0x0, 0x0, 0xaf, 0x0, 0x39, 0x0, 0x0, 0x0, 0x0, 0x0, 0x0, 0x1, 
	0x1, 0x2, 0x0, 0x0, 0x0, 0xe8, 0x0, 0x4f, 0x0, 0x0, 0x0, 0x0, 0x1, 0x37, 0x0, 0x1c, 
	0x0, 0x0, 0x0, 0x0, 0x0, 0x0, 0x1, 0x1, 0x1, 0x0, 0x0, 0x1, 0x53, 0x0, 0x47, 0x0, 
	0x0, 0x0, 0x0, 0x0, 0x0, 0x5, 0x1, 0x3, 0x0, 0x0, 0x1, 0x9a, 0x0, 0x19, 0x0, 0x0, 
	0x0, 0x0, 0x1, 0xb3, 0x0, 0x89, 0x0, 0x0, 0x0, 0x0, 0x2, 0x3c, 0x0, 0x5, 0x0, 0x0, 
	0x0, 0x0, 0x0, 0x0, 0x2, 0x1, 0x0, 0x70, 0x0, 0x0, 0x0, 0x0, 0x0, 0x0, 0x1, 0x1, 
	0x0, 0x0, 0x2, 0x41, 0x0, 0x17, 0x0, 0x0, 0x0, 0x0, 0x0, 0x0, 0x2, 0x1, 0x0, 0x6b, 
	0x0, 0x0, 0x0, 0x0, 0x0, 0x0, 0x1, 0x2, 0x0, 0x0, 0x2, 0x58, 0x0, 0xe, 0x0, 0x0, 
	0x0, 0x0, 0x2, 0x66, 0x0, 0x1d, 0x0, 0x0, 0x0, 0x0, 0x0, 0x0, 0x2, 0x83, 0x56, 0x41, 
	0x59, 0x41, 0x2c, 0x20, 0x45, 0x53, 0x4f, 0x20, 0x4e, 0x4f, 0x20, 0x45, 0x53, 0x54, 0xc1, 0x20, 
	0x42, 0x49, 0x45, 0x4e, 0x2e, 0x20, 0xa1, 0x4e, 0x4f, 0x20, 0x50, 0x55, 0x45, 0x44, 0x45, 0x53, 
	0x20, 0x48, 0x41, 0x42, 0x45, 0x52, 0x4d, 0x45, 0x20, 0x47, 0x41, 0x4e, 0x41, 0x44, 0x4f, 0x20, 
	0x59, 0x20, 0x54, 0x45, 0x4e, 0x45, 0x52, 0x20, 0x53, 0x55, 0x46, 0x49, 0x43, 0x49, 0x45, 0x4e, 
	0x54, 0x45, 0x53, 0x20, 0x4d, 0x4f, 0x4e, 0x45, 0x44, 0x41, 0x53, 0x21, 0x53, 0x55, 0x50, 0x4f, 
	0x4e, 0x47, 0x4f, 0x20, 0x51, 0x55, 0x45, 0x20, 0x41, 0x48, 0x4f, 0x52, 0x41, 0x20, 0x51, 0x55, 
	0x45, 0x52, 0x52, 0xc1, 0x53, 0x20, 0x48, 0x41, 0x53, 0x54, 0x41, 0x20, 0x4d, 0x49, 0x20, 0xda, 
	0x4c, 0x54, 0x49, 0x4d, 0x41, 0x20, 0x50, 0x4f, 0x53, 0x45, 0x53, 0x49, 0xd3, 0x4e, 0x2c, 0x20, 
	0x53, 0x4e, 0x49, 0x46, 0x2c, 0x20, 0x53, 0x4e, 0x49, 0x46, 0x2e, 0xa1, 0x4f, 0x48, 0x2c, 0x20, 
	0x56, 0x41, 0x4d, 0x4f, 0x53, 0x2c, 0x20, 0x7e, 0x2c, 0x20, 0x45, 0x53, 0x20, 0x44, 0x45, 0x4d, 
	0x41, 0x53, 0x49, 0x41, 0x44, 0x4f, 0x20, 0x46, 0xc1, 0x43, 0x49, 0x4c, 0x21, 0xa1, 0x4e, 0x4f, 
	0x20, 0x56, 0x41, 0x53, 0x20, 0x41, 0x20, 0x47, 0x41, 0x4e, 0x41, 0x52, 0x20, 0x4e, 0x41, 0x44, 
	0x41, 0x20, 0x53, 0x49, 0x20, 0x45, 0x53, 0x54, 0x4f, 0x20, 0x45, 0x53, 0x20, 0x4c, 0x4f, 0x20, 
	0x4d, 0x45, 0x4a, 0x4f, 0x52, 0x20, 0x51, 0x55, 0x45, 0x20, 0x53, 0x41, 0x42, 0x45, 0x53, 0x20, 
	0x48, 0x41, 0x43, 0x45, 0x52, 0x21, 0x54, 0x55, 0x56, 0x49, 0x53, 0x54, 0x45, 0x20, 0x53, 0x55, 
	0x45, 0x52, 0x54, 0x45, 0x2c, 0x20, 0x7e, 0x2c, 0x20, 0x50, 0x45, 0x52, 0x4f, 0x20, 0x4e, 0x4f, 
	0x20, 0x53, 0x49, 0x52, 0x56, 0x45, 0x20, 0x51, 0x55, 0x45, 0x20, 0x4d, 0x45, 0x20, 0x47, 0x41, 
	0x4e, 0x45, 0x53, 0x20, 0x53, 0x49, 0x20, 0x4e, 0x4f, 0x20, 0x54, 0x49, 0x45, 0x4e, 0x45, 0x53, 
	0x20, 0x53, 0x55, 0x46, 0x49, 0x43, 0x49, 0x45, 0x4e, 0x54, 0x45, 0x53, 0x20, 0x4d, 0x4f, 0x4e, 
	0x45, 0x44, 0x41, 0x53, 0x2e, 0x54, 0x45, 0x4e, 0x44, 0x52, 0xc1, 0x53, 0x20, 0x51, 0x55, 0x45, 
	0x20, 0x50, 0x52, 0x4f, 0x42, 0x41, 0x52, 0x20, 0x44, 0x45, 0x20, 0x4e, 0x55, 0x45, 0x56, 0x4f, 
	0x2e, 0x4c, 0x4f, 0x20, 0x53, 0x49, 0x45, 0x4e, 0x54, 0x4f, 0x2c, 0x20, 0x7e, 0x2c, 0x20, 0x50, 
	0x45, 0x52, 0x4f, 0x20, 0x4e, 0x4f, 0x20, 0x50, 0x55, 0x45, 0x44, 0x45, 0x53, 0x20, 0x49, 0x52, 
	0x20, 0x50, 0x4f, 0x52, 0x20, 0x41, 0x48, 0xcd, 0x20, 0x50, 0x45, 0x52, 0x44, 0x49, 0x45, 0x4e, 
	0x44, 0x4f, 0x20, 0x54, 0x4f, 0x44, 0x41, 0x53, 0x20, 0x45, 0x53, 0x41, 0x53, 0x20, 0x50, 0x55, 
	0x45, 0x52, 0x54, 0x41, 0x53, 0x2e, 0x2e, 0x2e, 0xa1, 0x4f, 0x59, 0x45, 0x2c, 0x20, 0x7e, 0x2c, 
	0x20, 0x53, 0x4f, 0x59, 0x20, 0x59, 0x4f, 0x20, 0x4f, 0x54, 0x52, 0x41, 0x20, 0x56, 0x45, 0x5a, 
	0x21, 0x4d, 0x45, 0x20, 0x4c, 0x41, 0x53, 0x20, 0x48, 0x45, 0x20, 0x41, 0x52, 0x52, 0x45, 0x47, 
	0x4c, 0x41, 0x44, 0x4f, 0x20, 0x50, 0x41, 0x52, 0x41, 0x20, 0x43, 0x4f, 0x4e, 0x53, 0x45, 0x47, 
	0x55, 0x49, 0x52, 0x20, 0x4f, 0x54, 0x52, 0x41, 0x20, 0x42, 0x52, 0x49, 0x4c, 0x4c, 0x41, 0x4e, 
	0x54, 0x45, 0x20, 0x42, 0x41, 0x4e, 0x41, 0x4e, 0x41, 0x2c, 0x20, 0x50, 0x45, 0x52, 0x4f, 0x20, 
	0x53, 0x49, 0x20, 0x4d, 0x45, 0x20, 0x47, 0x41, 0x4e, 0x41, 0x53, 0x20, 0x45, 0x4e, 0x20, 0x4f, 
	0x54, 0x52, 0x41, 0x20, 0x43, 0x41, 0x52, 0x52, 0x45, 0x52, 0x41, 0x20, 0x44, 0x45, 0x20, 0x44, 
	0x4f, 0x53, 0x20, 0x56, 0x55, 0x45, 0x4c, 0x54, 0x41, 0x53, 0x20, 0x59, 0x20, 0x43, 0x4f, 0x4e, 
	0x53, 0x49, 0x47, 0x55, 0x45, 0x53, 0x20, 0x40, 0x20, 0x4d, 0x4f, 0x4e, 0x45, 0x44, 0x41, 0x53, 
	0x2c, 0x20, 0x45, 0x53, 0x20, 0x54, 0x55, 0x59, 0x41, 0x2e, 0x50, 0x55, 0x4c, 0x53, 0x41, 0x50, 
	0x41, 0x52, 0x41, 0x20, 0x41, 0x43, 0x45, 0x4c, 0x45, 0x52, 0x41, 0x52, 0x20, 0x59, 0x20, 0x55, 
	0x54, 0x49, 0x4c, 0x49, 0x5a, 0x41, 0x50, 0x41, 0x52, 0x41, 0x20, 0x43, 0x4f, 0x4e, 0x44, 0x55, 
	0x43, 0x49, 0x52, 0x2e, 0xbf, 0x45, 0x53, 0x54, 0xc1, 0x53, 0x20, 0x41, 0x20, 0x50, 0x55, 0x4e, 
	0x54, 0x4f, 0x3f, 0x20, 0x41, 0x4c, 0x4c, 0xc1, 0x20, 0x56, 0x41, 0x4d, 0x4f, 0x53, 0x2e, 0x2e, 
	0x2e, 
};
u8 text_35[] = {
	0x28, 0x1, 0x1, 0x1, 0x0, 0x0, 0x0, 0x0, 0x0, 0xd, 0x0, 0x0, 0x0, 0x0, 0x0, 0x0, 
	0x1, 0x1, 0x1, 0x0, 0x0, 0x0, 0xd, 0x0, 0xd, 0x0, 0x0, 0x0, 0x0, 0x0, 0x0, 0x1, 
	0x1, 0x1, 0x0, 0x0, 0x0, 0x1a, 0x0, 0x11, 0x0, 0x0, 0x0, 0x0, 0x0, 0x0, 0x1, 0x1, 
	0x1, 0x0, 0x0, 0x0, 0x2b, 0x0, 0xb, 0x0, 0x0, 0x0, 0x0, 0x0, 0x0, 0x1, 0x1, 0x1, 
	0x0, 0x0, 0x0, 0x36, 0x0, 0xe, 0x0, 0x0, 0x0, 0x0, 0x0, 0x0, 0x1, 0x1, 0x1, 0x0, 
	0x0, 0x0, 0x44, 0x0, 0x10, 0x0, 0x0, 0x0, 0x0, 0x0, 0x0, 0x1, 0x1, 0x1, 0x0, 0x0, 
	0x0, 0x54, 0x0, 0x11, 0x0, 0x0, 0x0, 0x0, 0x0, 0x0, 0x1, 0x1, 0x1, 0x0, 0x0, 0x0, 
	0x65, 0x0, 0x8, 0x0, 0x0, 0x0, 0x0, 0x0, 0x0, 0x1, 0x1, 0x1, 0x0, 0x0, 0x0, 0x6d, 
	0x0, 0x11, 0x0, 0x0, 0x0, 0x0, 0x0, 0x0, 0x1, 0x1, 0x1, 0x0, 0x0, 0x0, 0x7e, 0x0, 
	0xe, 0x0, 0x0, 0x0, 0x0, 0x0, 0x0, 0x1, 0x1, 0x1, 0x0, 0x0, 0x0, 0x8c, 0x0, 0x10, 
	0x0, 0x0, 0x0, 0x0, 0x0, 0x0, 0x1, 0x1, 0x1, 0x0, 0x0, 0x0, 0x9c, 0x0, 0xd, 0x0, 
	0x0, 0x0, 0x0, 0x0, 0x0, 0x1, 0x1, 0x1, 0x0, 0x0, 0x0, 0xa9, 0x0, 0x15, 0x0, 0x0, 
	0x0, 0x0, 0x0, 0x0, 0x1, 0x1, 0x1, 0x0, 0x0, 0x0, 0xbe, 0x0, 0xf, 0x0, 0x0, 0x0, 
	0x0, 0x0, 0x0, 0x1, 0x1, 0x1, 0x0, 0x0, 0x0, 0xcd, 0x0, 0xd, 0x0, 0x0, 0x0, 0x0, 
	0x0, 0x0, 0x1, 0x1, 0x1, 0x0, 0x0, 0x0, 0xda, 0x0, 0x14, 0x0, 0x0, 0x0, 0x0, 0x0, 
	0x0, 0x1, 0x1, 0x1, 0x0, 0x0, 0x0, 0xee, 0x0, 0x16, 0x0, 0x0, 0x0, 0x0, 0x0, 0x0, 
	0x1, 0x1, 0x1, 0x0, 0x0, 0x1, 0x4, 0x0, 0x10, 0x0, 0x0, 0x0, 0x0, 0x0, 0x0, 0x1, 
	0x1, 0x1, 0x0, 0x0, 0x1, 0x14, 0x0, 0x10, 0x0, 0x0, 0x0, 0x0, 0x0, 0x0, 0x1, 0x1, 
	0x1, 0x0, 0x0, 0x1, 0x24, 0x0, 0xf, 0x0, 0x0, 0x0, 0x0, 0x0, 0x0, 0x1, 0x1, 0x1, 
	0x0, 0x0, 0x1, 0x33, 0x0, 0xd, 0x0, 0x0, 0x0, 0x0, 0x0, 0x0, 0x1, 0x1, 0x1, 0x0, 
	0x0, 0x1, 0x40, 0x0, 0x16, 0x0, 0x0, 0x0, 0x0, 0x0, 0x0, 0x1, 0x1, 0x1, 0x0, 0x0, 
	0x1, 0x56, 0x0, 0xb, 0x0, 0x0, 0x0, 0x0, 0x0, 0x0, 0x1, 0x1, 0x1, 0x0, 0x0, 0x1, 
	0x61, 0x0, 0x17, 0x0, 0x0, 0x0, 0x0, 0x0, 0x0, 0x1, 0x1, 0x1, 0x0, 0x0, 0x1, 0x78, 
	0x0, 0x13, 0x0, 0x0, 0x0, 0x0, 0x0, 0x0, 0x1, 0x1, 0x1, 0x0, 0x0, 0x1, 0x8b, 0x0, 
	0x10, 0x0, 0x0, 0x0, 0x0, 0x0, 0x0, 0x1, 0x1, 0x1, 0x0, 0x0, 0x1, 0x9b, 0x0, 0x13, 
	0x0, 0x0, 0x0, 0x0, 0x0, 0x0, 0x1, 0x1, 0x1, 0x0, 0x0, 0x1, 0xae, 0x0, 0x11, 0x0, 
	0x0, 0x0, 0x0, 0x0, 0x0, 0x1, 0x1, 0x1, 0x0, 0x0, 0x1, 0xbf, 0x0, 0x10, 0x0, 0x0, 
	0x0, 0x0, 0x0, 0x0, 0x1, 0x1, 0x1, 0x0, 0x0, 0x1, 0xcf, 0x0, 0x12, 0x0, 0x0, 0x0, 
	0x0, 0x0, 0x0, 0x1, 0x1, 0x1, 0x0, 0x0, 0x1, 0xe1, 0x0, 0x13, 0x0, 0x0, 0x0, 0x0, 
	0x0, 0x0, 0x1, 0x1, 0x1, 0x0, 0x0, 0x1, 0xf4, 0x0, 0x14, 0x0, 0x0, 0x0, 0x0, 0x0, 
	0x0, 0x1, 0x1, 0x1, 0x0, 0x0, 0x2, 0x8, 0x0, 0x12, 0x0, 0x0, 0x0, 0x0, 0x0, 0x0, 
	0x1, 0x1, 0x1, 0x0, 0x0, 0x2, 0x1a, 0x0, 0x18, 0x0, 0x0, 0x0, 0x0, 0x0, 0x0, 0x1, 
	0x1, 0x1, 0x0, 0x0, 0x2, 0x32, 0x0, 0xe, 0x0, 0x0, 0x0, 0x0, 0x0, 0x0, 0x1, 0x1, 
	0x1, 0x0, 0x0, 0x2, 0x40, 0x0, 0xf, 0x0, 0x0, 0x0, 0x0, 0x0, 0x0, 0x1, 0x1, 0x1, 
	0x0, 0x0, 0x2, 0x4f, 0x0, 0x14, 0x0, 0x0, 0x0, 0x0, 0x0, 0x0, 0x1, 0x1, 0x1, 0x0, 
	0x0, 0x2, 0x63, 0x0, 0x11, 0x0, 0x0, 0x0, 0x0, 0x0, 0x0, 0x1, 0x1, 0x1, 0x0, 0x0, 
	0x2, 0x74, 0x0, 0xd, 0x0, 0x0, 0x0, 0x0, 0x0, 0x0, 0x1, 0x1, 0x1, 0x0, 0x0, 0x2, 
	0x81, 0x0, 0x13, 0x0, 0x0, 0x0, 0x0, 0x0, 0x0, 0x2, 0x94, 0x4a, 0x55, 0x4e, 0x47, 0x4c, 
	0x41, 0x20, 0x4a, 0x4f, 0x43, 0x4f, 0x53, 0x41, 0x41, 0x5a, 0x54, 0x45, 0x43, 0x41, 0x20, 0x41, 
	0x49, 0x52, 0x41, 0x44, 0x4f, 0x46, 0xc1, 0x42, 0x52, 0x49, 0x43, 0x41, 0x20, 0x46, 0x52, 0x45, 
	0x4e, 0xc9, 0x54, 0x49, 0x43, 0x41, 0x47, 0x41, 0x4c, 0x45, 0xd3, 0x4e, 0x20, 0x47, 0x41, 0x46, 
	0x45, 0x53, 0x45, 0x4c, 0x56, 0x41, 0x20, 0x44, 0x45, 0x20, 0x53, 0x45, 0x54, 0x41, 0x53, 0x43, 
	0x55, 0x45, 0x56, 0x41, 0x20, 0x43, 0x52, 0x49, 0x53, 0x54, 0x41, 0x4c, 0x49, 0x4e, 0x41, 0x43, 
	0x41, 0x53, 0x54, 0x49, 0x4c, 0x4c, 0x4f, 0x20, 0x43, 0x41, 0x4e, 0x47, 0x55, 0x45, 0x4c, 0x4f, 
	0x49, 0x53, 0x4c, 0x41, 0x53, 0x20, 0x44, 0x4b, 0x45, 0x53, 0x43, 0x4f, 0x4e, 0x44, 0x49, 0x54, 
	0x45, 0x20, 0x45, 0x58, 0x54, 0x52, 0x45, 0x4d, 0x4f, 0x4d, 0x41, 0x52, 0x43, 0x41, 0x44, 0x4f, 
	0x52, 0x20, 0x46, 0x49, 0x4e, 0x41, 0x4c, 0x41, 0x52, 0x4d, 0x45, 0x52, 0xcd, 0x41, 0x20, 0x44, 
	0x45, 0x20, 0x46, 0x55, 0x4e, 0x4b, 0x59, 0x43, 0x2e, 0x47, 0x2e, 0x20, 0x44, 0x45, 0x20, 0x53, 
	0x4e, 0x49, 0x44, 0x45, 0x4c, 0x41, 0x42, 0x4f, 0x52, 0x41, 0x54, 0x4f, 0x52, 0x49, 0x4f, 0x20, 
	0x44, 0x45, 0x20, 0x43, 0x52, 0x41, 0x4e, 0x4b, 0x59, 0x54, 0x49, 0x45, 0x4e, 0x44, 0x41, 0x20, 
	0x44, 0x45, 0x20, 0x43, 0x41, 0x4e, 0x44, 0x59, 0x54, 0x52, 0x4f, 0x46, 0x46, 0x20, 0x59, 0x20, 
	0x53, 0x43, 0x4f, 0x46, 0x46, 0xa1, 0x4b, 0x4f, 0x53, 0x4b, 0x4f, 0x52, 0x52, 0xd3, 0x4e, 0x20, 
	0x4b, 0x52, 0x45, 0x4d, 0x4c, 0x49, 0x4e, 0x47, 0x21, 0xa1, 0x54, 0x4f, 0x52, 0x54, 0x55, 0x47, 
	0x41, 0x53, 0x20, 0x54, 0x45, 0x4d, 0x42, 0x4c, 0x4f, 0x52, 0x4f, 0x53, 0x41, 0x53, 0x21, 0xa1, 
	0x42, 0x41, 0x52, 0x52, 0x49, 0x4c, 0x20, 0x42, 0x41, 0x4e, 0x44, 0x49, 0x44, 0x4f, 0x21, 0xa1, 
	0x4c, 0x41, 0x42, 0x45, 0x52, 0x49, 0x4e, 0x54, 0x4f, 0x20, 0x4c, 0x4f, 0x43, 0x4f, 0x21, 0xa1, 
	0x53, 0x49, 0x53, 0x41, 0x20, 0x53, 0x49, 0x47, 0x49, 0x4c, 0x4f, 0x53, 0x41, 0x21, 0xa1, 0x46, 
	0x49, 0x53, 0x47, 0xd3, 0x4e, 0x20, 0x46, 0x49, 0x4e, 0x4f, 0x21, 0xa1, 0x56, 0x41, 0x47, 0x4f, 
	0x4e, 0x45, 0x54, 0x41, 0x53, 0x20, 0x44, 0x45, 0x20, 0x56, 0xc9, 0x52, 0x54, 0x49, 0x47, 0x4f, 
	0x21, 0xa1, 0x42, 0x41, 0x52, 0x52, 0x49, 0x4c, 0x41, 0x5a, 0x4f, 0x21, 0xa1, 0x53, 0x41, 0x4c, 
	0x50, 0x49, 0x43, 0x41, 0x44, 0x55, 0x52, 0x41, 0x53, 0x20, 0x53, 0x41, 0x4c, 0x56, 0x41, 0x4a, 
	0x45, 0x53, 0x21, 0xa1, 0x5a, 0x4f, 0x4e, 0x41, 0x20, 0x5a, 0x49, 0x47, 0x5a, 0x41, 0x47, 0x55, 
	0x45, 0x41, 0x4e, 0x54, 0x45, 0x21, 0xa1, 0x43, 0x41, 0x53, 0x54, 0x4f, 0x52, 0x20, 0x43, 0x52, 
	0x45, 0x54, 0x49, 0x4e, 0x4f, 0x21, 0xa1, 0x50, 0x52, 0x4f, 0x59, 0x45, 0x43, 0x54, 0x4f, 0x52, 
	0x20, 0x50, 0x45, 0x52, 0x44, 0x49, 0x44, 0x4f, 0x21, 0xa1, 0x4b, 0x4f, 0x4e, 0x47, 0x20, 0x4b, 
	0x41, 0x42, 0x45, 0x5a, 0x41, 0x4c, 0x4f, 0x4b, 0x41, 0x21, 0xa1, 0x43, 0x41, 0x4d, 0x49, 0x4e, 
	0x4f, 0x20, 0x43, 0x52, 0xcd, 0x54, 0x49, 0x43, 0x4f, 0x21, 0xa1, 0x42, 0x49, 0x43, 0x48, 0x41, 
	0x5a, 0x4f, 0x20, 0x42, 0x41, 0x54, 0x41, 0x4b, 0x41, 0x5a, 0x4f, 0x21, 0xa1, 0x43, 0x41, 0x53, 
	0x54, 0x4f, 0x52, 0x45, 0x53, 0x20, 0x43, 0x41, 0x53, 0x43, 0x41, 0x44, 0x4f, 0x53, 0x21, 0xa1, 
	0x4b, 0x41, 0x52, 0x4e, 0x49, 0x43, 0x45, 0x52, 0xcd, 0x41, 0x20, 0x4b, 0x52, 0x49, 0x54, 0x54, 
	0x45, 0x52, 0x21, 0xa1, 0x41, 0x52, 0x45, 0x4e, 0x41, 0x20, 0x44, 0x45, 0x20, 0x43, 0x4f, 0x4d, 
	0x42, 0x41, 0x54, 0x45, 0x21, 0xa1, 0x4d, 0xc1, 0x53, 0x20, 0x4b, 0x41, 0x52, 0x4e, 0x49, 0x43, 
	0x45, 0x52, 0xcd, 0x41, 0x20, 0x4b, 0x52, 0x49, 0x54, 0x54, 0x45, 0x52, 0x21, 0xa1, 0x43, 0x49, 
	0x4d, 0x41, 0x20, 0x43, 0x41, 0xd3, 0x54, 0x49, 0x43, 0x41, 0x21, 0xa1, 0x46, 0x55, 0x52, 0x49, 
	0x41, 0x20, 0x46, 0x55, 0x52, 0x49, 0x4f, 0x53, 0x41, 0x21, 0xa1, 0x4b, 0x41, 0x4d, 0x49, 0x4b, 
	0x41, 0x5a, 0x45, 0x53, 0x20, 0x4b, 0x52, 0x45, 0x4d, 0x4c, 0x49, 0x4e, 0x47, 0x21, 0xa1, 0x50, 
	0xc1, 0x4e, 0x49, 0x43, 0x4f, 0x20, 0x50, 0x41, 0x54, 0xc9, 0x54, 0x49, 0x43, 0x4f, 0x21, 0xa1, 
	0x4c, 0x55, 0x43, 0x48, 0x41, 0x20, 0x4c, 0x45, 0x54, 0x41, 0x4c, 0x21, 0xa1, 0x41, 0x47, 0x52, 
	0x45, 0x53, 0x54, 0x45, 0x20, 0x41, 0x4c, 0x54, 0x45, 0x52, 0x43, 0x41, 0x44, 0x4f, 0x21, 
};
u8 text_36[] = {
	0x1c, 0x1, 0x1, 0x1, 0x0, 0x0, 0x0, 0x0, 0x0, 0x6, 0x0, 0x0, 0x0, 0x0, 0x0, 0x0, 
	0x1, 0x1, 0x1, 0x0, 0x0, 0x0, 0x6, 0x0, 0x7, 0x0, 0x0, 0x0, 0x0, 0x0, 0x0, 0x1, 
	0x1, 0x1, 0x0, 0x0, 0x0, 0xd, 0x0, 0xf, 0x0, 0x0, 0x0, 0x0, 0x0, 0x0, 0x1, 0x1, 
	0x1, 0x0, 0x0, 0x0, 0x1c, 0x0, 0xf, 0x0, 0x0, 0x0, 0x0, 0x0, 0x0, 0x1, 0x1, 0x1, 
	0x0, 0x0, 0x0, 0x2b, 0x0, 0x9, 0x0, 0x0, 0x0, 0x0, 0x0, 0x0, 0x1, 0x1, 0x1, 0x0, 
	0x0, 0x0, 0x34, 0x0, 0xe, 0x0, 0x0, 0x0, 0x0, 0x0, 0x0, 0x1, 0x1, 0x1, 0x0, 0x0, 
	0x0, 0x42, 0x0, 0x7, 0x0, 0x0, 0x0, 0x0, 0x0, 0x0, 0x1, 0x1, 0x1, 0x0, 0x0, 0x0, 
	0x49, 0x0, 0x8, 0x0, 0x0, 0x0, 0x0, 0x0, 0x0, 0x1, 0x1, 0x1, 0x0, 0x0, 0x0, 0x51, 
	0x0, 0x1, 0x0, 0x0, 0x0, 0x0, 0x0, 0x0, 0x1, 0x1, 0x1, 0x0, 0x0, 0x0, 0x52, 0x0, 
	0xb, 0x0, 0x0, 0x0, 0x0, 0x0, 0x0, 0x1, 0x1, 0x1, 0x0, 0x0, 0x0, 0x5d, 0x0, 0xa, 
	0x0, 0x0, 0x0, 0x0, 0x0, 0x0, 0x1, 0x1, 0x1, 0x0, 0x0, 0x0, 0x67, 0x0, 0xa, 0x0, 
	0x0, 0x0, 0x0, 0x0, 0x0, 0x1, 0x1, 0x1, 0x0, 0x0, 0x0, 0x71, 0x0, 0x9, 0x0, 0x0, 
	0x0, 0x0, 0x0, 0x0, 0x1, 0x1, 0x1, 0x0, 0x0, 0x0, 0x7a, 0x0, 0xb, 0x0, 0x0, 0x0, 
	0x0, 0x0, 0x0, 0x1, 0x1, 0x1, 0x0, 0x0, 0x0, 0x85, 0x0, 0xe, 0x0, 0x0, 0x0, 0x0, 
	0x0, 0x0, 0x1, 0x1, 0x1, 0x0, 0x0, 0x0, 0x93, 0x0, 0xe, 0x0, 0x0, 0x0, 0x0, 0x0, 
	0x0, 0x1, 0x1, 0x1, 0x0, 0x0, 0x0, 0xa1, 0x0, 0x2, 0x0, 0x0, 0x0, 0x0, 0x0, 0x0, 
	0x1, 0x1, 0x1, 0x0, 0x0, 0x0, 0xa3, 0x0, 0x2, 0x0, 0x0, 0x0, 0x0, 0x0, 0x0, 0x1, 
	0x1, 0x1, 0x0, 0x0, 0x0, 0xa5, 0x0, 0xf, 0x0, 0x0, 0x0, 0x0, 0x0, 0x0, 0x1, 0x1, 
	0x1, 0x0, 0x0, 0x0, 0xb4, 0x0, 0x12, 0x0, 0x0, 0x0, 0x0, 0x0, 0x0, 0x1, 0x1, 0x1, 
	0x0, 0x0, 0x0, 0xc6, 0x0, 0xf, 0x0, 0x0, 0x0, 0x0, 0x0, 0x0, 0x1, 0x1, 0x1, 0x0, 
	0x0, 0x0, 0xd5, 0x0, 0xf, 0x0, 0x0, 0x0, 0x0, 0x0, 0x0, 0x1, 0x1, 0x1, 0x0, 0x0, 
	0x0, 0xe4, 0x0, 0xf, 0x0, 0x0, 0x0, 0x0, 0x0, 0x0, 0x1, 0x1, 0x1, 0x0, 0x0, 0x0, 
	0xf3, 0x0, 0xc, 0x0, 0x0, 0x0, 0x0, 0x0, 0x0, 0x1, 0x1, 0x1, 0x0, 0x0, 0x0, 0xff, 
	0x0, 0xf, 0x0, 0x0, 0x0, 0x0, 0x0, 0x0, 0x1, 0x1, 0x1, 0x0, 0x0, 0x1, 0xe, 0x0, 
	0x6, 0x0, 0x0, 0x0, 0x0, 0x0, 0x0, 0x1, 0x1, 0x1, 0x0, 0x0, 0x1, 0x14, 0x0, 0xe, 
	0x0, 0x0, 0x0, 0x0, 0x0, 0x0, 0x1, 0x1, 0x1, 0x0, 0x0, 0x1, 0x22, 0x0, 0xe, 0x0, 
	0x0, 0x0, 0x0, 0x0, 0x0, 0x1, 0x30, 0x56, 0x4f, 0x4c, 0x56, 0x45, 0x52, 0x47, 0x55, 0x41, 
	0x52, 0x44, 0x41, 0x52, 0x53, 0x41, 0x4c, 0x49, 0x52, 0x20, 0x44, 0x45, 0x4c, 0x20, 0x4e, 0x49, 
	0x56, 0x45, 0x4c, 0x53, 0x41, 0x4c, 0x49, 0x52, 0x20, 0x44, 0x45, 0x4c, 0x20, 0x4a, 0x55, 0x45, 
	0x47, 0x4f, 0x52, 0x45, 0x49, 0x4e, 0x49, 0x43, 0x49, 0x41, 0x52, 0x53, 0x41, 0x4c, 0x49, 0x52, 
	0x20, 0x41, 0x4c, 0x20, 0x4e, 0x49, 0x56, 0x45, 0x4c, 0x54, 0x4f, 0x54, 0x41, 0x4c, 0x45, 0x53, 
	0xbf, 0x53, 0x45, 0x47, 0x55, 0x52, 0x4f, 0x3f, 0x21, 0x44, 0x4f, 0x4e, 0x4b, 0x45, 0x59, 0x20, 
	0x4b, 0x4f, 0x4e, 0x47, 0x44, 0x49, 0x44, 0x44, 0x59, 0x20, 0x4b, 0x4f, 0x4e, 0x47, 0x4c, 0x41, 
	0x4e, 0x4b, 0x59, 0x20, 0x4b, 0x4f, 0x4e, 0x47, 0x54, 0x49, 0x4e, 0x59, 0x20, 0x4b, 0x4f, 0x4e, 
	0x47, 0x43, 0x48, 0x55, 0x4e, 0x4b, 0x59, 0x20, 0x4b, 0x4f, 0x4e, 0x47, 0x54, 0x4f, 0x44, 0x4f, 
	0x53, 0x20, 0x4c, 0x4f, 0x53, 0x20, 0x4b, 0x4f, 0x4e, 0x47, 0xbf, 0x4f, 0x54, 0x52, 0x4f, 0x20, 
	0x49, 0x4e, 0x54, 0x45, 0x4e, 0x54, 0x4f, 0x3f, 0x53, 0xcd, 0x4e, 0x4f, 0x42, 0x41, 0x4e, 0x41, 
	0x4e, 0x41, 0x53, 0x20, 0x44, 0x4f, 0x52, 0x41, 0x44, 0x41, 0x53, 0x43, 0x4f, 0x52, 0x4f, 0x4e, 
	0x41, 0x53, 0x20, 0x44, 0x45, 0x20, 0x42, 0x41, 0x54, 0x41, 0x4c, 0x4c, 0x41, 0x4c, 0x4c, 0x41, 
	0x56, 0x45, 0x53, 0x20, 0x44, 0x45, 0x20, 0x4a, 0x45, 0x46, 0x45, 0x53, 0x4d, 0x45, 0x44, 0x41, 
	0x4c, 0x4c, 0x41, 0x53, 0x20, 0x42, 0x41, 0x4e, 0x41, 0x4e, 0x41, 0x4d, 0x4f, 0x4e, 0x45, 0x44, 
	0x41, 0x20, 0x52, 0x41, 0x52, 0x45, 0x57, 0x41, 0x52, 0x45, 0x48, 0x41, 0x44, 0x41, 0x53, 0x20, 
	0x42, 0x41, 0x4e, 0x41, 0x4e, 0x41, 0x4d, 0x4f, 0x4e, 0x45, 0x44, 0x41, 0x20, 0x4e, 0x49, 0x4e, 
	0x54, 0x45, 0x4e, 0x44, 0x4f, 0x50, 0x4c, 0x41, 0x4e, 0x4f, 0x53, 0x4c, 0x4c, 0x41, 0x56, 0x45, 
	0x20, 0x44, 0x45, 0x20, 0x48, 0x49, 0x45, 0x4c, 0x4f, 0x4d, 0x41, 0x52, 0x43, 0x41, 0x44, 0x4f, 
	0x52, 0x20, 0x46, 0x49, 0x4e, 0x41, 0x4c, 
};
u8 text_37[] = {
	0x66, 0x1, 0x1, 0x1, 0x0, 0x0, 0x0, 0x0, 0x0, 0x8, 0x0, 0x0, 0x0, 0x0, 0x0, 0x0, 
	0x1, 0x1, 0x1, 0x0, 0x0, 0x0, 0x8, 0x0, 0x6, 0x0, 0x0, 0x0, 0x0, 0x0, 0x0, 0x1, 
	0x1, 0x1, 0x0, 0x0, 0x0, 0xe, 0x0, 0xc, 0x0, 0x0, 0x0, 0x0, 0x0, 0x0, 0x1, 0x1, 
	0x1, 0x0, 0x0, 0x0, 0x1a, 0x0, 0x9, 0x0, 0x0, 0x0, 0x0, 0x0, 0x0, 0x1, 0x1, 0x1, 
	0x0, 0x0, 0x0, 0x23, 0x0, 0x8, 0x0, 0x0, 0x0, 0x0, 0x0, 0x0, 0x1, 0x1, 0x1, 0x0, 
	0x0, 0x0, 0x2b, 0x0, 0xc, 0x0, 0x0, 0x0, 0x0, 0x0, 0x0, 0x1, 0x1, 0x1, 0x0, 0x0, 
	0x0, 0x37, 0x0, 0x5, 0x0, 0x0, 0x0, 0x0, 0x0, 0x0, 0x1, 0x1, 0x1, 0x0, 0x0, 0x0, 
	0x3c, 0x0, 0x5, 0x0, 0x0, 0x0, 0x0, 0x0, 0x0, 0x1, 0x1, 0x1, 0x0, 0x0, 0x0, 0x41, 
	0x0, 0x6, 0x0, 0x0, 0x0, 0x0, 0x0, 0x0, 0x1, 0x1, 0x1, 0x0, 0x0, 0x0, 0x47, 0x0, 
	0xe, 0x0, 0x0, 0x0, 0x0, 0x0, 0x0, 0x1, 0x1, 0x1, 0x0, 0x0, 0x0, 0x55, 0x0, 0x2, 
	0x0, 0x0, 0x0, 0x0, 0x0, 0x0, 0x1, 0x1, 0x1, 0x0, 0x0, 0x0, 0x57, 0x0, 0x2, 0x0, 
	0x0, 0x0, 0x0, 0x0, 0x0, 0x1, 0x1, 0x1, 0x0, 0x0, 0x0, 0x59, 0x0, 0xe, 0x0, 0x0, 
	0x0, 0x0, 0x0, 0x0, 0x1, 0x1, 0x1, 0x0, 0x0, 0x0, 0x67, 0x0, 0x10, 0x0, 0x0, 0x0, 
	0x0, 0x0, 0x0, 0x1, 0x1, 0x1, 0x0, 0x0, 0x0, 0x77, 0x0, 0x5, 0x0, 0x0, 0x0, 0x0, 
	0x0, 0x0, 0x1, 0x1, 0x1, 0x0, 0x0, 0x0, 0x7c, 0x0, 0xd, 0x0, 0x0, 0x0, 0x0, 0x0, 
	0x0, 0x1, 0x1, 0x1, 0x0, 0x0, 0x0, 0x89, 0x0, 0xd, 0x0, 0x0, 0x0, 0x0, 0x0, 0x0, 
	0x1, 0x1, 0x1, 0x0, 0x0, 0x0, 0x96, 0x0, 0xf, 0x0, 0x0, 0x0, 0x0, 0x0, 0x0, 0x1, 
	0x1, 0x1, 0x0, 0x0, 0x0, 0xa5, 0x0, 0x9, 0x0, 0x0, 0x0, 0x0, 0x0, 0x0, 0x1, 0x1, 
	0x1, 0x0, 0x0, 0x0, 0xae, 0x0, 0x6, 0x0, 0x0, 0x0, 0x0, 0x0, 0x0, 0x1, 0x1, 0x1, 
	0x0, 0x0, 0x0, 0xb4, 0x0, 0x8, 0x0, 0x0, 0x0, 0x0, 0x0, 0x0, 0x1, 0x1, 0x1, 0x0, 
	0x0, 0x0, 0xbc, 0x0, 0xe, 0x0, 0x0, 0x0, 0x0, 0x0, 0x0, 0x1, 0x1, 0x1, 0x0, 0x0, 
	0x0, 0xca, 0x0, 0x4, 0x0, 0x0, 0x0, 0x0, 0x0, 0x0, 0x1, 0x1, 0x1, 0x0, 0x0, 0x0, 
	0xce, 0x0, 0x5, 0x0, 0x0, 0x0, 0x0, 0x0, 0x0, 0x1, 0x1, 0x1, 0x0, 0x0, 0x0, 0xd3, 
	0x0, 0x6, 0x0, 0x0, 0x0, 0x0, 0x0, 0x0, 0x1, 0x1, 0x1, 0x0, 0x0, 0x0, 0xd9, 0x0, 
	0x7, 0x0, 0x0, 0x0, 0x0, 0x0, 0x0, 0x1, 0x1, 0x1, 0x0, 0x0, 0x0, 0xe0, 0x0, 0x5, 
	0x0, 0x0, 0x0, 0x0, 0x0, 0x0, 0x1, 0x1, 0x1, 0x0, 0x0, 0x0, 0xe5, 0x0, 0x6, 0x0, 
	0x0, 0x0, 0x0, 0x0, 0x0, 0x1, 0x1, 0x1, 0x0, 0x0, 0x0, 0xeb, 0x0, 0x10, 0x0, 0x0, 
	0x0, 0x0, 0x0, 0x0, 0x1, 0x1, 0x1, 0x0, 0x0, 0x0, 0xfb, 0x0, 0x6, 0x0, 0x0, 0x0, 
	0x0, 0x0, 0x0, 0x1, 0x1, 0x1, 0x0, 0x0, 0x1, 0x1, 0x0, 0x4, 0x0, 0x0, 0x0, 0x0, 
	0x0, 0x0, 0x1, 0x1, 0x1, 0x0, 0x0, 0x1, 0x5, 0x0, 0xa, 0x0, 0x0, 0x0, 0x0, 0x0, 
	0x0, 0x1, 0x1, 0x1, 0x0, 0x0, 0x1, 0xf, 0x0, 0x6, 0x0, 0x0, 0x0, 0x0, 0x0, 0x0, 
	0x1, 0x1, 0x1, 0x0, 0x0, 0x1, 0x15, 0x0, 0x9, 0x0, 0x0, 0x0, 0x0, 0x0, 0x0, 0x1, 
	0x1, 0x1, 0x0, 0x0, 0x1, 0x1e, 0x0, 0x11, 0x0, 0x0, 0x0, 0x0, 0x0, 0x0, 0x1, 0x1, 
	0x1, 0x0, 0x0, 0x1, 0x2f, 0x0, 0x6, 0x0, 0x0, 0x0, 0x0, 0x0, 0x0, 0x1, 0x1, 0x1, 
	0x0, 0x0, 0x1, 0x35, 0x0, 0x9, 0x0, 0x0, 0x0, 0x0, 0x0, 0x0, 0x1, 0x1, 0x1, 0x0, 
	0x0, 0x1, 0x3e, 0x0, 0x7, 0x0, 0x0, 0x0, 0x0, 0x0, 0x0, 0x1, 0x1, 0x1, 0x0, 0x0, 
	0x1, 0x45, 0x0, 0x4, 0x0, 0x0, 0x0, 0x0, 0x0, 0x0, 0x1, 0x1, 0x1, 0x0, 0x0, 0x1, 
	0x49, 0x0, 0x8, 0x0, 0x0, 0x0, 0x0, 0x0, 0x0, 0x1, 0x1, 0x1, 0x0, 0x0, 0x1, 0x51, 
	0x0, 0x7, 0x0, 0x0, 0x0, 0x0, 0x0, 0x0, 0x1, 0x1, 0x1, 0x0, 0x0, 0x1, 0x58, 0x0, 
	0x8, 0x0, 0x0, 0x0, 0x0, 0x0, 0x0, 0x1, 0x1, 0x1, 0x0, 0x0, 0x1, 0x60, 0x0, 0xf, 
	0x0, 0x0, 0x0, 0x0, 0x0, 0x0, 0x1, 0x1, 0x1, 0x0, 0x0, 0x1, 0x6f, 0x0, 0xf, 0x0, 
	0x0, 0x0, 0x0, 0x0, 0x0, 0x1, 0x1, 0x1, 0x0, 0x0, 0x1, 0x7e, 0x0, 0xe, 0x0, 0x0, 
	0x0, 0x0, 0x0, 0x0, 0x1, 0x1, 0x1, 0x0, 0x0, 0x1, 0x8c, 0x0, 0xc, 0x0, 0x0, 0x0, 
	0x0, 0x0, 0x0, 0x1, 0x1, 0x1, 0x0, 0x0, 0x1, 0x98, 0x0, 0x6, 0x0, 0x0, 0x0, 0x0, 
	0x0, 0x0, 0x1, 0x1, 0x1, 0x0, 0x0, 0x1, 0x9e, 0x0, 0x6, 0x0, 0x0, 0x0, 0x0, 0x0, 
	0x0, 0x1, 0x1, 0x1, 0x0, 0x0, 0x1, 0xa4, 0x0, 0xa, 0x0, 0x0, 0x0, 0x0, 0x0, 0x0, 
	0x1, 0x1, 0x1, 0x0, 0x0, 0x1, 0xae, 0x0, 0x2, 0x0, 0x0, 0x0, 0x0, 0x0, 0x0, 0x1, 
	0x1, 0x1, 0x0, 0x0, 0x1, 0xb0, 0x0, 0x2, 0x0, 0x0, 0x0, 0x0, 0x0, 0x0, 0x1, 0x1, 
	0x1, 0x0, 0x0, 0x1, 0xb2, 0x0, 0x7, 0x0, 0x0, 0x0, 0x0, 0x0, 0x0, 0x1, 0x1, 0x1, 
	0x0, 0x0, 0x1, 0xb9, 0x0, 0x5, 0x0, 0x0, 0x0, 0x0, 0x0, 0x0, 0x1, 0x1, 0x1, 0x0, 
	0x0, 0x1, 0xbe, 0x0, 0x7, 0x0, 0x0, 0x0, 0x0, 0x0, 0x0, 0x1, 0x1, 0x1, 0x0, 0x0, 
	0x1, 0xc5, 0x0, 0x8, 0x0, 0x0, 0x0, 0x0, 0x0, 0x0, 0x1, 0x1, 0x1, 0x0, 0x0, 0x1, 
	0xcd, 0x0, 0x7, 0x0, 0x0, 0x0, 0x0, 0x0, 0x0, 0x1, 0x1, 0x1, 0x0, 0x0, 0x1, 0xd4, 
	0x0, 0x8, 0x0, 0x0, 0x0, 0x0, 0x0, 0x0, 0x1, 0x1, 0x1, 0x0, 0x0, 0x1, 0xdc, 0x0, 
	0x9, 0x0, 0x0, 0x0, 0x0, 0x0, 0x0, 0x1, 0x1, 0x1, 0x0, 0x0, 0x1, 0xe5, 0x0, 0x7, 
	0x0, 0x0, 0x0, 0x0, 0x0, 0x0, 0x1, 0x1, 0x1, 0x0, 0x0, 0x1, 0xec, 0x0, 0x6, 0x0, 
	0x0, 0x0, 0x0, 0x0, 0x0, 0x1, 0x1, 0x1, 0x0, 0x0, 0x1, 0xf2, 0x0, 0x3, 0x0, 0x0, 
	0x0, 0x0, 0x0, 0x0, 0x1, 0x1, 0x1, 0x0, 0x0, 0x1, 0xf5, 0x0, 0xd, 0x0, 0x0, 0x0, 
	0x0, 0x0, 0x0, 0x1, 0x1, 0x1, 0x0, 0x0, 0x2, 0x2, 0x0, 0xb, 0x0, 0x0, 0x0, 0x0, 
	0x0, 0x0, 0x1, 0x1, 0x1, 0x0, 0x0, 0x2, 0xd, 0x0, 0xb, 0x0, 0x0, 0x0, 0x0, 0x0, 
	0x0, 0x1, 0x1, 0x1, 0x0, 0x0, 0x2, 0x18, 0x0, 0xc, 0x0, 0x0, 0x0, 0x0, 0x0, 0x0, 
	0x1, 0x1, 0x1, 0x0, 0x0, 0x2, 0x24, 0x0, 0xb, 0x0, 0x0, 0x0, 0x0, 0x0, 0x0, 0x1, 
	0x1, 0x1, 0x0, 0x0, 0x2, 0x2f, 0x0, 0xa, 0x0, 0x0, 0x0, 0x0, 0x0, 0x0, 0x1, 0x1, 
	0x1, 0x0, 0x0, 0x2, 0x39, 0x0, 0xb, 0x0, 0x0, 0x0, 0x0, 0x0, 0x0, 0x1, 0x1, 0x1, 
	0x0, 0x0, 0x2, 0x44, 0x0, 0xd, 0x0, 0x0, 0x0, 0x0, 0x0, 0x0, 0x1, 0x1, 0x1, 0x0, 
	0x0, 0x2, 0x51, 0x0, 0x10, 0x0, 0x0, 0x0, 0x0, 0x0, 0x0, 0x1, 0x1, 0x1, 0x0, 0x0, 
	0x2, 0x61, 0x0, 0xe, 0x0, 0x0, 0x0, 0x0, 0x0, 0x0, 0x1, 0x1, 0x1, 0x0, 0x0, 0x2, 
	0x6f, 0x0, 0x12, 0x0, 0x0, 0x0, 0x0, 0x0, 0x0, 0x1, 0x1, 0x1, 0x0, 0x0, 0x2, 0x81, 
	0x0, 0x9, 0x0, 0x0, 0x0, 0x0, 0x0, 0x0, 0x1, 0x1, 0x1, 0x0, 0x0, 0x2, 0x8a, 0x0, 
	0xf, 0x0, 0x0, 0x0, 0x0, 0x0, 0x0, 0x1, 0x1, 0x1, 0x0, 0x0, 0x2, 0x99, 0x0, 0xb, 
	0x0, 0x0, 0x0, 0x0, 0x0, 0x0, 0x1, 0x1, 0x1, 0x0, 0x0, 0x2, 0xa4, 0x0, 0xb, 0x0, 
	0x0, 0x0, 0x0, 0x0, 0x0, 0x1, 0x1, 0x1, 0x0, 0x0, 0x2, 0xaf, 0x0, 0xc, 0x0, 0x0, 
	0x0, 0x0, 0x0, 0x0, 0x1, 0x1, 0x1, 0x0, 0x0, 0x2, 0xbb, 0x0, 0xb, 0x0, 0x0, 0x0, 
	0x0, 0x0, 0x0, 0x1, 0x1, 0x1, 0x0, 0x0, 0x2, 0xc6, 0x0, 0xa, 0x0, 0x0, 0x0, 0x0, 
	0x0, 0x0, 0x1, 0x1, 0x1, 0x0, 0x0, 0x2, 0xd0, 0x0, 0xb, 0x0, 0x0, 0x0, 0x0, 0x0, 
	0x0, 0x1, 0x1, 0x1, 0x0, 0x0, 0x2, 0xdb, 0x0, 0xd, 0x0, 0x0, 0x0, 0x0, 0x0, 0x0, 
	0x1, 0x1, 0x1, 0x0, 0x0, 0x2, 0xe8, 0x0, 0x10, 0x0, 0x0, 0x0, 0x0, 0x0, 0x0, 0x1, 
	0x1, 0x1, 0x0, 0x0, 0x2, 0xf8, 0x0, 0xb, 0x0, 0x0, 0x0, 0x0, 0x0, 0x0, 0x1, 0x1, 
	0x1, 0x0, 0x0, 0x3, 0x3, 0x0, 0xe, 0x0, 0x0, 0x0, 0x0, 0x0, 0x0, 0x1, 0x1, 0x1, 
	0x0, 0x0, 0x3, 0x11, 0x0, 0x9, 0x0, 0x0, 0x0, 0x0, 0x0, 0x0, 0x1, 0x1, 0x1, 0x0, 
	0x0, 0x3, 0x1a, 0x0, 0x6, 0x0, 0x0, 0x0, 0x0, 0x0, 0x0, 0x1, 0x1, 0x1, 0x0, 0x0, 
	0x3, 0x20, 0x0, 0x7, 0x0, 0x0, 0x0, 0x0, 0x0, 0x0, 0x1, 0x1, 0x1, 0x0, 0x0, 0x3, 
	0x27, 0x0, 0x8, 0x0, 0x0, 0x0, 0x0, 0x0, 0x0, 0x1, 0x1, 0x1, 0x0, 0x0, 0x3, 0x2f, 
	0x0, 0x8, 0x0, 0x0, 0x0, 0x0, 0x0, 0x0, 0x1, 0x1, 0x1, 0x0, 0x0, 0x3, 0x37, 0x0, 
	0x8, 0x0, 0x0, 0x0, 0x0, 0x0, 0x0, 0x1, 0x1, 0x1, 0x0, 0x0, 0x3, 0x3f, 0x0, 0x10, 
	0x0, 0x0, 0x0, 0x0, 0x0, 0x0, 0x1, 0x1, 0x1, 0x0, 0x0, 0x3, 0x4f, 0x0, 0xc, 0x0, 
	0x0, 0x0, 0x0, 0x0, 0x0, 0x1, 0x1, 0x1, 0x0, 0x0, 0x3, 0x5b, 0x0, 0x4, 0x0, 0x0, 
	0x0, 0x0, 0x0, 0x0, 0x1, 0x1, 0x1, 0x0, 0x0, 0x3, 0x5f, 0x0, 0x5, 0x0, 0x0, 0x0, 
	0x0, 0x0, 0x0, 0x1, 0x1, 0x1, 0x0, 0x0, 0x3, 0x64, 0x0, 0x6, 0x0, 0x0, 0x0, 0x0, 
	0x0, 0x0, 0x1, 0x1, 0x1, 0x0, 0x0, 0x3, 0x6a, 0x0, 0xd, 0x0, 0x0, 0x0, 0x0, 0x0, 
	0x0, 0x1, 0x1, 0x1, 0x0, 0x0, 0x3, 0x77, 0x0, 0x10, 0x0, 0x0, 0x0, 0x0, 0x0, 0x0, 
	0x1, 0x1, 0x1, 0x0, 0x0, 0x3, 0x87, 0x0, 0xb, 0x0, 0x0, 0x0, 0x0, 0x0, 0x0, 0x1, 
	0x1, 0x1, 0x0, 0x0, 0x3, 0x92, 0x0, 0xe, 0x0, 0x0, 0x0, 0x0, 0x0, 0x0, 0x1, 0x1, 
	0x1, 0x0, 0x0, 0x3, 0xa0, 0x0, 0x1f, 0x0, 0x0, 0x0, 0x0, 0x0, 0x0, 0x1, 0x1, 0x1, 
	0x0, 0x0, 0x3, 0xbf, 0x0, 0x1a, 0x0, 0x0, 0x0, 0x0, 0x0, 0x0, 0x1, 0x1, 0x1, 0x0, 
	0x0, 0x3, 0xd9, 0x0, 0xe, 0x0, 0x0, 0x0, 0x0, 0x0, 0x0, 0x3, 0xe7, 0x41, 0x56, 0x45, 
	0x4e, 0x54, 0x55, 0x52, 0x41, 0x53, 0x4f, 0x4e, 0x49, 0x44, 0x4f, 0x42, 0x41, 0x54, 0x41, 0x4c, 
	0x4c, 0x41, 0x20, 0x4b, 0x4f, 0x4e, 0x47, 0x4d, 0x49, 0x53, 0x54, 0x45, 0x52, 0x49, 0x4f, 0x53, 
	0x4f, 0x50, 0x43, 0x49, 0x4f, 0x4e, 0x45, 0x53, 0x42, 0x4f, 0x52, 0x52, 0x41, 0x52, 0x20, 0x4a, 
	0x55, 0x45, 0x47, 0x4f, 0x56, 0x41, 0x43, 0xcd, 0x4f, 0x4a, 0x55, 0x45, 0x47, 0x4f, 0x42, 0x4f, 
	0x52, 0x52, 0x41, 0x52, 0xbf, 0x45, 0x53, 0x54, 0xc1, 0x53, 0x20, 0x53, 0x45, 0x47, 0x55, 0x52, 
	0x4f, 0x3f, 0x4e, 0x4f, 0x53, 0xcd, 0x50, 0x45, 0x4c, 0x45, 0x41, 0x20, 0x44, 0x45, 0x20, 0x4d, 
	0x4f, 0x4e, 0x4f, 0x53, 0x41, 0x52, 0x45, 0x4e, 0x41, 0x20, 0x44, 0x45, 0x20, 0x42, 0x41, 0x54, 
	0x41, 0x4c, 0x4c, 0x41, 0x41, 0x52, 0x45, 0x4e, 0x41, 0x54, 0x49, 0x50, 0x4f, 0x20, 0x44, 0x45, 
	0x20, 0x4a, 0x55, 0x45, 0x47, 0x4f, 0x53, 0x55, 0x50, 0x45, 0x52, 0x56, 0x49, 0x56, 0x45, 0x4e, 
	0x43, 0x49, 0x41, 0x47, 0x55, 0x41, 0x52, 0x44, 0x41, 0x52, 0x20, 0x4d, 0x4f, 0x4e, 0x45, 0x44, 
	0x41, 0x53, 0x56, 0x49, 0x43, 0x54, 0x4f, 0x52, 0x49, 0x41, 0x53, 0x54, 0x49, 0x45, 0x4d, 0x50, 
	0x4f, 0x43, 0x41, 0x50, 0x54, 0x55, 0x52, 0x41, 0x52, 0x43, 0x41, 0x50, 0x54, 0x55, 0x52, 0x41, 
	0x52, 0x20, 0x43, 0x48, 0x41, 0x50, 0x41, 0x56, 0x49, 0x44, 0x41, 0x56, 0x49, 0x44, 0x41, 0x53, 
	0x4d, 0x49, 0x4e, 0x55, 0x54, 0x4f, 0x4d, 0x49, 0x4e, 0x55, 0x54, 0x4f, 0x53, 0x43, 0x48, 0x41, 
	0x50, 0x41, 0x43, 0x48, 0x41, 0x50, 0x41, 0x53, 0x54, 0x49, 0x50, 0x4f, 0x20, 0x44, 0x45, 0x20, 
	0x50, 0x41, 0x4e, 0x54, 0x41, 0x4c, 0x4c, 0x41, 0x50, 0x45, 0x52, 0x44, 0x49, 0xd3, 0x47, 0x41, 
	0x4e, 0xd3, 0x50, 0x55, 0x4e, 0x54, 0x55, 0x41, 0x43, 0x49, 0xd3, 0x4e, 0x53, 0x4f, 0x4e, 0x49, 
	0x44, 0x4f, 0x50, 0x52, 0x49, 0x4e, 0x43, 0x49, 0x50, 0x41, 0x4c, 0x45, 0x46, 0x45, 0x43, 0x54, 
	0x4f, 0x53, 0x20, 0x44, 0x45, 0x20, 0x53, 0x4f, 0x4e, 0x49, 0x44, 0x4f, 0x4d, 0xda, 0x53, 0x49, 
	0x43, 0x41, 0x52, 0x45, 0x49, 0x4e, 0x49, 0x43, 0x49, 0x41, 0x52, 0x45, 0x53, 0x54, 0xc9, 0x52, 
	0x45, 0x4f, 0x4d, 0x4f, 0x4e, 0x4f, 0x53, 0x55, 0x52, 0x52, 0x4f, 0x55, 0x4e, 0x44, 0x56, 0x4f, 
	0x4c, 0x55, 0x4d, 0x45, 0x4e, 0x4f, 0x50, 0x43, 0x49, 0x4f, 0x4e, 0x45, 0x53, 0x54, 0x41, 0x4d, 
	0x41, 0xd1, 0x4f, 0x20, 0x50, 0x41, 0x4e, 0x54, 0x41, 0x4c, 0x4c, 0x41, 0x53, 0x41, 0x4c, 0x54, 
	0x41, 0x52, 0x20, 0x48, 0x49, 0x53, 0x54, 0x4f, 0x52, 0x49, 0x41, 0x42, 0x4f, 0x52, 0x52, 0x41, 
	0x52, 0x20, 0x52, 0x45, 0x43, 0x4f, 0x52, 0x44, 0x53, 0x43, 0xc1, 0x4d, 0x41, 0x52, 0x41, 0x20, 
	0x53, 0x49, 0x4d, 0x49, 0x41, 0x49, 0x44, 0x49, 0x4f, 0x4d, 0x41, 0x4e, 0x4f, 0x52, 0x4d, 0x41, 
	0x4c, 0x57, 0x49, 0x44, 0x45, 0x53, 0x43, 0x52, 0x45, 0x45, 0x4e, 0x4e, 0x4f, 0x53, 0xcd, 0x45, 
	0x53, 0x50, 0x41, 0xd1, 0x4f, 0x4c, 0x4c, 0x49, 0x42, 0x52, 0x45, 0x54, 0x52, 0x41, 0x53, 0x45, 
	0x52, 0x41, 0x4d, 0x49, 0x53, 0x54, 0x45, 0x52, 0x49, 0x4f, 0x43, 0x49, 0x4e, 0x45, 0x20, 0x44, 
	0x4b, 0x42, 0x4f, 0x4e, 0x55, 0x53, 0x20, 0x44, 0x4b, 0x4c, 0x4f, 0x53, 0x20, 0x4a, 0x45, 0x46, 
	0x45, 0x53, 0x42, 0x41, 0x54, 0x41, 0x4c, 0x4c, 0x41, 0x54, 0x52, 0x55, 0x43, 0x4f, 0x53, 0x52, 
	0x41, 0x50, 0x49, 0x4e, 0x54, 0x2e, 0x20, 0x48, 0x49, 0x53, 0x54, 0x4f, 0x52, 0x49, 0x41, 0x49, 
	0x4e, 0x54, 0x2e, 0x20, 0x4a, 0x55, 0x4e, 0x47, 0x4c, 0x41, 0x49, 0x4e, 0x54, 0x2e, 0x20, 0x41, 
	0x5a, 0x54, 0x45, 0x43, 0x41, 0x49, 0x4e, 0x54, 0x2e, 0x20, 0x46, 0xc1, 0x42, 0x52, 0x49, 0x43, 
	0x41, 0x49, 0x4e, 0x54, 0x2e, 0x20, 0x47, 0x41, 0x4c, 0x45, 0xd3, 0x4e, 0x49, 0x4e, 0x54, 0x2e, 
	0x20, 0x53, 0x45, 0x4c, 0x56, 0x41, 0x49, 0x4e, 0x54, 0x2e, 0x20, 0x43, 0x55, 0x45, 0x56, 0x41, 
	0x53, 0x49, 0x4e, 0x54, 0x2e, 0x20, 0x43, 0x41, 0x53, 0x54, 0x49, 0x4c, 0x4c, 0x4f, 0x45, 0x4e, 
	0x54, 0x52, 0x41, 0x52, 0x20, 0x45, 0x53, 0x43, 0x4f, 0x4e, 0x44, 0x49, 0x54, 0x45, 0x4b, 0x2e, 
	0x52, 0x4f, 0x4f, 0x4c, 0x20, 0x44, 0x45, 0x53, 0x50, 0x45, 0x47, 0x41, 0x44, 0x45, 0x53, 0x50, 
	0x45, 0x47, 0x55, 0x45, 0x20, 0x44, 0x45, 0x20, 0x4b, 0x2e, 0x52, 0x4f, 0x4f, 0x4c, 0x47, 0x41, 
	0x4d, 0x45, 0x20, 0x4f, 0x56, 0x45, 0x52, 0x53, 0x45, 0x43, 0x55, 0x45, 0x4e, 0x43, 0x49, 0x41, 
	0x20, 0x46, 0x49, 0x4e, 0x41, 0x4c, 0x4a, 0x45, 0x46, 0x45, 0x20, 0x4a, 0x55, 0x4e, 0x47, 0x4c, 
	0x41, 0x4a, 0x45, 0x46, 0x45, 0x20, 0x41, 0x5a, 0x54, 0x45, 0x43, 0x41, 0x4a, 0x45, 0x46, 0x45, 
	0x20, 0x46, 0xc1, 0x42, 0x52, 0x49, 0x43, 0x41, 0x4a, 0x45, 0x46, 0x45, 0x20, 0x47, 0x41, 0x4c, 
	0x45, 0xd3, 0x4e, 0x4a, 0x45, 0x46, 0x45, 0x20, 0x53, 0x45, 0x4c, 0x56, 0x41, 0x4a, 0x45, 0x46, 
	0x45, 0x20, 0x43, 0x55, 0x45, 0x56, 0x41, 0x53, 0x4a, 0x45, 0x46, 0x45, 0x20, 0x43, 0x41, 0x53, 
	0x54, 0x49, 0x4c, 0x4c, 0x4f, 0x45, 0x56, 0x45, 0x4e, 0x54, 0x4f, 0x20, 0x50, 0x52, 0x49, 0x4e, 
	0x43, 0x49, 0x50, 0x41, 0x4c, 0x41, 0x52, 0x45, 0x4e, 0x41, 0x20, 0x52, 0x41, 0x4d, 0x42, 0x49, 
	0x41, 0x52, 0x45, 0x4e, 0x41, 0x20, 0x45, 0x4e, 0x47, 0x55, 0x41, 0x52, 0x44, 0x45, 0x41, 0x52, 
	0x43, 0x41, 0x44, 0x45, 0x20, 0x44, 0x4b, 0x4a, 0x45, 0x54, 0x50, 0x41, 0x43, 0x4d, 0x4f, 0x4e, 
	0x45, 0x44, 0x41, 0x53, 0x4d, 0x55, 0x4e, 0x49, 0x43, 0x49, 0xd3, 0x4e, 0x4e, 0x41, 0x52, 0x41, 
	0x4e, 0x4a, 0x41, 0x53, 0x50, 0x45, 0x4c, 0xcd, 0x43, 0x55, 0x4c, 0x41, 0x43, 0x4f, 0x43, 0x4f, 
	0x53, 0x20, 0x44, 0x45, 0x20, 0x43, 0x52, 0x49, 0x53, 0x54, 0x41, 0x4c, 0x49, 0x4e, 0x53, 0x54, 
	0x52, 0x55, 0x4d, 0x45, 0x4e, 0x54, 0x4f, 0x53, 0x54, 0x4f, 0x44, 0x4f, 0x44, 0x45, 0x42, 0x55, 
	0x47, 0x4b, 0x52, 0x55, 0x53, 0x48, 0x41, 0x52, 0x45, 0x43, 0x4f, 0x52, 0x44, 0x53, 0x20, 0x52, 
	0x41, 0x4d, 0x42, 0x49, 0x52, 0x45, 0x43, 0x4f, 0x52, 0x44, 0x53, 0x20, 0x45, 0x4e, 0x47, 0x55, 
	0x41, 0x52, 0x44, 0x45, 0x41, 0x52, 0x45, 0x4e, 0x41, 0x20, 0x52, 0x41, 0x4d, 0x42, 0x49, 0x41, 
	0x52, 0x45, 0x4e, 0x41, 0x20, 0x45, 0x4e, 0x47, 0x55, 0x41, 0x52, 0x44, 0x45, 0xa1, 0x42, 0x49, 
	0x45, 0x4e, 0x20, 0x48, 0x45, 0x43, 0x48, 0x4f, 0x21, 0x20, 0x45, 0x53, 0x43, 0x52, 0x49, 0x42, 
	0x45, 0x20, 0x54, 0x55, 0x20, 0x4e, 0x4f, 0x4d, 0x42, 0x52, 0x45, 0x2e, 0x4d, 0x41, 0x4c, 0x41, 
	0x20, 0x53, 0x55, 0x45, 0x52, 0x54, 0x45, 0x3a, 0x20, 0x54, 0x55, 0x20, 0x50, 0x55, 0x4e, 0x54, 
	0x55, 0x41, 0x43, 0x49, 0xd3, 0x4e, 0x4d, 0x41, 0x52, 0x43, 0x41, 0x44, 0x4f, 0x52, 0x20, 0x46, 
	0x49, 0x4e, 0x41, 0x4c, 
};
u8 text_38[] = {
	0xd, 0x1, 0x1, 0x1, 0x0, 0x0, 0x0, 0x0, 0x0, 0x4, 0x0, 0x0, 0x0, 0x0, 0x0, 0x0, 
	0x1, 0x1, 0x1, 0x0, 0x0, 0x0, 0x4, 0x0, 0x7, 0x0, 0x0, 0x0, 0x0, 0x0, 0x0, 0x1, 
	0x1, 0x1, 0x0, 0x0, 0x0, 0xb, 0x0, 0x7, 0x0, 0x0, 0x0, 0x0, 0x0, 0x0, 0x1, 0x1, 
	0x1, 0x0, 0x0, 0x0, 0x12, 0x0, 0xb, 0x0, 0x0, 0x0, 0x0, 0x0, 0x0, 0x1, 0x1, 0x1, 
	0x0, 0x0, 0x0, 0x1d, 0x0, 0x7, 0x0, 0x0, 0x0, 0x0, 0x0, 0x0, 0x1, 0x1, 0x1, 0x0, 
	0x0, 0x0, 0x24, 0x0, 0x2, 0x0, 0x0, 0x0, 0x0, 0x0, 0x0, 0x1, 0x1, 0x1, 0x0, 0x0, 
	0x0, 0x26, 0x0, 0x2, 0x0, 0x0, 0x0, 0x0, 0x0, 0x0, 0x1, 0x1, 0x1, 0x0, 0x0, 0x0, 
	0x28, 0x0, 0xc, 0x0, 0x0, 0x0, 0x0, 0x0, 0x0, 0x1, 0x1, 0x1, 0x0, 0x0, 0x0, 0x34, 
	0x0, 0x8, 0x0, 0x0, 0x0, 0x0, 0x0, 0x0, 0x1, 0x1, 0x1, 0x0, 0x0, 0x0, 0x3c, 0x0, 
	0xa, 0x0, 0x0, 0x0, 0x0, 0x0, 0x0, 0x1, 0x1, 0x1, 0x0, 0x0, 0x0, 0x46, 0x0, 0x6, 
	0x0, 0x0, 0x0, 0x0, 0x0, 0x0, 0x1, 0x1, 0x1, 0x0, 0x0, 0x0, 0x4c, 0x0, 0x6, 0x0, 
	0x0, 0x0, 0x0, 0x0, 0x0, 0x1, 0x1, 0x1, 0x0, 0x0, 0x0, 0x52, 0x0, 0x2, 0x0, 0x0, 
	0x0, 0x0, 0x0, 0x0, 0x0, 0x54, 0x47, 0x41, 0x4e, 0xd3, 0x53, 0x45, 0x47, 0x55, 0x4e, 0x44, 
	0x4f, 0x54, 0x45, 0x52, 0x43, 0x45, 0x52, 0x4f, 0x4d, 0x41, 0x4c, 0x41, 0x20, 0x53, 0x55, 0x45, 
	0x52, 0x54, 0x45, 0x47, 0x41, 0x4e, 0x41, 0x4e, 0x44, 0x4f, 0x32, 0xba, 0x33, 0xba, 0xda, 0x4c, 
	0x54, 0x49, 0x4d, 0x4f, 0x20, 0x4c, 0x55, 0x47, 0x41, 0x52, 0x52, 0x45, 0x54, 0x49, 0x52, 0x41, 
	0x44, 0x4f, 0xa1, 0x41, 0x44, 0x45, 0x4c, 0x41, 0x4e, 0x54, 0x45, 0x21, 0x46, 0x41, 0x4c, 0x4c, 
	0x4f, 0x53, 0x56, 0x55, 0x45, 0x4c, 0x54, 0x41, 0x44, 0x45, 
};
u8 text_39[] = {
	0x35, 0x1, 0x1, 0x1, 0x0, 0x0, 0x0, 0x0, 0x0, 0xe, 0x0, 0x0, 0x0, 0x0, 0x0, 0x0, 
	0x1, 0x1, 0x1, 0x0, 0x0, 0x0, 0xe, 0x0, 0x10, 0x0, 0x0, 0x0, 0x0, 0x0, 0x0, 0x1, 
	0x1, 0x1, 0x0, 0x0, 0x0, 0x1e, 0x0, 0x14, 0x0, 0x0, 0x0, 0x0, 0x0, 0x0, 0x1, 0x1, 
	0x1, 0x0, 0x0, 0x0, 0x32, 0x0, 0x17, 0x0, 0x0, 0x0, 0x0, 0x0, 0x0, 0x1, 0x1, 0x1, 
	0x0, 0x0, 0x0, 0x49, 0x0, 0x19, 0x0, 0x0, 0x0, 0x0, 0x0, 0x0, 0x1, 0x1, 0x1, 0x0, 
	0x0, 0x0, 0x62, 0x0, 0x18, 0x0, 0x0, 0x0, 0x0, 0x0, 0x0, 0x1, 0x1, 0x1, 0x0, 0x0, 
	0x0, 0x7a, 0x0, 0xd, 0x0, 0x0, 0x0, 0x0, 0x0, 0x0, 0x1, 0x1, 0x1, 0x0, 0x0, 0x0, 
	0x87, 0x0, 0x15, 0x0, 0x0, 0x0, 0x0, 0x0, 0x0, 0x1, 0x1, 0x1, 0x0, 0x0, 0x0, 0x9c, 
	0x0, 0xa, 0x0, 0x0, 0x0, 0x0, 0x0, 0x0, 0x1, 0x1, 0x1, 0x0, 0x0, 0x0, 0xa6, 0x0, 
	0x10, 0x0, 0x0, 0x0, 0x0, 0x0, 0x0, 0x1, 0x1, 0x1, 0x0, 0x0, 0x0, 0xb6, 0x0, 0xd, 
	0x0, 0x0, 0x0, 0x0, 0x0, 0x0, 0x1, 0x1, 0x1, 0x0, 0x0, 0x0, 0xc3, 0x0, 0x14, 0x0, 
	0x0, 0x0, 0x0, 0x0, 0x0, 0x1, 0x1, 0x1, 0x0, 0x0, 0x0, 0xd7, 0x0, 0xc, 0x0, 0x0, 
	0x0, 0x0, 0x0, 0x0, 0x1, 0x1, 0x1, 0x0, 0x0, 0x0, 0xe3, 0x0, 0x12, 0x0, 0x0, 0x0, 
	0x0, 0x0, 0x0, 0x1, 0x1, 0x1, 0x0, 0x0, 0x0, 0xf5, 0x0, 0xe, 0x0, 0x0, 0x0, 0x0, 
	0x0, 0x0, 0x1, 0x1, 0x1, 0x0, 0x0, 0x1, 0x3, 0x0, 0x11, 0x0, 0x0, 0x0, 0x0, 0x0, 
	0x0, 0x1, 0x1, 0x1, 0x0, 0x0, 0x1, 0x14, 0x0, 0xe, 0x0, 0x0, 0x0, 0x0, 0x0, 0x0, 
	0x1, 0x1, 0x1, 0x0, 0x0, 0x1, 0x22, 0x0, 0x10, 0x0, 0x0, 0x0, 0x0, 0x0, 0x0, 0x1, 
	0x1, 0x1, 0x0, 0x0, 0x1, 0x32, 0x0, 0xb, 0x0, 0x0, 0x0, 0x0, 0x0, 0x0, 0x1, 0x1, 
	0x1, 0x0, 0x0, 0x1, 0x3d, 0x0, 0x13, 0x0, 0x0, 0x0, 0x0, 0x0, 0x0, 0x1, 0x1, 0x1, 
	0x0, 0x0, 0x1, 0x50, 0x0, 0xd, 0x0, 0x0, 0x0, 0x0, 0x0, 0x0, 0x1, 0x1, 0x1, 0x0, 
	0x0, 0x1, 0x5d, 0x0, 0x11, 0x0, 0x0, 0x0, 0x0, 0x0, 0x0, 0x1, 0x1, 0x1, 0x0, 0x0, 
	0x1, 0x6e, 0x0, 0x11, 0x0, 0x0, 0x0, 0x0, 0x0, 0x0, 0x1, 0x1, 0x1, 0x0, 0x0, 0x1, 
	0x7f, 0x0, 0x11, 0x0, 0x0, 0x0, 0x0, 0x0, 0x0, 0x1, 0x1, 0x1, 0x0, 0x0, 0x1, 0x90, 
	0x0, 0x9, 0x0, 0x0, 0x0, 0x0, 0x0, 0x0, 0x1, 0x1, 0x1, 0x0, 0x0, 0x1, 0x99, 0x0, 
	0x10, 0x0, 0x0, 0x0, 0x0, 0x0, 0x0, 0x1, 0x1, 0x1, 0x0, 0x0, 0x1, 0xa9, 0x0, 0xb, 
	0x0, 0x0, 0x0, 0x0, 0x0, 0x0, 0x1, 0x1, 0x1, 0x0, 0x0, 0x1, 0xb4, 0x0, 0x14, 0x0, 
	0x0, 0x0, 0x0, 0x0, 0x0, 0x1, 0x1, 0x1, 0x0, 0x0, 0x1, 0xc8, 0x0, 0xb, 0x0, 0x0, 
	0x0, 0x0, 0x0, 0x0, 0x1, 0x1, 0x1, 0x0, 0x0, 0x1, 0xd3, 0x0, 0x16, 0x0, 0x0, 0x0, 
	0x0, 0x0, 0x0, 0x1, 0x1, 0x1, 0x0, 0x0, 0x1, 0xe9, 0x0, 0xc, 0x0, 0x0, 0x0, 0x0, 
	0x0, 0x0, 0x1, 0x1, 0x1, 0x0, 0x0, 0x1, 0xf5, 0x0, 0x13, 0x0, 0x0, 0x0, 0x0, 0x0, 
	0x0, 0x1, 0x1, 0x1, 0x0, 0x0, 0x2, 0x8, 0x0, 0x10, 0x0, 0x0, 0x0, 0x0, 0x0, 0x0, 
	0x1, 0x1, 0x1, 0x0, 0x0, 0x2, 0x18, 0x0, 0x17, 0x0, 0x0, 0x0, 0x0, 0x0, 0x0, 0x1, 
	0x1, 0x1, 0x0, 0x0, 0x2, 0x2f, 0x0, 0xd, 0x0, 0x0, 0x0, 0x0, 0x0, 0x0, 0x1, 0x1, 
	0x1, 0x0, 0x0, 0x2, 0x3c, 0x0, 0xe, 0x0, 0x0, 0x0, 0x0, 0x0, 0x0, 0x1, 0x1, 0x1, 
	0x0, 0x0, 0x2, 0x4a, 0x0, 0xb, 0x0, 0x0, 0x0, 0x0, 0x0, 0x0, 0x1, 0x1, 0x1, 0x0, 
	0x0, 0x2, 0x55, 0x0, 0xc, 0x0, 0x0, 0x0, 0x0, 0x0, 0x0, 0x1, 0x1, 0x1, 0x0, 0x0, 
	0x2, 0x61, 0x0, 0x9, 0x0, 0x0, 0x0, 0x0, 0x0, 0x0, 0x1, 0x1, 0x1, 0x0, 0x0, 0x2, 
	0x6a, 0x0, 0x8, 0x0, 0x0, 0x0, 0x0, 0x0, 0x0, 0x1, 0x1, 0x1, 0x0, 0x0, 0x2, 0x72, 
	0x0, 0x8, 0x0, 0x0, 0x0, 0x0, 0x0, 0x0, 0x1, 0x1, 0x1, 0x0, 0x0, 0x2, 0x7a, 0x0, 
	0xb, 0x0, 0x0, 0x0, 0x0, 0x0, 0x0, 0x1, 0x1, 0x1, 0x0, 0x0, 0x2, 0x85, 0x0, 0x11, 
	0x0, 0x0, 0x0, 0x0, 0x0, 0x0, 0x1, 0x1, 0x1, 0x0, 0x0, 0x2, 0x96, 0x0, 0x10, 0x0, 
	0x0, 0x0, 0x0, 0x0, 0x0, 0x1, 0x1, 0x1, 0x0, 0x0, 0x2, 0xa6, 0x0, 0x10, 0x0, 0x0, 
	0x0, 0x0, 0x0, 0x0, 0x1, 0x1, 0x1, 0x0, 0x0, 0x2, 0xb6, 0x0, 0xa, 0x0, 0x0, 0x0, 
	0x0, 0x0, 0x0, 0x1, 0x1, 0x1, 0x0, 0x0, 0x2, 0xc0, 0x0, 0x16, 0x0, 0x0, 0x0, 0x0, 
	0x0, 0x0, 0x1, 0x1, 0x1, 0x0, 0x0, 0x2, 0xd6, 0x0, 0x19, 0x0, 0x0, 0x0, 0x0, 0x0, 
	0x0, 0x1, 0x1, 0x1, 0x0, 0x0, 0x2, 0xef, 0x0, 0x14, 0x0, 0x0, 0x0, 0x0, 0x0, 0x0, 
	0x1, 0x1, 0x1, 0x0, 0x0, 0x3, 0x3, 0x0, 0x14, 0x0, 0x0, 0x0, 0x0, 0x0, 0x0, 0x1, 
	0x1, 0x1, 0x0, 0x0, 0x3, 0x17, 0x0, 0xe, 0x0, 0x0, 0x0, 0x0, 0x0, 0x0, 0x1, 0x1, 
	0x1, 0x0, 0x0, 0x3, 0x25, 0x0, 0x14, 0x0, 0x0, 0x0, 0x0, 0x0, 0x0, 0x1, 0x1, 0x1, 
	0x0, 0x0, 0x3, 0x39, 0x0, 0x14, 0x0, 0x0, 0x0, 0x0, 0x0, 0x0, 0x3, 0x4d, 0x53, 0x41, 
	0x43, 0x55, 0x44, 0x49, 0x44, 0x41, 0x20, 0x53, 0x49, 0x4d, 0x49, 0x41, 0x28, 0x42, 0x52, 0x55, 
	0x54, 0x55, 0x53, 0x20, 0x42, 0x45, 0x53, 0x54, 0x49, 0x55, 0x53, 0x29, 0x53, 0xda, 0x50, 0x45, 
	0x52, 0x20, 0x53, 0x41, 0x43, 0x55, 0x44, 0x49, 0x44, 0x41, 0x20, 0x53, 0x49, 0x4d, 0x49, 0x41, 
	0x28, 0x4d, 0x41, 0x47, 0x4e, 0x55, 0x53, 0x20, 0x42, 0x52, 0x55, 0x54, 0x55, 0x53, 0x20, 0x42, 
	0x45, 0x53, 0x54, 0x49, 0x55, 0x53, 0x29, 0x4d, 0x45, 0x47, 0x41, 0x20, 0x53, 0xda, 0x50, 0x45, 
	0x52, 0x20, 0x53, 0x41, 0x43, 0x55, 0x44, 0x49, 0x44, 0x41, 0x20, 0x53, 0x49, 0x4d, 0x49, 0x41, 
	0x28, 0x4d, 0x41, 0x58, 0x49, 0x4d, 0x55, 0x53, 0x20, 0x42, 0x52, 0x55, 0x54, 0x55, 0x53, 0x20, 
	0x42, 0x45, 0x53, 0x54, 0x49, 0x55, 0x53, 0x29, 0x46, 0x55, 0x52, 0x49, 0x41, 0x20, 0x42, 0x41, 
	0x42, 0x55, 0x49, 0x4e, 0x41, 0x28, 0x42, 0x41, 0x52, 0x52, 0x49, 0x4c, 0x55, 0x53, 0x20, 0x50, 
	0x45, 0x4c, 0x49, 0x47, 0x52, 0x4f, 0x53, 0x55, 0x53, 0x29, 0x53, 0xda, 0x50, 0x45, 0x52, 0x20, 
	0x4b, 0x4f, 0x4e, 0x47, 0x28, 0x46, 0x4f, 0x52, 0x54, 0x49, 0x55, 0x53, 0x20, 0x4b, 0x4f, 0x4e, 
	0x47, 0x55, 0x53, 0x29, 0x41, 0x47, 0x41, 0x52, 0x52, 0x45, 0x20, 0x47, 0x4f, 0x52, 0x49, 0x4c, 
	0x41, 0x28, 0x50, 0x52, 0x49, 0x4d, 0x41, 0x54, 0x55, 0x53, 0x20, 0x50, 0x45, 0x52, 0x46, 0x45, 
	0x43, 0x54, 0x55, 0x53, 0x29, 0x43, 0x41, 0x52, 0x47, 0x41, 0x20, 0x43, 0x48, 0x49, 0x4d, 0x50, 
	0x59, 0x28, 0x43, 0x52, 0x41, 0x4e, 0x49, 0x55, 0x4d, 0x20, 0x43, 0x41, 0x53, 0x43, 0x41, 0x54, 
	0x55, 0x53, 0x29, 0x42, 0x41, 0x52, 0x52, 0x49, 0x4c, 0x20, 0x56, 0x4f, 0x4c, 0x41, 0x44, 0x4f, 
	0x52, 0x28, 0x4d, 0x41, 0x58, 0x49, 0x4d, 0x55, 0x53, 0x20, 0x41, 0x4c, 0x54, 0x55, 0x52, 0x41, 
	0x45, 0x29, 0x53, 0x41, 0x4c, 0x54, 0x4f, 0x20, 0x53, 0x49, 0x4d, 0x49, 0x45, 0x53, 0x43, 0x4f, 
	0x28, 0x42, 0x52, 0x49, 0x4e, 0x43, 0x55, 0x53, 0x20, 0x4c, 0x41, 0x52, 0x47, 0x55, 0x53, 0x29, 
	0x4f, 0x52, 0x41, 0x4e, 0x47, 0x55, 0x4e, 0x50, 0x49, 0x4e, 0x4f, 0x28, 0x50, 0x41, 0x4c, 0x4d, 
	0x41, 0x45, 0x20, 0x49, 0x4e, 0x56, 0x45, 0x52, 0x54, 0x49, 0x43, 0x41, 0x45, 0x29, 0x47, 0x4c, 
	0x4f, 0x42, 0x4f, 0x20, 0x42, 0x41, 0x42, 0x55, 0x49, 0x4e, 0x4f, 0x28, 0x42, 0x41, 0x42, 0x55, 
	0x49, 0x4e, 0x55, 0x53, 0x20, 0x47, 0x4c, 0x4f, 0x42, 0x55, 0x53, 0x29, 0x53, 0xda, 0x50, 0x45, 
	0x52, 0x20, 0x4f, 0x52, 0x41, 0x4e, 0x47, 0x55, 0x4e, 0x50, 0x49, 0x4e, 0x4f, 0x28, 0x50, 0x41, 
	0x4c, 0x4d, 0x41, 0x45, 0x20, 0x52, 0x41, 0x50, 0x49, 0x44, 0x49, 0x41, 0x45, 0x29, 0x4d, 0x49, 
	0x4e, 0x49, 0x20, 0x4d, 0x4f, 0x4e, 0x4f, 0x28, 0x4b, 0x4f, 0x4e, 0x47, 0x55, 0x4d, 0x20, 0x4d, 
	0x49, 0x4e, 0x49, 0x4d, 0x55, 0x53, 0x29, 0x4d, 0x4f, 0x4e, 0x4f, 0x43, 0xd3, 0x50, 0x54, 0x45, 
	0x52, 0x4f, 0x28, 0x4c, 0x49, 0x42, 0x45, 0x4c, 0x4c, 0x55, 0x53, 0x20, 0x56, 0x4f, 0x4c, 0x41, 
	0x44, 0x4f, 0x52, 0x55, 0x53, 0x29, 0x50, 0x52, 0x49, 0x4d, 0x41, 0x54, 0x45, 0x50, 0x4f, 0x52, 
	0x54, 0x28, 0x54, 0x45, 0x4c, 0x45, 0x50, 0x4f, 0x52, 0x54, 0x55, 0x53, 0x20, 0x50, 0x45, 0x52, 
	0x46, 0x45, 0x43, 0x54, 0x55, 0x53, 0x29, 0x48, 0x55, 0x4e, 0x4b, 0x59, 0x20, 0x43, 0x48, 0x55, 
	0x4e, 0x4b, 0x59, 0x28, 0x4b, 0x52, 0x45, 0x4d, 0x4c, 0x49, 0x4e, 0x55, 0x53, 0x20, 0x4b, 0x41, 
	0x50, 0x55, 0x54, 0x55, 0x53, 0x29, 0x50, 0x55, 0xd1, 0x45, 0x54, 0x41, 0x5a, 0x4f, 0x20, 0x50, 
	0x52, 0x49, 0x4d, 0x41, 0x54, 0x45, 0x28, 0x53, 0x41, 0x4e, 0x44, 0x57, 0x49, 0x43, 0x48, 0x49, 
	0x55, 0x4d, 0x20, 0x42, 0x41, 0x54, 0x41, 0x43, 0x41, 0x5a, 0x55, 0x53, 0x29, 0x43, 0x48, 0x55, 
	0x4e, 0x4b, 0x59, 0x20, 0x43, 0x48, 0x55, 0x4e, 0x47, 0x4f, 0x28, 0x44, 0x4f, 0x4e, 0x44, 0x55, 
	0x53, 0x20, 0x56, 0x41, 0x44, 0x55, 0x53, 0x29, 0x45, 0x53, 0x43, 0x55, 0x50, 0x45, 0x43, 0x4f, 
	0x43, 0x4f, 0x53, 0x43, 0x41, 0x43, 0x41, 0x48, 0x55, 0x45, 0x54, 0x4f, 0x4c, 0x41, 0x53, 0x53, 
	0x4f, 0x50, 0x4c, 0x41, 0x55, 0x56, 0x41, 0x53, 0x50, 0x4c, 0x55, 0x4d, 0x41, 0x52, 0x43, 0x4f, 
	0x50, 0x49, 0xd1, 0x41, 0x5a, 0x4f, 0x4b, 0x41, 0x42, 0x4f, 0x4e, 0x47, 0x4f, 0x20, 0x42, 0x4f, 
	0x4e, 0x47, 0x4f, 0x47, 0x55, 0x49, 0x54, 0x41, 0x52, 0x52, 0x41, 0x20, 0x47, 0x55, 0x45, 0x52, 
	0x52, 0x45, 0x52, 0x41, 0x54, 0x52, 0x4f, 0x4d, 0x42, 0xd3, 0x4e, 0x20, 0x54, 0x52, 0x45, 0x4d, 
	0x45, 0x4e, 0x44, 0x4f, 0x53, 0x41, 0x58, 0x4f, 0x20, 0x53, 0x55, 0x50, 0x45, 0x52, 0x53, 0xd3, 
	0x4e, 0x49, 0x43, 0x4f, 0x54, 0x52, 0x49, 0x41, 0x4e, 0x47, 0x55, 0x4c, 0xcd, 0x4e, 0x54, 0x4f, 
	0x44, 0x4f, 0x20, 0x4b, 0x4f, 0x4e, 0x47, 0x20, 0x2d, 0x20, 0x42, 0x55, 0x53, 0x43, 0x41, 0x44, 
	0x4f, 0x52, 0x45, 0x53, 0x54, 0x4f, 0x44, 0x4f, 0x20, 0x4b, 0x4f, 0x4e, 0x47, 0x20, 0x2d, 0x20, 
	0x46, 0x52, 0x41, 0x4e, 0x43, 0x4f, 0x54, 0x49, 0x52, 0x41, 0x44, 0x4f, 0x52, 0x54, 0x4f, 0x44, 
	0x4f, 0x20, 0x4b, 0x4f, 0x4e, 0x47, 0x20, 0x2d, 0x20, 0x43, 0x41, 0x4e, 0x41, 0x4e, 0x41, 0x20, 
	0x31, 0x54, 0x4f, 0x44, 0x4f, 0x20, 0x4b, 0x4f, 0x4e, 0x47, 0x20, 0x2d, 0x20, 0x43, 0x41, 0x4e, 
	0x41, 0x4e, 0x41, 0x20, 0x32, 0x54, 0x45, 0x52, 0x43, 0x45, 0x52, 0x41, 0x20, 0x53, 0x41, 0x4e, 
	0x44, 0xcd, 0x41, 0x54, 0x4f, 0x44, 0x4f, 0x20, 0x4b, 0x4f, 0x4e, 0x47, 0x20, 0x2d, 0x20, 0x4d, 
	0x45, 0x4a, 0x4f, 0x52, 0x41, 0x20, 0x31, 0x54, 0x4f, 0x44, 0x4f, 0x20, 0x4b, 0x4f, 0x4e, 0x47, 
	0x20, 0x2d, 0x20, 0x4d, 0x45, 0x4a, 0x4f, 0x52, 0x41, 0x20, 0x32, 
};
u8 text_40[] = {
	0x6, 0x1, 0x1, 0x2, 0x0, 0x0, 0x0, 0x0, 0x0, 0x7b, 0x0, 0x0, 0x0, 0x0, 0x0, 0x7b, 
	0x0, 0x27, 0x0, 0x0, 0x0, 0x0, 0x0, 0x0, 0x1, 0x1, 0x1, 0x0, 0x0, 0x0, 0xa2, 0x0, 
	0x63, 0x0, 0x0, 0x0, 0x0, 0x0, 0x0, 0x1, 0x1, 0x1, 0x0, 0x0, 0x1, 0x5, 0x0, 0x1, 
	0x0, 0x0, 0x0, 0x0, 0x0, 0x0, 0x1, 0x1, 0x1, 0x0, 0x0, 0x1, 0x6, 0x0, 0x1, 0x0, 
	0x0, 0x0, 0x0, 0x0, 0x0, 0x1, 0x1, 0x1, 0x0, 0x0, 0x1, 0x7, 0x0, 0x1, 0x0, 0x0, 
	0x0, 0x0, 0x0, 0x0, 0x1, 0x1, 0x1, 0x0, 0x0, 0x1, 0x8, 0x0, 0x1, 0x0, 0x0, 0x0, 
	0x0, 0x0, 0x0, 0x1, 0x9, 0xa1, 0x7e, 0x21, 0x20, 0xa1, 0x4f, 0x48, 0x2c, 0x20, 0x7e, 0x2c, 
	0x20, 0x4c, 0x4f, 0x20, 0x48, 0x49, 0x43, 0x49, 0x53, 0x54, 0x45, 0x21, 0x20, 0x48, 0x41, 0x53, 
	0x20, 0x52, 0x45, 0x53, 0x43, 0x41, 0x54, 0x41, 0x44, 0x4f, 0x20, 0x41, 0x20, 0x54, 0x4f, 0x44, 
	0x41, 0x53, 0x20, 0x4c, 0x41, 0x53, 0x20, 0x48, 0x41, 0x44, 0x41, 0x53, 0x20, 0x42, 0x41, 0x4e, 
	0x41, 0x4e, 0x41, 0x20, 0x59, 0x20, 0x48, 0x41, 0x53, 0x20, 0x44, 0x45, 0x56, 0x55, 0x45, 0x4c, 
	0x54, 0x4f, 0x20, 0x4c, 0x41, 0x20, 0x50, 0x41, 0x5a, 0x20, 0x41, 0x20, 0x4c, 0x41, 0x20, 0x49, 
	0x53, 0x4c, 0x41, 0x20, 0x44, 0x45, 0x20, 0x4c, 0x41, 0x20, 0x48, 0x41, 0x44, 0x41, 0x20, 0x42, 
	0x41, 0x4e, 0x41, 0x4e, 0x41, 0x2e, 0x20, 0xa1, 0x47, 0x52, 0x41, 0x43, 0x49, 0x41, 0x53, 0x21, 
	0x41, 0x48, 0x4f, 0x52, 0x41, 0x20, 0x54, 0x45, 0x20, 0x50, 0x55, 0x45, 0x44, 0x4f, 0x20, 0x52, 
	0x45, 0x56, 0x45, 0x4c, 0x41, 0x52, 0x20, 0x4e, 0x55, 0x45, 0x53, 0x54, 0x52, 0x4f, 0x20, 0x53, 
	0x45, 0x43, 0x52, 0x45, 0x54, 0x4f, 0x2e, 0xa1, 0x7e, 0x21, 0x20, 0x47, 0x52, 0x41, 0x43, 0x49, 
	0x41, 0x53, 0x20, 0x44, 0x45, 0x20, 0x4e, 0x55, 0x45, 0x56, 0x4f, 0x2e, 0x20, 0x45, 0x4c, 0x20, 
	0x52, 0x45, 0x49, 0x4e, 0x4f, 0x20, 0x44, 0x45, 0x20, 0x4c, 0x41, 0x20, 0x48, 0x41, 0x44, 0x41, 
	0x20, 0x42, 0x41, 0x4e, 0x41, 0x4e, 0x41, 0x20, 0x45, 0x53, 0x54, 0x41, 0x52, 0xc1, 0x20, 0x45, 
	0x54, 0x45, 0x52, 0x4e, 0x41, 0x4d, 0x45, 0x4e, 0x54, 0x45, 0x20, 0x41, 0x47, 0x52, 0x41, 0x44, 
	0x45, 0x43, 0x49, 0x44, 0x4f, 0x20, 0x41, 0x20, 0x54, 0x49, 0x20, 0x59, 0x20, 0x41, 0x20, 0x54, 
	0x55, 0x53, 0x20, 0x41, 0x4d, 0x49, 0x47, 0x4f, 0x53, 0x2e, 0x21, 0x21, 0x21, 0x21, 
};
u8 text_41[] = {
	0x24, 0x1, 0x1, 0x5, 0x0, 0x0, 0x0, 0x0, 0x0, 0x33, 0x0, 0x0, 0x0, 0x0, 0x0, 0x33, 
	0x0, 0x73, 0x0, 0x0, 0x0, 0x0, 0x0, 0xa6, 0x0, 0xa3, 0x0, 0x0, 0x0, 0x0, 0x1, 0x49, 
	0x0, 0x29, 0x0, 0x0, 0x0, 0x0, 0x1, 0x72, 0x0, 0x21, 0x0, 0x0, 0x0, 0x0, 0x0, 0x0, 
	0x1, 0x1, 0x1, 0x0, 0x0, 0x1, 0x93, 0x0, 0x6a, 0x0, 0x0, 0x0, 0x0, 0x0, 0x0, 0x1, 
	0x1, 0x1, 0x0, 0x0, 0x1, 0xfd, 0x0, 0x61, 0x0, 0x0, 0x0, 0x0, 0x0, 0x0, 0x1, 0x1, 
	0x1, 0x0, 0x0, 0x2, 0x5e, 0x0, 0x7f, 0x0, 0x0, 0x0, 0x0, 0x0, 0x0, 0x1, 0x1, 0x1, 
	0x0, 0x0, 0x2, 0xdd, 0x0, 0x49, 0x0, 0x0, 0x0, 0x0, 0x0, 0x0, 0x1, 0x1, 0x1, 0x0, 
	0x0, 0x3, 0x26, 0x0, 0x32, 0x0, 0x0, 0x0, 0x0, 0x0, 0x0, 0x1, 0x1, 0x1, 0x0, 0x0, 
	0x3, 0x58, 0x0, 0x38, 0x0, 0x0, 0x0, 0x0, 0x0, 0x0, 0x1, 0x1, 0x1, 0x0, 0x0, 0x3, 
	0x90, 0x0, 0x4f, 0x0, 0x0, 0x0, 0x0, 0x0, 0x0, 0x1, 0x1, 0x1, 0x0, 0x0, 0x3, 0xdf, 
	0x0, 0x3f, 0x0, 0x0, 0x0, 0x0, 0x0, 0x0, 0x1, 0x1, 0x1, 0x0, 0x0, 0x4, 0x1e, 0x0, 
	0x4a, 0x0, 0x0, 0x0, 0x0, 0x0, 0x0, 0x1, 0x1, 0x1, 0x0, 0x0, 0x4, 0x68, 0x0, 0x53, 
	0x0, 0x0, 0x0, 0x0, 0x0, 0x0, 0x1, 0x1, 0x1, 0x0, 0x0, 0x4, 0xbb, 0x0, 0x50, 0x0, 
	0x0, 0x0, 0x0, 0x0, 0x0, 0x1, 0x1, 0x1, 0x0, 0x0, 0x5, 0xb, 0x0, 0x52, 0x0, 0x0, 
	0x0, 0x0, 0x0, 0x0, 0x1, 0x1, 0x1, 0x0, 0x0, 0x5, 0x5d, 0x0, 0x4a, 0x0, 0x0, 0x0, 
	0x0, 0x0, 0x0, 0x1, 0x1, 0x1, 0x0, 0x0, 0x5, 0xa7, 0x0, 0x3f, 0x0, 0x0, 0x0, 0x0, 
	0x0, 0x0, 0x1, 0x1, 0x1, 0x0, 0x0, 0x5, 0xe6, 0x0, 0x51, 0x0, 0x0, 0x0, 0x0, 0x0, 
	0x0, 0x1, 0x1, 0x1, 0x0, 0x0, 0x6, 0x37, 0x0, 0x4a, 0x0, 0x0, 0x0, 0x0, 0x0, 0x0, 
	0x1, 0x1, 0x1, 0x0, 0x0, 0x6, 0x81, 0x0, 0x42, 0x0, 0x0, 0x0, 0x0, 0x0, 0x0, 0x1, 
	0x1, 0x1, 0x0, 0x0, 0x6, 0xc3, 0x0, 0x43, 0x0, 0x0, 0x0, 0x0, 0x0, 0x0, 0x1, 0x1, 
	0x1, 0x0, 0x0, 0x7, 0x6, 0x0, 0x5a, 0x0, 0x0, 0x0, 0x0, 0x0, 0x0, 0x1, 0x1, 0x1, 
	0x0, 0x0, 0x7, 0x60, 0x0, 0x52, 0x0, 0x0, 0x0, 0x0, 0x0, 0x0, 0x1, 0x1, 0x1, 0x0, 
	0x0, 0x7, 0xb2, 0x0, 0x2f, 0x0, 0x0, 0x0, 0x0, 0x0, 0x0, 0x1, 0x1, 0x1, 0x0, 0x0, 
	0x7, 0xe1, 0x0, 0x3f, 0x0, 0x0, 0x0, 0x0, 0x0, 0x0, 0x1, 0x1, 0x1, 0x0, 0x0, 0x8, 
	0x20, 0x0, 0x67, 0x0, 0x0, 0x0, 0x0, 0x0, 0x0, 0x1, 0x1, 0x1, 0x0, 0x0, 0x8, 0x87, 
	0x0, 0x4b, 0x0, 0x0, 0x0, 0x0, 0x0, 0x0, 0x1, 0x1, 0x1, 0x0, 0x0, 0x8, 0xd2, 0x0, 
	0x3d, 0x0, 0x0, 0x0, 0x0, 0x0, 0x0, 0x1, 0x1, 0x1, 0x0, 0x0, 0x9, 0xf, 0x0, 0x38, 
	0x0, 0x0, 0x0, 0x0, 0x0, 0x0, 0x1, 0x1, 0x1, 0x0, 0x0, 0x9, 0x47, 0x0, 0x47, 0x0, 
	0x0, 0x0, 0x0, 0x0, 0x0, 0x1, 0x1, 0x1, 0x0, 0x0, 0x9, 0x8e, 0x0, 0x53, 0x0, 0x0, 
	0x0, 0x0, 0x0, 0x0, 0x1, 0x1, 0x1, 0x0, 0x0, 0x9, 0xe1, 0x0, 0x49, 0x0, 0x0, 0x0, 
	0x0, 0x0, 0x0, 0x1, 0x1, 0x1, 0x0, 0x0, 0xa, 0x2a, 0x0, 0x31, 0x0, 0x0, 0x0, 0x0, 
	0x0, 0x0, 0x1, 0x1, 0x1, 0x0, 0x0, 0xa, 0x5b, 0x0, 0x88, 0x0, 0x0, 0x0, 0x0, 0x0, 
	0x0, 0x1, 0x1, 0x1, 0x0, 0x0, 0xa, 0xe3, 0x0, 0x36, 0x0, 0x0, 0x0, 0x0, 0x0, 0x0, 
	0x1, 0x1, 0x1, 0x0, 0x0, 0xb, 0x19, 0x0, 0x4f, 0x0, 0x0, 0x0, 0x0, 0x0, 0x0, 0x1, 
	0x1, 0x1, 0x0, 0x0, 0xb, 0x68, 0x0, 0x3e, 0x0, 0x0, 0x0, 0x0, 0x0, 0x0, 0x1, 0x1, 
	0x1, 0x0, 0x0, 0xb, 0xa6, 0x0, 0x2d, 0x0, 0x0, 0x0, 0x0, 0x0, 0x0, 0xb, 0xd3, 0x4e, 
	0x4f, 0x20, 0x4f, 0x53, 0x20, 0x41, 0x53, 0x55, 0x53, 0x54, 0xc9, 0x49, 0x53, 0x2c, 0x20, 0x4a, 
	0xd3, 0x56, 0x45, 0x4e, 0x45, 0x53, 0x2e, 0x20, 0x53, 0xd3, 0x4c, 0x4f, 0x20, 0x53, 0x4f, 0x59, 
	0x20, 0x59, 0x4f, 0x2c, 0x20, 0x57, 0x52, 0x49, 0x4e, 0x4b, 0x4c, 0x59, 0x20, 0x4b, 0x4f, 0x4e, 
	0x47, 0x2e, 0x4d, 0x49, 0x20, 0x43, 0x55, 0x45, 0x52, 0x50, 0x4f, 0x20, 0x50, 0x41, 0x53, 0xd3, 
	0x20, 0x41, 0x20, 0x4d, 0x45, 0x4a, 0x4f, 0x52, 0x20, 0x56, 0x49, 0x44, 0x41, 0x20, 0x45, 0x4e, 
	0x20, 0x44, 0x4b, 0x43, 0x33, 0x2c, 0x20, 0x50, 0x45, 0x52, 0x4f, 0x20, 0x45, 0x53, 0x54, 0x4f, 
	0x59, 0x20, 0x41, 0x51, 0x55, 0xcd, 0x20, 0x45, 0x4e, 0x20, 0x45, 0x53, 0x50, 0xcd, 0x52, 0x49, 
	0x54, 0x55, 0x20, 0x50, 0x41, 0x52, 0x41, 0x20, 0x41, 0x59, 0x55, 0x44, 0x41, 0x52, 0x4f, 0x53, 
	0x20, 0x41, 0x20, 0x56, 0x45, 0x4e, 0x43, 0x45, 0x52, 0x20, 0x41, 0x20, 0x45, 0x53, 0x4f, 0x53, 
	0x20, 0x4d, 0x41, 0x4c, 0x56, 0x41, 0x44, 0x4f, 0x53, 0x20, 0x43, 0x4f, 0x43, 0x4f, 0x44, 0x52, 
	0x49, 0x4c, 0x4f, 0x53, 0x2e, 0x50, 0x55, 0x45, 0x44, 0x4f, 0x20, 0x55, 0x54, 0x49, 0x4c, 0x49, 
	0x5a, 0x41, 0x52, 0x20, 0x4d, 0x49, 0x53, 0x20, 0x50, 0x4f, 0x44, 0x45, 0x52, 0x45, 0x53, 0x20, 
	0x53, 0x4f, 0x42, 0x52, 0x45, 0x4e, 0x41, 0x54, 0x55, 0x52, 0x41, 0x4c, 0x45, 0x53, 0x20, 0x50, 
	0x41, 0x52, 0x41, 0x20, 0x52, 0x45, 0x56, 0x45, 0x4c, 0x41, 0x52, 0x54, 0x45, 0x20, 0x41, 0x20, 
	0x54, 0x49, 0x20, 0x59, 0x20, 0x41, 0x20, 0x54, 0x55, 0x53, 0x20, 0x41, 0x4d, 0x49, 0x47, 0x4f, 
	0x53, 0x20, 0x44, 0xd3, 0x4e, 0x44, 0x45, 0x20, 0x48, 0x41, 0x20, 0x45, 0x53, 0x43, 0x4f, 0x4e, 
	0x44, 0x49, 0x44, 0x4f, 0x20, 0x45, 0x4c, 0x20, 0x47, 0x52, 0x41, 0x4e, 0x55, 0x4a, 0x41, 0x20, 
	0x44, 0x45, 0x20, 0x4b, 0x2e, 0x52, 0x4f, 0x4f, 0x4c, 0x20, 0x41, 0x4c, 0x47, 0x55, 0x4e, 0x41, 
	0x53, 0x20, 0x44, 0x45, 0x20, 0x56, 0x55, 0x45, 0x53, 0x54, 0x52, 0x41, 0x53, 0x20, 0x50, 0x52, 
	0x45, 0x43, 0x49, 0x4f, 0x53, 0x41, 0x53, 0x20, 0x42, 0x41, 0x4e, 0x41, 0x4e, 0x41, 0x53, 0x20, 
	0x44, 0x4f, 0x52, 0x41, 0x44, 0x41, 0x53, 0x2e, 0x50, 0x4f, 0x44, 0xc9, 0x49, 0x53, 0x20, 0x56, 
	0x45, 0x4e, 0x49, 0x52, 0x20, 0x41, 0x20, 0x56, 0x45, 0x52, 0x4d, 0x45, 0x20, 0x44, 0x4f, 0x4e, 
	0x44, 0x45, 0x20, 0x56, 0x45, 0xc1, 0x49, 0x53, 0x20, 0x4d, 0x49, 0x20, 0x43, 0x41, 0x52, 0x41, 
	0x2e, 0x4e, 0x4f, 0x20, 0x53, 0x45, 0xc1, 0x49, 0x53, 0x20, 0x54, 0xcd, 0x4d, 0x49, 0x44, 0x4f, 
	0x53, 0x20, 0x41, 0x48, 0x4f, 0x52, 0x41, 0x2c, 0x20, 0x51, 0x55, 0x45, 0x52, 0x49, 0x44, 0x4f, 
	0x53, 0x2e, 0x43, 0x4f, 0x4e, 0x53, 0x49, 0x47, 0x55, 0x45, 0x20, 0x45, 0x4c, 0x20, 0x45, 0x53, 
	0x43, 0x55, 0x50, 0x45, 0x43, 0x4f, 0x43, 0x4f, 0x53, 0x20, 0x44, 0x45, 0x20, 0x44, 0x4b, 0x20, 
	0x45, 0x4e, 0x20, 0x4c, 0x41, 0x20, 0x54, 0x49, 0x45, 0x4e, 0x44, 0x41, 0x20, 0x44, 0x45, 0x20, 
	0x46, 0x55, 0x4e, 0x4b, 0x59, 0x20, 0x59, 0x20, 0x55, 0x54, 0x49, 0x4c, 0xcd, 0x5a, 0x41, 0x4c, 
	0x4f, 0x20, 0x50, 0x41, 0x52, 0x41, 0x20, 0x44, 0x49, 0x53, 0x50, 0x41, 0x52, 0x41, 0x52, 0x20, 
	0x41, 0x20, 0x4c, 0x4f, 0x53, 0x20, 0x49, 0x4e, 0x54, 0x45, 0x52, 0x52, 0x55, 0x50, 0x54, 0x4f, 
	0x52, 0x45, 0x53, 0x20, 0x44, 0x45, 0x20, 0x43, 0x4f, 0x43, 0x4f, 0x2e, 0x44, 0x49, 0x53, 0x50, 
	0x41, 0x52, 0x41, 0x20, 0x41, 0x4c, 0x20, 0x49, 0x4e, 0x54, 0x45, 0x52, 0x52, 0x55, 0x50, 0x54, 
	0x4f, 0x52, 0x20, 0x53, 0x4f, 0x42, 0x52, 0x45, 0x20, 0x4c, 0x41, 0x20, 0x56, 0x41, 0x47, 0x4f, 
	0x4e, 0x45, 0x54, 0x41, 0x20, 0x47, 0x49, 0x47, 0x41, 0x4e, 0x54, 0x45, 0x20, 0x50, 0x41, 0x52, 
	0x41, 0x20, 0x43, 0x4f, 0x4d, 0x50, 0x4c, 0x45, 0x54, 0x41, 0x52, 0x20, 0x45, 0x4c, 0x20, 0x52, 
	0x45, 0x43, 0x4f, 0x52, 0x52, 0x49, 0x44, 0x4f, 0x20, 0x44, 0x45, 0x20, 0x44, 0x49, 0x44, 0x44, 
	0x59, 0x20, 0x45, 0x4e, 0x20, 0x4c, 0x41, 0x20, 0x4d, 0x49, 0x4e, 0x41, 0x2e, 0x55, 0x54, 0x49, 
	0x4c, 0x49, 0x5a, 0x41, 0x20, 0x41, 0x20, 0x44, 0x49, 0x44, 0x44, 0x59, 0x20, 0x50, 0x41, 0x52, 
	0x41, 0x20, 0x41, 0x42, 0x52, 0x49, 0x52, 0x20, 0x4c, 0x41, 0x20, 0x50, 0x55, 0x45, 0x52, 0x54, 
	0x41, 0x20, 0x44, 0x45, 0x20, 0x4c, 0x41, 0x20, 0x43, 0x55, 0x45, 0x56, 0x41, 0x20, 0x44, 0x45, 
	0x20, 0x4c, 0x41, 0x4e, 0x4b, 0x59, 0x2e, 0x20, 0x55, 0x4e, 0x41, 0x20, 0x56, 0x45, 0x5a, 0x20, 
	0x44, 0x45, 0x4e, 0x54, 0x52, 0x4f, 0x2c, 0x20, 0x47, 0x4f, 0x4c, 0x50, 0x45, 0x41, 0x20, 0x53, 
	0x41, 0x4c, 0x54, 0x41, 0x4e, 0x44, 0x4f, 0x20, 0x4c, 0x4f, 0x53, 0x20, 0x54, 0x4f, 0x43, 0x4f, 
	0x4e, 0x45, 0x53, 0x20, 0x59, 0x20, 0x44, 0x45, 0x52, 0x52, 0x49, 0x42, 0x41, 0x20, 0x41, 0x20, 
	0x4c, 0x4f, 0x53, 0x20, 0x5a, 0x49, 0x4e, 0x47, 0x45, 0x52, 0x53, 0x2e, 0x56, 0x45, 0x20, 0x41, 
	0x20, 0x56, 0x45, 0x52, 0x20, 0x41, 0x20, 0x43, 0x52, 0x41, 0x4e, 0x4b, 0x59, 0x2c, 0x20, 0x4f, 
	0x20, 0x54, 0x49, 0x4e, 0x59, 0x20, 0x53, 0x45, 0x52, 0xc1, 0x20, 0x49, 0x4e, 0x43, 0x41, 0x50, 
	0x41, 0x5a, 0x20, 0x44, 0x45, 0x20, 0x4d, 0x45, 0x54, 0x45, 0x52, 0x53, 0x45, 0x20, 0x45, 0x4e, 
	0x20, 0x45, 0x4c, 0x20, 0x54, 0x52, 0x4f, 0x4e, 0x43, 0x4f, 0x20, 0x44, 0x45, 0x4c, 0x20, 0xc1, 
	0x52, 0x42, 0x4f, 0x4c, 0x2e, 0x56, 0x45, 0x52, 0xc1, 0x53, 0x20, 0x55, 0x4e, 0x41, 0x20, 0x58, 
	0x20, 0x51, 0x55, 0x45, 0x20, 0x50, 0x45, 0x52, 0x4d, 0x49, 0x54, 0x45, 0x20, 0x41, 0x20, 0x43, 
	0x48, 0x55, 0x4e, 0x4b, 0x59, 0x20, 0x55, 0x54, 0x49, 0x4c, 0x49, 0x5a, 0x41, 0x52, 0x20, 0x53, 
	0x55, 0x20, 0x50, 0x45, 0x53, 0x4f, 0x2e, 0x4c, 0x49, 0x42, 0x45, 0x52, 0x41, 0x20, 0x41, 0x20, 
	0x4c, 0x41, 0x20, 0x4c, 0x4c, 0x41, 0x4d, 0x41, 0x20, 0x43, 0x4f, 0x4d, 0x50, 0x4c, 0x45, 0x54, 
	0x41, 0x4e, 0x44, 0x4f, 0x20, 0x45, 0x4c, 0x20, 0x42, 0x41, 0x52, 0x52, 0x49, 0x4c, 0x20, 0x42, 
	0x4f, 0x4d, 0x42, 0x41, 0x20, 0x44, 0x45, 0x20, 0x44, 0x4f, 0x4e, 0x4b, 0x45, 0x59, 0x2e, 0x47, 
	0x4f, 0x4c, 0x50, 0x45, 0x41, 0x20, 0x4c, 0x4f, 0x53, 0x20, 0x47, 0x4f, 0x4e, 0x47, 0x53, 0x20, 
	0x43, 0x4f, 0x4e, 0x20, 0x4c, 0x41, 0x20, 0x43, 0x41, 0x52, 0x47, 0x41, 0x20, 0x43, 0x48, 0x49, 
	0x4d, 0x50, 0x59, 0x20, 0x44, 0x45, 0x20, 0x44, 0x49, 0x44, 0x44, 0x59, 0x20, 0x50, 0x41, 0x52, 
	0x41, 0x20, 0x45, 0x4e, 0x43, 0x4f, 0x4e, 0x54, 0x52, 0x41, 0x52, 0x20, 0x53, 0x4f, 0x52, 0x50, 
	0x52, 0x45, 0x53, 0x41, 0x53, 0x20, 0x4f, 0x43, 0x55, 0x4c, 0x54, 0x41, 0x53, 0x2e, 0x45, 0x4d, 
	0x50, 0x41, 0x52, 0x45, 0x4a, 0x41, 0x20, 0x4c, 0x4f, 0x53, 0x20, 0x53, 0x4f, 0x4e, 0x49, 0x44, 
	0x4f, 0x53, 0x20, 0x43, 0x4f, 0x4e, 0x20, 0x4c, 0x41, 0x4e, 0x4b, 0x59, 0x20, 0x41, 0x4c, 0x20, 
	0x46, 0x4f, 0x4e, 0x44, 0x4f, 0x20, 0x44, 0x45, 0x4c, 0x20, 0x54, 0x45, 0x4d, 0x50, 0x4c, 0x4f, 
	0x20, 0x44, 0x45, 0x20, 0x4c, 0x41, 0x20, 0x4c, 0x4c, 0x41, 0x4d, 0x41, 0x2e, 0x54, 0x49, 0x4e, 
	0x59, 0x20, 0x53, 0x45, 0x20, 0x44, 0x45, 0x42, 0x45, 0x20, 0x48, 0x41, 0x43, 0x45, 0x52, 0x20, 
	0x50, 0x45, 0x51, 0x55, 0x45, 0xd1, 0x41, 0x20, 0x50, 0x41, 0x52, 0x41, 0x20, 0x54, 0x4f, 0x43, 
	0x41, 0x52, 0x20, 0x53, 0x55, 0x20, 0x42, 0x41, 0x4c, 0x41, 0x44, 0x41, 0x20, 0x43, 0x45, 0x52, 
	0x43, 0x41, 0x20, 0x44, 0x45, 0x20, 0x4c, 0x4f, 0x53, 0x20, 0x43, 0x55, 0x41, 0x54, 0x52, 0x4f, 
	0x20, 0x47, 0x4f, 0x4e, 0x47, 0x53, 0x2e, 0x45, 0x4d, 0x50, 0x41, 0x52, 0x45, 0x4a, 0x41, 0x20, 
	0x4c, 0x4f, 0x53, 0x20, 0x53, 0xcd, 0x4d, 0x42, 0x4f, 0x4c, 0x4f, 0x53, 0x20, 0x59, 0x20, 0x50, 
	0x4f, 0x4e, 0x20, 0x4c, 0x41, 0x53, 0x20, 0x4a, 0x41, 0x52, 0x52, 0x41, 0x53, 0x20, 0x45, 0x4e, 
	0x20, 0x4c, 0x4f, 0x53, 0x20, 0x50, 0x4f, 0x44, 0x49, 0x4f, 0x53, 0x20, 0x43, 0x4f, 0x4e, 0x20, 
	0x43, 0x48, 0x55, 0x4e, 0x4b, 0x59, 0x20, 0x43, 0x45, 0x52, 0x43, 0x41, 0x20, 0x44, 0x45, 0x4c, 
	0x20, 0x43, 0x4f, 0x4d, 0x49, 0x45, 0x4e, 0x5a, 0x4f, 0x2e, 0x44, 0x4f, 0x4e, 0x4b, 0x45, 0x59, 
	0x20, 0x44, 0x45, 0x42, 0x45, 0x20, 0x45, 0x53, 0x43, 0x41, 0x4c, 0x41, 0x52, 0x20, 0x41, 0x4c, 
	0x20, 0x50, 0x49, 0x53, 0x4f, 0x20, 0x44, 0x45, 0x20, 0x41, 0x52, 0x52, 0x49, 0x42, 0x41, 0x20, 
	0x53, 0x49, 0x20, 0x51, 0x55, 0x49, 0x45, 0x52, 0x45, 0x20, 0x44, 0x45, 0x56, 0x4f, 0x4c, 0x56, 
	0x45, 0x52, 0x4c, 0x45, 0x20, 0x4c, 0x41, 0x20, 0x56, 0x49, 0x44, 0x41, 0x20, 0x41, 0x20, 0x4c, 
	0x41, 0x20, 0x46, 0xc1, 0x42, 0x52, 0x49, 0x43, 0x41, 0x2e, 0x45, 0x4c, 0x20, 0x53, 0x41, 0x4c, 
	0x54, 0x4f, 0x20, 0x53, 0x49, 0x4d, 0x49, 0x45, 0x53, 0x43, 0x4f, 0x20, 0x44, 0x45, 0x20, 0x43, 
	0x52, 0x41, 0x4e, 0x4b, 0x59, 0x20, 0x50, 0x45, 0x52, 0x4d, 0x49, 0x54, 0x49, 0x52, 0xc1, 0x20, 
	0x41, 0x20, 0x44, 0x49, 0x44, 0x44, 0x59, 0x20, 0x53, 0x41, 0x4c, 0x54, 0x41, 0x52, 0x20, 0x41, 
	0x20, 0x4c, 0x4f, 0x20, 0x41, 0x4c, 0x54, 0x4f, 0x20, 0x44, 0x45, 0x20, 0x4c, 0x4f, 0x53, 0x20, 
	0x42, 0x4c, 0x4f, 0x51, 0x55, 0x45, 0x53, 0x20, 0x41, 0x42, 0x43, 0x2e, 0x45, 0x4c, 0x20, 0x4f, 
	0x52, 0x41, 0x4e, 0x47, 0x55, 0x4e, 0x50, 0x49, 0x4e, 0x4f, 0x20, 0x44, 0x45, 0x20, 0x4c, 0x41, 
	0x4e, 0x4b, 0x59, 0x20, 0x48, 0x41, 0x52, 0xc1, 0x20, 0x51, 0x55, 0x45, 0x20, 0x43, 0x48, 0x55, 
	0x4e, 0x4b, 0x59, 0x20, 0x56, 0x55, 0x45, 0x4c, 0x56, 0x41, 0x20, 0x41, 0x20, 0x45, 0x53, 0x54, 
	0x41, 0x52, 0x20, 0x53, 0x4f, 0x42, 0x52, 0x45, 0x20, 0x54, 0x49, 0x45, 0x52, 0x52, 0x41, 0x20, 
	0x46, 0x49, 0x52, 0x4d, 0x45, 0x2e, 0x43, 0x52, 0x41, 0x4e, 0x4b, 0x59, 0x20, 0x50, 0x55, 0x45, 
	0x44, 0x45, 0x20, 0x41, 0x59, 0x55, 0x44, 0x41, 0x52, 0x20, 0x41, 0x20, 0x54, 0x49, 0x4e, 0x59, 
	0x20, 0x41, 0x20, 0x56, 0x45, 0x4e, 0x43, 0x45, 0x52, 0x20, 0x41, 0x20, 0x4c, 0x41, 0x20, 0x43, 
	0x41, 0x4a, 0x41, 0x20, 0x47, 0x49, 0x47, 0x41, 0x4e, 0x54, 0x45, 0x20, 0x45, 0x4c, 0xc1, 0x53, 
	0x54, 0x49, 0x43, 0x41, 0x2e, 0x50, 0x52, 0x55, 0x45, 0x42, 0x41, 0x20, 0x4c, 0x41, 0x20, 0x52, 
	0x45, 0x53, 0x49, 0x53, 0x54, 0x45, 0x4e, 0x43, 0x49, 0x41, 0x20, 0x44, 0x45, 0x20, 0x4c, 0x41, 
	0x53, 0x20, 0x50, 0x55, 0x45, 0x52, 0x54, 0x41, 0x53, 0x20, 0x44, 0x45, 0x20, 0x4b, 0x2e, 0x52, 
	0x4f, 0x4f, 0x4c, 0x20, 0x43, 0x4f, 0x4e, 0x20, 0x45, 0x4c, 0x20, 0x50, 0x55, 0xd1, 0x45, 0x54, 
	0x41, 0x5a, 0x4f, 0x20, 0x50, 0x52, 0x49, 0x4d, 0x41, 0x54, 0x45, 0x20, 0x44, 0x45, 0x20, 0x43, 
	0x48, 0x55, 0x4e, 0x4b, 0x59, 0x2e, 0x44, 0x45, 0x53, 0x50, 0x55, 0xc9, 0x53, 0x20, 0x44, 0x45, 
	0x20, 0x4c, 0x49, 0x42, 0x45, 0x52, 0x41, 0x52, 0x20, 0x41, 0x20, 0x4c, 0x41, 0x20, 0x46, 0x4f, 
	0x43, 0x41, 0x2c, 0x20, 0x4c, 0x41, 0x20, 0x45, 0x4e, 0x43, 0x4f, 0x4e, 0x54, 0x52, 0x41, 0x52, 
	0xc1, 0x53, 0x20, 0x45, 0x53, 0x50, 0x45, 0x52, 0x41, 0x4e, 0x44, 0x4f, 0x20, 0x41, 0x20, 0x44, 
	0x4b, 0x20, 0x4a, 0x55, 0x4e, 0x54, 0x4f, 0x20, 0x41, 0x20, 0x43, 0x41, 0x4e, 0x44, 0x59, 0x2e, 
	0xa1, 0x43, 0x55, 0x41, 0x4e, 0x44, 0x4f, 0x20, 0x45, 0x4c, 0x20, 0x42, 0x41, 0x52, 0x43, 0x4f, 
	0x20, 0x45, 0x4e, 0x54, 0x52, 0x45, 0x2c, 0x20, 0x53, 0x55, 0x42, 0x45, 0x20, 0x41, 0x20, 0x42, 
	0x4f, 0x52, 0x44, 0x4f, 0x20, 0x43, 0x4f, 0x4e, 0x20, 0x44, 0x49, 0x44, 0x44, 0x59, 0x20, 0x59, 
	0x20, 0x44, 0x49, 0x53, 0x50, 0x41, 0x52, 0x41, 0x20, 0x45, 0x4c, 0x20, 0x43, 0x41, 0xd1, 0xd3, 
	0x4e, 0x21, 0xa1, 0x53, 0x41, 0x4c, 0x54, 0x41, 0x20, 0x50, 0x4f, 0x52, 0x20, 0x4c, 0x41, 0x20, 
	0x45, 0x53, 0x54, 0x52, 0x45, 0x4c, 0x4c, 0x41, 0x20, 0x43, 0x4f, 0x4e, 0x20, 0x45, 0x4e, 0x47, 
	0x55, 0x41, 0x52, 0x44, 0x45, 0x20, 0x59, 0x20, 0x45, 0x4c, 0x20, 0x41, 0x52, 0x43, 0x41, 0x20, 
	0x44, 0x45, 0x4c, 0x20, 0x54, 0x45, 0x53, 0x4f, 0x52, 0x4f, 0x20, 0x53, 0x45, 0x20, 0x41, 0x42, 
	0x52, 0x49, 0x52, 0xc1, 0x21, 0x42, 0x55, 0x43, 0x45, 0x41, 0x20, 0x48, 0x41, 0x53, 0x54, 0x41, 
	0x20, 0x45, 0x4c, 0x20, 0x53, 0x55, 0x42, 0x4d, 0x41, 0x52, 0x49, 0x4e, 0x4f, 0x20, 0x43, 0x45, 
	0x52, 0x43, 0x41, 0x20, 0x44, 0x45, 0x20, 0x46, 0x55, 0x4e, 0x4b, 0x59, 0x20, 0x45, 0x20, 0x49, 
	0x4e, 0x54, 0x45, 0x4e, 0x54, 0x41, 0x20, 0x51, 0x55, 0x45, 0x20, 0x54, 0x49, 0x4e, 0x59, 0x20, 
	0x45, 0x4e, 0x43, 0x55, 0x45, 0x4e, 0x54, 0x52, 0x45, 0x20, 0x45, 0x4c, 0x20, 0x43, 0x41, 0x4d, 
	0x49, 0x4e, 0x4f, 0x20, 0x44, 0x45, 0x20, 0x45, 0x4e, 0x54, 0x52, 0x41, 0x44, 0x41, 0x2e, 0x43, 
	0x48, 0x55, 0x4e, 0x4b, 0x59, 0x20, 0x4e, 0x4f, 0x20, 0x4e, 0x45, 0x43, 0x45, 0x53, 0x49, 0x54, 
	0x41, 0x20, 0x55, 0x4e, 0x41, 0x20, 0x4c, 0x4c, 0x41, 0x56, 0x45, 0x20, 0x50, 0x41, 0x52, 0x41, 
	0x20, 0x41, 0x42, 0x52, 0x49, 0x52, 0x20, 0x4c, 0x4f, 0x53, 0x20, 0x43, 0x4f, 0x46, 0x52, 0x45, 
	0x53, 0x20, 0x4a, 0x55, 0x4e, 0x54, 0x4f, 0x20, 0x41, 0x4c, 0x20, 0x4c, 0x41, 0x42, 0x4f, 0x52, 
	0x41, 0x54, 0x4f, 0x52, 0x49, 0x4f, 0x20, 0x44, 0x45, 0x20, 0x43, 0x52, 0x41, 0x4e, 0x4b, 0x59, 
	0x2e, 0x32, 0x31, 0x31, 0x33, 0x32, 0x20, 0x45, 0x53, 0x20, 0x55, 0x4e, 0x20, 0x4e, 0xda, 0x4d, 
	0x45, 0x52, 0x4f, 0x20, 0x51, 0x55, 0x45, 0x20, 0x51, 0x55, 0x49, 0x5a, 0xc1, 0x20, 0x44, 0x4b, 
	0x20, 0x45, 0x4e, 0x43, 0x55, 0x45, 0x4e, 0x54, 0x52, 0x45, 0x20, 0xda, 0x54, 0x49, 0x4c, 0x2e, 
	0x44, 0x41, 0x54, 0x45, 0x20, 0x55, 0x4e, 0x20, 0x50, 0x41, 0x53, 0x45, 0x4f, 0x20, 0x41, 0xc9, 
	0x52, 0x45, 0x4f, 0x20, 0x48, 0x41, 0x53, 0x54, 0x41, 0x20, 0x4c, 0x4f, 0x20, 0x41, 0x4c, 0x54, 
	0x4f, 0x20, 0x44, 0x45, 0x20, 0x4c, 0x41, 0x20, 0x53, 0x45, 0x54, 0x41, 0x20, 0x47, 0x49, 0x47, 
	0x41, 0x4e, 0x54, 0x45, 0x20, 0x43, 0x4f, 0x4e, 0x20, 0x44, 0x49, 0x44, 0x44, 0x59, 0x2e, 0x4c, 
	0x4f, 0x53, 0x20, 0x43, 0x4f, 0x4c, 0x4f, 0x52, 0x45, 0x53, 0x20, 0x44, 0x45, 0x20, 0x42, 0x41, 
	0x4e, 0x41, 0x4e, 0x41, 0x20, 0x44, 0x41, 0x52, 0xc1, 0x4e, 0x20, 0x41, 0x20, 0x4c, 0x41, 0x4e, 
	0x4b, 0x59, 0x20, 0x55, 0x4e, 0x41, 0x20, 0x50, 0x49, 0x53, 0x54, 0x41, 0x20, 0x45, 0x4e, 0x20, 
	0x55, 0x4e, 0x41, 0x20, 0x44, 0x45, 0x20, 0x53, 0x55, 0x53, 0x20, 0x48, 0x41, 0x42, 0x49, 0x54, 
	0x41, 0x43, 0x49, 0x4f, 0x4e, 0x45, 0x53, 0x20, 0x45, 0x4e, 0x20, 0x4c, 0x4f, 0x20, 0x41, 0x4c, 
	0x54, 0x4f, 0x20, 0x44, 0x45, 0x20, 0x4c, 0x41, 0x20, 0x53, 0x45, 0x54, 0x41, 0x20, 0x47, 0x49, 
	0x47, 0x41, 0x4e, 0x54, 0x45, 0x2e, 0x54, 0x49, 0x4e, 0x59, 0x20, 0x4e, 0x45, 0x43, 0x45, 0x53, 
	0x49, 0x54, 0x41, 0x52, 0xc1, 0x20, 0x4c, 0x41, 0x20, 0x41, 0x59, 0x55, 0x44, 0x41, 0x20, 0x44, 
	0x45, 0x20, 0x43, 0x48, 0x55, 0x4e, 0x4b, 0x59, 0x20, 0x50, 0x41, 0x52, 0x41, 0x20, 0x45, 0x4e, 
	0x54, 0x52, 0x41, 0x52, 0x20, 0x41, 0x4c, 0x20, 0x47, 0x52, 0x41, 0x4e, 0x45, 0x52, 0x4f, 0x20, 
	0x43, 0x55, 0x41, 0x4e, 0x44, 0x4f, 0x20, 0x41, 0x4e, 0x4f, 0x43, 0x48, 0x45, 0x5a, 0x43, 0x41, 
	0x2e, 0x4e, 0x4f, 0x20, 0x54, 0x49, 0x52, 0x45, 0x53, 0x20, 0x55, 0x4e, 0x41, 0x20, 0x4d, 0x4f, 
	0x4e, 0x45, 0x44, 0x41, 0x20, 0x45, 0x4e, 0x20, 0x45, 0x4c, 0x20, 0x50, 0x4f, 0x5a, 0x4f, 0x2e, 
	0x2e, 0x2e, 0x20, 0xa1, 0x54, 0x49, 0x52, 0x41, 0x20, 0x41, 0x20, 0x43, 0x48, 0x55, 0x4e, 0x4b, 
	0x59, 0x20, 0x45, 0x4e, 0x20, 0x53, 0x55, 0x20, 0x4c, 0x55, 0x47, 0x41, 0x52, 0x21, 0x45, 0x4d, 
	0x50, 0x41, 0x52, 0x45, 0x4a, 0x41, 0x20, 0x4c, 0x41, 0x53, 0x20, 0x49, 0x4d, 0xc1, 0x47, 0x45, 
	0x4e, 0x45, 0x53, 0x20, 0x43, 0x4f, 0x4e, 0x20, 0x44, 0x4b, 0x20, 0x45, 0x4e, 0x20, 0x53, 0x55, 
	0x20, 0x43, 0x41, 0x42, 0x41, 0xd1, 0x41, 0x20, 0x4a, 0x55, 0x4e, 0x54, 0x4f, 0x20, 0x41, 0x20, 
	0x43, 0x41, 0x4e, 0x44, 0x59, 0x2e, 0x53, 0x49, 0x20, 0x44, 0x49, 0x44, 0x44, 0x59, 0x20, 0x50, 
	0x55, 0x45, 0x44, 0x45, 0x20, 0x56, 0x4f, 0x4c, 0x41, 0x52, 0x20, 0x50, 0x4f, 0x52, 0x20, 0x4c, 
	0x41, 0x20, 0x45, 0x53, 0x54, 0x52, 0x45, 0x4c, 0x4c, 0x41, 0x2c, 0x20, 0x41, 0x50, 0x41, 0x52, 
	0x45, 0x43, 0x45, 0x52, 0xc1, 0x4e, 0x20, 0x4c, 0x41, 0x53, 0x20, 0x43, 0x48, 0x41, 0x50, 0x41, 
	0x53, 0x20, 0x44, 0x45, 0x20, 0x45, 0x4e, 0x54, 0x52, 0x41, 0x44, 0x41, 0x2e, 0x46, 0x4c, 0x4f, 
	0x54, 0x41, 0x20, 0x48, 0x41, 0x53, 0x54, 0x41, 0x20, 0x4c, 0x4f, 0x20, 0x41, 0x4c, 0x54, 0x4f, 
	0x20, 0x44, 0x45, 0x4c, 0x20, 0x43, 0x41, 0x53, 0x54, 0x49, 0x4c, 0x4c, 0x4f, 0x20, 0x44, 0x45, 
	0x20, 0x48, 0x49, 0x45, 0x4c, 0x4f, 0x20, 0x50, 0x41, 0x52, 0x41, 0x20, 0x4c, 0x41, 0x20, 0x52, 
	0x45, 0x56, 0x41, 0x4e, 0x43, 0x48, 0x41, 0x20, 0x43, 0x4f, 0x4e, 0x20, 0x45, 0x4c, 0x20, 0x56, 
	0x45, 0x4c, 0x4f, 0x5a, 0x20, 0x45, 0x53, 0x43, 0x41, 0x52, 0x41, 0x42, 0x41, 0x4a, 0x4f, 0x2e, 
	0x54, 0x49, 0x4e, 0x59, 0x20, 0x4e, 0x45, 0x43, 0x45, 0x53, 0x49, 0x54, 0x41, 0x52, 0xc1, 0x20, 
	0x45, 0x4c, 0x20, 0x50, 0x52, 0x49, 0x4d, 0x41, 0x54, 0x45, 0x50, 0x4f, 0x52, 0x54, 0x20, 0x41, 
	0x4e, 0x54, 0x45, 0x53, 0x20, 0x44, 0x45, 0x20, 0x43, 0x4f, 0x4e, 0x53, 0x45, 0x47, 0x55, 0x49, 
	0x52, 0x20, 0x4c, 0x41, 0x20, 0x42, 0x41, 0x4e, 0x41, 0x4e, 0x41, 0x20, 0x42, 0x41, 0x4a, 0x4f, 
	0x20, 0x45, 0x4c, 0x20, 0x49, 0x47, 0x4c, 0xda, 0x2e, 0x43, 0x48, 0x55, 0x4e, 0x4b, 0x59, 0x20, 
	0x53, 0x45, 0x20, 0x4c, 0x4f, 0x20, 0x50, 0x41, 0x53, 0x41, 0x52, 0xc1, 0x20, 0x42, 0x4f, 0x4d, 
	0x42, 0x41, 0x20, 0x43, 0x4f, 0x4e, 0x20, 0x4c, 0x4f, 0x53, 0x20, 0x4d, 0x55, 0x52, 0x4f, 0x53, 
	0x20, 0x44, 0x45, 0x20, 0x48, 0x49, 0x45, 0x4c, 0x4f, 0x2e, 0x54, 0x49, 0x52, 0x41, 0x20, 0x44, 
	0x45, 0x20, 0x4c, 0x41, 0x53, 0x20, 0x50, 0x41, 0x4c, 0x41, 0x4e, 0x43, 0x41, 0x53, 0x20, 0x44, 
	0x45, 0x20, 0x41, 0x42, 0x41, 0x4a, 0x4f, 0x20, 0x41, 0x20, 0x4c, 0x41, 0x20, 0x49, 0x5a, 0x51, 
	0x55, 0x49, 0x45, 0x52, 0x44, 0x41, 0x2c, 0x20, 0x41, 0x52, 0x52, 0x49, 0x42, 0x41, 0x20, 0x41, 
	0x20, 0x4c, 0x41, 0x20, 0x44, 0x45, 0x52, 0x45, 0x43, 0x48, 0x41, 0x20, 0x59, 0x20, 0x41, 0x52, 
	0x52, 0x49, 0x42, 0x41, 0x20, 0x41, 0x20, 0x4c, 0x41, 0x20, 0x49, 0x5a, 0x51, 0x55, 0x49, 0x45, 
	0x52, 0x44, 0x41, 0x20, 0x45, 0x4e, 0x20, 0x4f, 0x52, 0x44, 0x45, 0x4e, 0x20, 0x49, 0x4e, 0x56, 
	0x45, 0x52, 0x53, 0x4f, 0x20, 0x50, 0x41, 0x52, 0x41, 0x20, 0x41, 0x42, 0x52, 0x49, 0x52, 0x20, 
	0x45, 0x4c, 0x20, 0x43, 0x41, 0x4d, 0x49, 0x4e, 0x4f, 0x20, 0x50, 0x41, 0x52, 0x41, 0x20, 0x44, 
	0x4b, 0x2e, 0x45, 0x58, 0x4f, 0x52, 0x54, 0x49, 0x5a, 0x41, 0x20, 0x45, 0x4c, 0x20, 0x53, 0x41, 
	0x4c, 0xd3, 0x4e, 0x2c, 0x20, 0x4c, 0x55, 0x45, 0x47, 0x4f, 0x20, 0x45, 0x4e, 0x43, 0x49, 0x45, 
	0x4e, 0x44, 0x45, 0x20, 0x4c, 0x41, 0x53, 0x20, 0x56, 0x45, 0x4c, 0x41, 0x53, 0x20, 0x43, 0x4f, 
	0x4e, 0x20, 0x44, 0x49, 0x44, 0x44, 0x59, 0x2e, 0x4c, 0x41, 0x4e, 0x4b, 0x59, 0x20, 0x4e, 0x45, 
	0x43, 0x45, 0x53, 0x49, 0x54, 0x41, 0x52, 0xc1, 0x20, 0x4c, 0x41, 0x20, 0xda, 0x4c, 0x54, 0x49, 
	0x4d, 0x41, 0x20, 0x4d, 0x45, 0x4a, 0x4f, 0x52, 0x41, 0x20, 0x44, 0x45, 0x20, 0x46, 0x55, 0x4e, 
	0x4b, 0x59, 0x20, 0x41, 0x4e, 0x54, 0x45, 0x53, 0x20, 0x44, 0x45, 0x20, 0x45, 0x4e, 0x54, 0x52, 
	0x41, 0x52, 0x20, 0x41, 0x20, 0x4c, 0x41, 0x20, 0x54, 0x4f, 0x52, 0x52, 0x45, 0x20, 0x4d, 0xc1, 
	0x53, 0x20, 0x41, 0x4c, 0x54, 0x41, 0x2e, 0x4d, 0x45, 0x54, 0x45, 0x20, 0x41, 0x20, 0x54, 0x49, 
	0x4e, 0x59, 0x20, 0x45, 0x4e, 0x20, 0x45, 0x4c, 0x20, 0x53, 0x41, 0x4c, 0xd3, 0x4e, 0x2c, 0x20, 
	0x4c, 0x55, 0x45, 0x47, 0x4f, 0x20, 0x55, 0x53, 0x41, 0x20, 0x45, 0x4c, 0x20, 0x50, 0x52, 0x49, 
	0x4d, 0x41, 0x54, 0x45, 0x50, 0x4f, 0x52, 0x54, 0x20, 0x45, 0x4e, 0x20, 0x45, 0x4c, 0x20, 0x4d, 
	0x55, 0x53, 0x45, 0x4f, 0x2e, 0x53, 0x49, 0x20, 0x54, 0x4f, 0x44, 0x4f, 0x20, 0x4c, 0x4f, 0x20, 
	0x44, 0x45, 0x4d, 0xc1, 0x53, 0x20, 0x46, 0x41, 0x4c, 0x4c, 0x41, 0x2c, 0x20, 0x51, 0x55, 0x45, 
	0x20, 0x43, 0x48, 0x55, 0x4e, 0x4b, 0x59, 0x20, 0x4c, 0x4f, 0x20, 0x47, 0x4f, 0x4c, 0x50, 0x45, 
	0x45, 0x2e, 
};
u8 text_42[] = {
	0xc, 0x1, 0x1, 0x1, 0x0, 0x0, 0x0, 0x0, 0x0, 0x6, 0x0, 0x0, 0x0, 0x0, 0x0, 0x0, 
	0x1, 0x1, 0x1, 0x0, 0x0, 0x0, 0x6, 0x0, 0x6, 0x0, 0x0, 0x0, 0x0, 0x0, 0x0, 0x1, 
	0x1, 0x1, 0x0, 0x0, 0x0, 0xc, 0x0, 0x7, 0x0, 0x0, 0x0, 0x0, 0x0, 0x0, 0x1, 0x1, 
	0x1, 0x0, 0x0, 0x0, 0x13, 0x0, 0x15, 0x0, 0x0, 0x0, 0x0, 0x0, 0x0, 0x1, 0x1, 0x1, 
	0x0, 0x0, 0x0, 0x28, 0x0, 0x10, 0x0, 0x0, 0x0, 0x0, 0x0, 0x0, 0x1, 0x1, 0x1, 0x0, 
	0x0, 0x0, 0x38, 0x0, 0x10, 0x0, 0x0, 0x0, 0x0, 0x0, 0x0, 0x1, 0x1, 0x1, 0x0, 0x0, 
	0x0, 0x48, 0x0, 0x12, 0x0, 0x0, 0x0, 0x0, 0x0, 0x0, 0x1, 0x1, 0x1, 0x0, 0x0, 0x0, 
	0x5a, 0x0, 0x11, 0x0, 0x0, 0x0, 0x0, 0x0, 0x0, 0x1, 0x1, 0x1, 0x0, 0x0, 0x0, 0x6b, 
	0x0, 0x10, 0x0, 0x0, 0x0, 0x0, 0x0, 0x0, 0x1, 0x1, 0x1, 0x0, 0x0, 0x0, 0x7b, 0x0, 
	0x12, 0x0, 0x0, 0x0, 0x0, 0x0, 0x0, 0x1, 0x1, 0x1, 0x0, 0x0, 0x0, 0x8d, 0x0, 0x14, 
	0x0, 0x0, 0x0, 0x0, 0x0, 0x0, 0x1, 0x1, 0x1, 0x0, 0x0, 0x0, 0xa1, 0x0, 0x19, 0x0, 
	0x0, 0x0, 0x0, 0x0, 0x0, 0x0, 0xba, 0x50, 0x4c, 0x41, 0x4e, 0x4f, 0x53, 0x53, 0x41, 0x4c, 
	0x49, 0x44, 0x41, 0xa1, 0x42, 0x4f, 0x4e, 0x55, 0x53, 0x21, 0xa1, 0x4b, 0x41, 0x43, 0x48, 0x49, 
	0x50, 0x4f, 0x52, 0x52, 0x41, 0x20, 0x4b, 0x52, 0x45, 0x4d, 0x4c, 0x49, 0x4e, 0x47, 0x21, 0xa1, 
	0x42, 0x41, 0x52, 0x52, 0x49, 0x4c, 0x20, 0x42, 0x41, 0x4e, 0x44, 0x49, 0x44, 0x4f, 0x21, 0xa1, 
	0x43, 0x41, 0x53, 0x54, 0x4f, 0x52, 0x20, 0x43, 0x52, 0x45, 0x54, 0x49, 0x4e, 0x4f, 0x21, 0xa1, 
	0x50, 0x52, 0x4f, 0x59, 0x45, 0x43, 0x54, 0x4f, 0x52, 0x20, 0x50, 0x45, 0x44, 0x49, 0x44, 0x4f, 
	0x21, 0xa1, 0x4b, 0x4f, 0x4e, 0x47, 0x20, 0x4b, 0x41, 0x42, 0x45, 0x5a, 0x41, 0x4c, 0x4f, 0x4b, 
	0x41, 0x21, 0xa1, 0x43, 0x41, 0x4d, 0x49, 0x4e, 0x4f, 0x20, 0x43, 0x52, 0xcd, 0x54, 0x49, 0x43, 
	0x4f, 0x21, 0xa1, 0x42, 0x49, 0x43, 0x48, 0x41, 0x5a, 0x4f, 0x20, 0x42, 0x41, 0x54, 0x41, 0x4b, 
	0x41, 0x5a, 0x4f, 0x21, 0xa1, 0x54, 0x45, 0x4d, 0x42, 0x4c, 0x4f, 0x52, 0x4f, 0x53, 0x41, 0x20, 
	0x54, 0x4f, 0x52, 0x54, 0x55, 0x47, 0x41, 0x21, 0xbf, 0x54, 0x45, 0x20, 0x41, 0x50, 0x45, 0x54, 
	0x45, 0x43, 0x45, 0x20, 0x4f, 0x54, 0x52, 0x41, 0x20, 0x50, 0x41, 0x52, 0x54, 0x49, 0x44, 0x41, 
	0x3f, 
};
u8 *text_files[] = {
	&text_0[0],
	&text_1[0],
	&text_2[0],
	&text_3[0],
	&text_4[0],
	&text_5[0],
	&text_6[0],
	&text_7[0],
	&text_8[0],
	&text_9[0],
	&text_10[0],
	&text_11[0],
	&text_12[0],
	&text_13[0],
	&text_14[0],
	&text_15[0],
	&text_16[0],
	&text_17[0],
	&text_18[0],
	&text_19[0],
	&text_20[0],
	&text_21[0],
	&text_22[0],
	&text_23[0],
	&text_24[0],
	&text_25[0],
	&text_26[0],
	&text_27[0],
	&text_28[0],
	&text_29[0],
	&text_30[0],
	&text_31[0],
	&text_32[0],
	&text_33[0],
	&text_34[0],
	&text_35[0],
	&text_36[0],
	&text_37[0],
	&text_38[0],
	&text_39[0],
	&text_40[0],
	&text_41[0],
	&text_42[0],
};
u16 text_file_sizes[] = {
	0xb4f,
	0xe76,
	0x91,
	0x16f,
	0x1ab,
	0x169,
	0x132,
	0xb8c,
	0x1bee,
	0xb8b,
	0xfc,
	0x68d,
	0x78,
	0x7f,
	0x253,
	0x1e8,
	0xe74,
	0x344,
	0x1af,
	0xd56,
	0x340,
	0x164,
	0x245,
	0x1fa,
	0x115,
	0x438,
	0x324,
	0x391,
	0x26c,
	0x713,
	0x4f7,
	0xc7,
	0x44,
	0x1f5,
	0x331,
	0x4ef,
	0x2d7,
	0x9e4,
	0x11a,
	0x66b,
	0x16e,
	0xe12,
	0x171,
};
